scenario,controller,ctrl_key,seed,lost_time_sec,avg_wait_sec,p95_wait_sec,max_wait_sec,throughput_cpm,completed_cars,avg_queue_cars,max_queue_cars,fuel_liters,co2_kg,total_switches,avg_pedestrian_wait_sec,offered_load_rate,saturation_label,qaoa_ratios,qaoa_exact_hits
balanced,Fixed-Timing Baseline,fixed,100,2,118.42,221.0,259.0,129.3,1293,427.05,797.0,55.001,127.053,114,6.96,1.4,Oversaturated (Unbounded Queues),[],[]
balanced,Fixed-Timing Baseline,fixed,101,2,104.8,198.0,237.0,129.5,1295,361.6,701.0,46.484,107.378,114,7.64,1.4,Oversaturated (Unbounded Queues),[],[]
balanced,Fixed-Timing Baseline,fixed,102,2,113.96,216.0,265.0,128.2,1282,406.74,784.0,52.318,120.856,114,7.57,1.4,Oversaturated (Unbounded Queues),[],[]
balanced,Fixed-Timing Baseline,fixed,103,2,114.95,215.0,274.0,129.1,1291,399.85,730.0,51.625,119.253,114,9.16,1.4,Oversaturated (Unbounded Queues),[],[]
balanced,Fixed-Timing Baseline,fixed,104,2,113.23,215.0,259.0,130.5,1305,402.74,759.0,51.937,119.975,114,7.61,1.4,Oversaturated (Unbounded Queues),[],[]
balanced,Fixed-Timing Baseline,fixed,105,2,118.5,218.1,258.0,129.4,1294,424.12,785.0,54.749,126.47,114,6.27,1.4,Oversaturated (Unbounded Queues),[],[]
balanced,Fixed-Timing Baseline,fixed,106,2,112.12,200.0,249.0,129.1,1291,390.49,730.0,50.356,116.322,114,7.74,1.4,Oversaturated (Unbounded Queues),[],[]
balanced,Fixed-Timing Baseline,fixed,107,2,114.75,212.0,254.0,129.0,1290,404.9,761.0,52.299,120.811,114,6.27,1.4,Oversaturated (Unbounded Queues),[],[]
balanced,Fixed-Timing Baseline,fixed,108,2,114.19,218.0,271.0,128.6,1286,400.34,745.0,51.539,119.054,114,7.47,1.4,Oversaturated (Unbounded Queues),[],[]
balanced,Fixed-Timing Baseline,fixed,109,2,122.86,218.7,259.0,128.5,1285,437.65,782.0,56.433,130.361,114,7.69,1.4,Oversaturated (Unbounded Queues),[],[]
balanced,Fixed-Timing Baseline,fixed,110,2,111.25,206.0,248.0,129.6,1296,391.03,744.0,50.433,116.499,114,7.82,1.4,Oversaturated (Unbounded Queues),[],[]
balanced,Fixed-Timing Baseline,fixed,112,2,117.88,222.0,270.0,128.1,1281,421.18,794.0,54.33,125.503,114,7.58,1.4,Oversaturated (Unbounded Queues),[],[]
balanced,Fixed-Timing Baseline,fixed,111,2,112.95,210.95,253.0,129.6,1296,405.7,786.0,52.259,120.719,114,8.49,1.4,Oversaturated (Unbounded Queues),[],[]
balanced,Fixed-Timing Baseline,fixed,113,2,119.98,221.0,271.0,129.7,1297,435.54,816.0,56.338,130.141,114,7.66,1.4,Oversaturated (Unbounded Queues),[],[]
balanced,Fixed-Timing Baseline,fixed,114,2,116.72,210.0,258.0,129.3,1293,408.67,736.0,52.627,121.568,114,6.95,1.4,Oversaturated (Unbounded Queues),[],[]
balanced,Fixed-Timing Baseline,fixed,116,2,115.83,215.0,255.0,128.9,1289,417.7,805.0,53.901,124.511,114,9.31,1.4,Oversaturated (Unbounded Queues),[],[]
balanced,Fixed-Timing Baseline,fixed,115,2,119.77,217.0,258.0,128.1,1281,426.55,786.0,55.015,127.084,114,8.02,1.4,Oversaturated (Unbounded Queues),[],[]
balanced,Fixed (tuned),fixed,100,2,105.86,402.55,467.0,136.7,1367,398.11,726.0,49.167,113.575,114,9.29,1.4,Oversaturated (Unbounded Queues),[],[]
balanced,Fixed-Timing Baseline,fixed,118,2,120.77,220.0,253.0,129.1,1291,441.36,828.0,56.868,131.364,114,7.55,1.4,Oversaturated (Unbounded Queues),[],[]
balanced,Fixed (tuned),fixed,101,2,98.65,380.25,445.0,131.8,1318,356.05,679.0,43.756,101.076,114,9.26,1.4,Oversaturated (Unbounded Queues),[],[]
balanced,Fixed-Timing Baseline,fixed,117,2,122.01,216.0,262.0,128.8,1288,441.87,815.0,57.018,131.711,114,8.05,1.4,Oversaturated (Unbounded Queues),[],[]
balanced,Fixed (tuned),fixed,103,2,102.22,392.0,452.0,134.8,1348,372.97,675.0,45.908,106.048,114,10.21,1.4,Oversaturated (Unbounded Queues),[],[]
balanced,Fixed (tuned),fixed,102,2,105.26,381.0,448.0,133.2,1332,390.4,737.0,48.324,111.628,114,9.69,1.4,Oversaturated (Unbounded Queues),[],[]
balanced,Fixed-Timing Baseline,fixed,119,2,118.9,230.0,286.0,128.1,1281,424.08,792.0,54.773,126.526,114,7.24,1.4,Oversaturated (Unbounded Queues),[],[]
balanced,Fixed (tuned),fixed,104,2,101.29,390.0,456.0,136.5,1365,377.32,701.0,46.458,107.317,114,9.11,1.4,Oversaturated (Unbounded Queues),[],[]
balanced,Fixed (tuned),fixed,105,2,102.58,393.0,457.0,137.6,1376,384.27,705.0,47.394,109.481,114,8.59,1.4,Oversaturated (Unbounded Queues),[],[]
balanced,Fixed (tuned),fixed,106,2,100.92,395.0,455.0,135.4,1354,368.94,670.0,45.324,104.698,114,9.7,1.4,Oversaturated (Unbounded Queues),[],[]
balanced,Fixed (tuned),fixed,107,2,99.6,383.0,452.0,137.4,1374,368.75,681.0,45.395,104.863,114,8.31,1.4,Oversaturated (Unbounded Queues),[],[]
balanced,Fixed (tuned),fixed,109,2,106.29,396.7,478.0,137.0,1370,395.54,708.0,48.825,112.785,114,9.71,1.4,Oversaturated (Unbounded Queues),[],[]
balanced,Fixed (tuned),fixed,110,2,101.19,396.05,464.0,135.6,1356,373.45,684.0,45.874,105.968,114,9.65,1.4,Oversaturated (Unbounded Queues),[],[]
balanced,Fixed (tuned),fixed,111,2,102.45,388.0,452.0,136.8,1368,384.16,714.0,47.4,109.493,114,9.28,1.4,Oversaturated (Unbounded Queues),[],[]
balanced,Fixed (tuned),fixed,108,2,105.66,387.5,464.0,132.1,1321,386.59,715.0,47.689,110.162,114,9.73,1.4,Oversaturated (Unbounded Queues),[],[]
balanced,Fixed (tuned),fixed,112,2,105.02,384.35,462.0,136.2,1362,391.75,719.0,48.402,111.808,114,9.31,1.4,Oversaturated (Unbounded Queues),[],[]
balanced,Fixed (tuned),fixed,114,2,104.59,395.0,458.0,134.7,1347,382.58,686.0,47.159,108.938,114,10.07,1.4,Oversaturated (Unbounded Queues),[],[]
balanced,Fixed (tuned),fixed,115,2,107.29,396.0,454.0,135.9,1359,398.64,713.0,49.282,113.841,114,9.97,1.4,Oversaturated (Unbounded Queues),[],[]
balanced,Fixed (tuned),fixed,113,2,101.55,389.0,458.0,140.7,1407,386.25,708.0,47.682,110.145,114,9.04,1.4,Oversaturated (Unbounded Queues),[],[]
balanced,Fixed (tuned),fixed,116,2,102.31,390.35,464.0,137.1,1371,385.94,725.0,47.607,109.971,114,10.37,1.4,Oversaturated (Unbounded Queues),[],[]
balanced,Fixed (tuned),fixed,118,2,106.3,399.0,464.0,137.2,1372,405.01,747.0,50.057,115.632,114,9.6,1.4,Oversaturated (Unbounded Queues),[],[]
balanced,Fixed (tuned),fixed,119,2,103.56,384.4,459.0,137.7,1377,386.1,696.0,47.705,110.198,114,9.92,1.4,Oversaturated (Unbounded Queues),[],[]
balanced,Fixed (tuned),fixed,117,2,104.24,399.0,454.0,139.9,1399,394.9,708.0,48.716,112.533,114,8.86,1.4,Oversaturated (Unbounded Queues),[],[]
balanced,Rule-Based (tuned),rule_based,104,2,121.01,254.0,334.0,123.9,1239,424.38,850.0,56.174,129.762,101,9.49,1.4,Oversaturated (Unbounded Queues),[],[]
balanced,Rule-Based (tuned),rule_based,100,2,126.88,263.8,333.0,118.9,1189,455.38,916.0,59.35,137.1,99,8.6,1.4,Oversaturated (Unbounded Queues),[],[]
balanced,Rule-Based (tuned),rule_based,103,2,118.4,247.0,312.0,123.2,1232,410.76,799.0,53.439,123.444,103,7.46,1.4,Oversaturated (Unbounded Queues),[],[]
balanced,Rule-Based (tuned),rule_based,106,2,115.18,239.0,291.0,125.9,1259,399.09,773.0,51.985,120.085,106,7.2,1.4,Oversaturated (Unbounded Queues),[],[]
balanced,Rule-Based (tuned),rule_based,105,2,126.0,270.0,327.0,120.4,1204,447.33,890.0,58.632,135.439,102,7.6,1.4,Oversaturated (Unbounded Queues),[],[]
balanced,Rule-Based (tuned),rule_based,102,2,130.76,284.0,385.0,105.8,1058,458.75,1038.0,60.905,140.69,88,14.53,1.4,Oversaturated (Unbounded Queues),[],[]
balanced,Rule-Based (tuned),rule_based,101,2,110.64,232.0,278.0,125.0,1250,377.82,761.0,49.442,114.212,107,9.48,1.4,Oversaturated (Unbounded Queues),[],[]
balanced,Rule-Based (tuned),rule_based,107,2,118.63,249.0,307.0,123.6,1236,416.38,829.0,54.33,125.503,103,7.52,1.4,Oversaturated (Unbounded Queues),[],[]
balanced,Rule-Based (tuned),rule_based,108,2,122.02,250.75,314.0,124.7,1247,423.22,799.0,55.478,128.153,103,10.7,1.4,Oversaturated (Unbounded Queues),[],[]
balanced,Rule-Based (tuned),rule_based,109,2,129.4,263.0,307.0,124.3,1243,457.71,840.0,59.725,137.966,105,8.68,1.4,Oversaturated (Unbounded Queues),[],[]
balanced,Rule-Based (tuned),rule_based,110,2,118.01,254.0,321.0,121.4,1214,413.67,837.0,53.787,124.248,103,8.54,1.4,Oversaturated (Unbounded Queues),[],[]
balanced,Rule-Based (tuned),rule_based,111,2,115.56,232.7,290.0,126.9,1269,414.37,818.0,53.595,123.805,107,7.88,1.4,Oversaturated (Unbounded Queues),[],[]
balanced,Rule-Based (tuned),rule_based,112,2,130.9,285.1,344.0,114.1,1141,468.54,941.0,60.476,139.7,93,8.37,1.4,Oversaturated (Unbounded Queues),[],[]
balanced,Rule-Based (tuned),rule_based,113,2,124.38,261.0,321.0,124.3,1243,450.26,886.0,58.848,135.938,101,9.48,1.4,Oversaturated (Unbounded Queues),[],[]
balanced,Rule-Based (tuned),rule_based,117,2,124.91,251.0,330.0,123.1,1231,455.66,872.0,58.374,134.843,104,9.1,1.4,Oversaturated (Unbounded Queues),[],[]
balanced,Rule-Based (tuned),rule_based,118,2,126.85,251.0,344.0,122.5,1225,457.58,914.0,60.294,139.28,103,8.23,1.4,Oversaturated (Unbounded Queues),[],[]
balanced,Rule-Based (tuned),rule_based,115,2,128.4,253.0,370.0,119.4,1194,453.59,898.0,59.694,137.893,100,9.85,1.4,Oversaturated (Unbounded Queues),[],[]
balanced,Rule-Based (tuned),rule_based,119,2,124.68,256.0,364.0,119.3,1193,445.13,895.0,57.852,133.637,99,8.68,1.4,Oversaturated (Unbounded Queues),[],[]
balanced,Rule-Based (tuned),rule_based,114,2,126.56,268.35,333.0,117.8,1178,442.87,856.0,57.204,132.141,100,10.45,1.4,Oversaturated (Unbounded Queues),[],[]
balanced,Rule-Based (tuned),rule_based,116,2,121.38,240.0,307.0,124.0,1240,437.55,859.0,56.619,130.79,102,9.9,1.4,Oversaturated (Unbounded Queues),[],[]
balanced,Max-Pressure (tuned),max_pressure,100,2,125.23,266.55,322.0,121.9,1219,453.67,871.0,58.161,134.352,100,8.28,1.4,Oversaturated (Unbounded Queues),[],[]
balanced,Max-Pressure (tuned),max_pressure,101,2,108.53,222.95,276.0,127.0,1270,373.68,732.0,48.286,111.541,108,9.08,1.4,Oversaturated (Unbounded Queues),[],[]
balanced,Max-Pressure (tuned),max_pressure,102,2,119.25,258.0,307.0,123.4,1234,420.62,847.0,55.148,127.391,102,10.58,1.4,Oversaturated (Unbounded Queues),[],[]
balanced,Max-Pressure (tuned),max_pressure,104,2,115.09,239.0,334.0,128.2,1282,408.94,792.0,53.046,122.536,103,10.02,1.4,Oversaturated (Unbounded Queues),[],[]
balanced,Max-Pressure (tuned),max_pressure,103,2,117.12,233.0,285.0,127.4,1274,404.84,762.0,52.991,122.41,104,7.6,1.4,Oversaturated (Unbounded Queues),[],[]
balanced,Max-Pressure (tuned),max_pressure,105,2,118.65,253.0,289.0,129.0,1290,422.04,799.0,55.081,127.237,104,7.62,1.4,Oversaturated (Unbounded Queues),[],[]
balanced,Max-Pressure (tuned),max_pressure,107,2,114.04,229.0,277.0,130.1,1301,400.8,762.0,52.231,120.654,106,8.17,1.4,Oversaturated (Unbounded Queues),[],[]
balanced,Max-Pressure (tuned),max_pressure,110,2,115.24,243.0,325.0,126.4,1264,405.64,781.0,52.372,120.978,104,9.18,1.4,Oversaturated (Unbounded Queues),[],[]
balanced,Max-Pressure (tuned),max_pressure,112,2,124.93,265.0,323.0,121.7,1217,443.49,876.0,57.997,133.973,103,7.25,1.4,Oversaturated (Unbounded Queues),[],[]
balanced,Max-Pressure (tuned),max_pressure,108,2,119.96,246.0,314.0,127.5,1275,415.63,771.0,54.544,125.996,106,9.37,1.4,Oversaturated (Unbounded Queues),[],[]
balanced,Max-Pressure (tuned),max_pressure,109,2,127.61,259.0,299.0,126.8,1268,451.61,815.0,58.899,136.056,106,8.34,1.4,Oversaturated (Unbounded Queues),[],[]
balanced,Max-Pressure (tuned),max_pressure,106,2,114.12,228.5,264.0,128.2,1282,394.85,749.0,51.506,118.978,105,7.59,1.4,Oversaturated (Unbounded Queues),[],[]
balanced,Max-Pressure (tuned),max_pressure,111,2,114.41,232.7,284.0,128.2,1282,409.9,805.0,53.06,122.57,107,7.81,1.4,Oversaturated (Unbounded Queues),[],[]
balanced,Max-Pressure (tuned),max_pressure,114,2,122.54,247.0,305.0,125.2,1252,426.61,788.0,55.55,128.321,105,9.19,1.4,Oversaturated (Unbounded Queues),[],[]
balanced,Max-Pressure (tuned),max_pressure,116,2,116.93,233.0,301.0,128.0,1280,419.65,827.0,54.67,126.289,103,9.09,1.4,Oversaturated (Unbounded Queues),[],[]
balanced,Max-Pressure (tuned),max_pressure,113,2,123.77,248.1,310.0,127.6,1276,449.49,843.0,58.283,134.635,101,8.64,1.4,Oversaturated (Unbounded Queues),[],[]
balanced,Max-Pressure (tuned),max_pressure,115,2,123.38,235.65,323.0,124.1,1241,441.29,827.0,56.699,130.974,101,10.48,1.4,Oversaturated (Unbounded Queues),[],[]
balanced,Max-Pressure (tuned),max_pressure,118,2,124.18,255.0,333.0,125.6,1256,449.75,873.0,58.752,135.718,106,9.72,1.4,Oversaturated (Unbounded Queues),[],[]
balanced,Max-Pressure (tuned),max_pressure,117,2,122.64,246.0,306.0,127.0,1270,444.09,840.0,57.451,132.711,105,8.67,1.4,Oversaturated (Unbounded Queues),[],[]
balanced,Hybrid (uncoupled),hybrid_bf,100,2,143.88,310.0,379.0,106.8,1068,509.85,1052.0,67.783,156.578,127,8.68,1.4,Oversaturated (Unbounded Queues),[],[]
balanced,Hybrid (uncoupled),hybrid_bf,103,2,134.07,300.5,344.0,110.2,1102,459.71,949.0,61.108,141.159,128,6.99,1.4,Oversaturated (Unbounded Queues),[],[]
balanced,Max-Pressure (tuned),max_pressure,119,2,121.87,254.0,339.0,124.2,1242,433.49,842.0,56.441,130.378,100,7.83,1.4,Oversaturated (Unbounded Queues),[],[]
balanced,Hybrid (uncoupled),hybrid_bf,105,2,131.12,289.85,355.0,112.3,1123,472.92,961.0,60.722,140.267,125,5.6,1.4,Oversaturated (Unbounded Queues),[],[]
balanced,Hybrid (uncoupled),hybrid_bf,101,2,125.26,275.0,321.0,111.4,1114,429.84,897.0,55.979,129.312,129,6.96,1.4,Oversaturated (Unbounded Queues),[],[]
balanced,Hybrid (uncoupled),hybrid_bf,106,2,131.63,286.75,347.0,111.7,1117,452.59,929.0,59.846,138.243,138,7.26,1.4,Oversaturated (Unbounded Queues),[],[]
balanced,Hybrid (uncoupled),hybrid_bf,102,2,141.85,307.0,378.0,99.5,995,505.27,1081.0,65.439,151.164,122,9.36,1.4,Oversaturated (Unbounded Queues),[],[]
balanced,Hybrid (uncoupled),hybrid_bf,104,2,127.58,282.0,347.0,115.9,1159,448.14,930.0,59.224,136.808,126,10.13,1.4,Oversaturated (Unbounded Queues),[],[]
balanced,Hybrid (uncoupled),hybrid_bf,107,2,127.22,270.0,324.0,113.6,1136,450.51,922.0,58.124,134.267,118,6.9,1.4,Oversaturated (Unbounded Queues),[],[]
balanced,Hybrid (uncoupled),hybrid_bf,108,2,129.4,277.0,340.0,117.9,1179,449.41,866.0,58.689,135.571,130,7.45,1.4,Oversaturated (Unbounded Queues),[],[]
balanced,Hybrid (uncoupled),hybrid_bf,109,2,136.69,288.0,338.0,114.1,1141,482.89,947.0,63.243,146.092,119,7.87,1.4,Oversaturated (Unbounded Queues),[],[]
balanced,Hybrid (uncoupled),hybrid_bf,110,2,128.35,281.0,359.0,111.7,1117,452.14,929.0,58.356,134.802,123,6.81,1.4,Oversaturated (Unbounded Queues),[],[]
balanced,Hybrid (uncoupled),hybrid_bf,112,2,142.42,322.0,388.0,102.1,1021,503.48,1075.0,66.271,153.085,117,9.36,1.4,Oversaturated (Unbounded Queues),[],[]
balanced,Hybrid (uncoupled),hybrid_bf,111,2,125.33,269.0,320.0,120.9,1209,446.35,884.0,58.267,134.596,127,6.99,1.4,Oversaturated (Unbounded Queues),[],[]
balanced,Hybrid (uncoupled),hybrid_bf,114,2,135.0,295.0,370.0,108.9,1089,472.89,950.0,61.17,141.303,118,8.15,1.4,Oversaturated (Unbounded Queues),[],[]
balanced,Hybrid (uncoupled),hybrid_bf,116,2,128.82,268.0,337.0,117.5,1175,459.6,939.0,60.517,139.795,128,6.27,1.4,Oversaturated (Unbounded Queues),[],[]
balanced,Hybrid (uncoupled),hybrid_bf,113,2,138.51,304.65,376.0,111.3,1113,500.08,1015.0,65.501,151.307,123,7.04,1.4,Oversaturated (Unbounded Queues),[],[]
balanced,Hybrid (uncoupled),hybrid_bf,115,2,132.3,276.0,375.0,117.3,1173,465.42,914.0,61.357,141.735,122,7.02,1.4,Oversaturated (Unbounded Queues),[],[]
balanced,Hybrid (uncoupled),hybrid_bf,117,2,132.98,286.0,371.0,114.1,1141,487.13,962.0,62.145,143.555,120,6.94,1.4,Oversaturated (Unbounded Queues),[],[]
balanced,Hybrid (uncoupled),hybrid_bf,119,2,144.85,325.0,394.0,104.9,1049,511.05,1044.0,67.369,155.623,122,8.33,1.4,Oversaturated (Unbounded Queues),[],[]
balanced,Hybrid (uncoupled),hybrid_bf,118,2,135.75,283.0,350.0,115.8,1158,489.85,981.0,64.528,149.061,133,6.05,1.4,Oversaturated (Unbounded Queues),[],[]
balanced,Hybrid Controller (Brute-Force),hybrid_bf,100,2,127.9,255.0,306.0,122.9,1229,463.19,863.0,59.402,137.218,184,6.2,1.4,Oversaturated (Unbounded Queues),[],[]
balanced,Hybrid Controller (Brute-Force),hybrid_bf,101,2,110.32,221.0,265.0,125.1,1251,382.7,745.0,48.933,113.035,174,5.68,1.4,Oversaturated (Unbounded Queues),[],[]
balanced,Hybrid Controller (Brute-Force),hybrid_bf,103,2,117.13,238.5,285.0,126.3,1263,405.78,768.0,52.866,122.12,168,5.95,1.4,Oversaturated (Unbounded Queues),[],[]
balanced,Hybrid Controller (Brute-Force),hybrid_bf,102,2,123.2,237.0,284.0,122.0,1220,441.0,846.0,56.562,130.658,178,6.78,1.4,Oversaturated (Unbounded Queues),[],[]
balanced,Hybrid Controller (Brute-Force),hybrid_bf,104,2,119.2,240.85,311.0,125.7,1257,427.32,807.0,54.673,126.295,168,6.68,1.4,Oversaturated (Unbounded Queues),[],[]
balanced,Hybrid Controller (Brute-Force),hybrid_bf,105,2,124.59,263.0,314.0,125.7,1257,443.15,834.0,57.839,133.608,168,4.9,1.4,Oversaturated (Unbounded Queues),[],[]
balanced,Hybrid Controller (Brute-Force),hybrid_bf,106,2,121.11,246.5,282.0,123.5,1235,419.14,800.0,54.662,126.27,204,4.42,1.4,Oversaturated (Unbounded Queues),[],[]
balanced,Hybrid Controller (Brute-Force),hybrid_bf,108,2,121.88,238.5,307.0,123.9,1239,429.09,793.0,55.01,127.074,186,5.41,1.4,Oversaturated (Unbounded Queues),[],[]
balanced,Hybrid Controller (Brute-Force),hybrid_bf,107,2,116.01,226.5,274.0,128.0,1280,412.95,775.0,52.875,122.142,162,5.28,1.4,Oversaturated (Unbounded Queues),[],[]
balanced,Hybrid Controller (Brute-Force),hybrid_bf,109,2,129.97,247.7,316.0,124.4,1244,465.15,833.0,59.702,137.911,176,5.66,1.4,Oversaturated (Unbounded Queues),[],[]
balanced,Hybrid Controller (Brute-Force),hybrid_bf,110,2,120.71,252.0,325.0,123.0,1230,421.51,820.0,54.989,127.025,204,4.92,1.4,Oversaturated (Unbounded Queues),[],[]
balanced,Hybrid Controller (Brute-Force),hybrid_bf,111,2,124.29,252.0,314.0,123.5,1235,442.83,858.0,57.779,133.47,192,5.59,1.4,Oversaturated (Unbounded Queues),[],[]
balanced,Hybrid Controller (Brute-Force),hybrid_bf,112,2,126.95,252.0,303.0,122.7,1227,451.03,866.0,58.794,135.814,164,6.31,1.4,Oversaturated (Unbounded Queues),[],[]
balanced,Hybrid Controller (Brute-Force),hybrid_bf,113,2,124.5,259.0,304.0,125.3,1253,456.35,862.0,58.458,135.037,194,5.29,1.4,Oversaturated (Unbounded Queues),[],[]
balanced,Hybrid Controller (Brute-Force),hybrid_bf,114,2,122.62,248.0,288.0,124.8,1248,432.01,782.0,55.29,127.72,194,4.26,1.4,Oversaturated (Unbounded Queues),[],[]
balanced,Hybrid Controller (Brute-Force),hybrid_bf,117,2,131.67,277.4,322.0,124.2,1242,473.17,877.0,61.826,142.819,180,5.23,1.4,Oversaturated (Unbounded Queues),[],[]
balanced,Hybrid Controller (Brute-Force),hybrid_bf,115,2,124.76,252.0,309.0,125.5,1255,447.74,817.0,57.307,132.379,182,5.69,1.4,Oversaturated (Unbounded Queues),[],[]
balanced,Hybrid Controller (Brute-Force),hybrid_bf,118,2,126.82,255.0,303.0,126.9,1269,459.2,860.0,60.002,138.604,180,5.26,1.4,Oversaturated (Unbounded Queues),[],[]
balanced,Hybrid Controller (Brute-Force),hybrid_bf,116,2,126.28,254.0,307.0,123.1,1231,452.06,877.0,59.044,136.392,196,5.97,1.4,Oversaturated (Unbounded Queues),[],[]
balanced,Hybrid Controller (Brute-Force),hybrid_bf,119,2,123.53,247.0,325.0,125.7,1257,437.96,826.0,57.179,132.084,180,4.87,1.4,Oversaturated (Unbounded Queues),[],[]
balanced,"Hybrid (QAOA Polish, 5 seeds)",hybrid_qaoa,102,2,116.66,222.0,277.0,128.4,1284,418.02,782.0,53.561,123.726,110,7.42,1.4,Oversaturated (Unbounded Queues),"[1.0, 1.0, 1.0, 1.0, 1.0, 1.0, 1.0, 1.0, 0.8574, 1.0, 1.0, 1.0, 0.8679, 1.0, 1.0, 1.0, 0.9391, 1.0, 1.0, 1.0, 1.0, 1.0, 0.7296, 1.0, 1.0, 0.9539, 1.0, 0.9484, 1.0, 1.0, 0.8507, 1.0, 1.0, 0.9217, 1.0, 0.9385, 1.0, 1.0, 0.8497, 1.0]","[1, 1, 1, 1, 1, 1, 1, 1, 0, 1, 1, 1, 0, 1, 1, 1, 0, 1, 1, 1, 1, 1, 0, 1, 1, 0, 1, 0, 1, 1, 0, 1, 1, 0, 1, 0, 1, 1, 0, 1]"
balanced,"Hybrid (QAOA Polish, 5 seeds)",hybrid_qaoa,103,2,110.37,220.0,278.0,132.1,1321,387.39,700.0,49.566,114.498,114,7.92,1.4,Oversaturated (Unbounded Queues),"[1.0, 1.0, 1.0, 1.0, 1.0, 1.0, 0.5925, 1.0, 1.0, 1.0, 0.9645, 1.0, 1.0, 1.0, 0.915, 1.0, 1.0, 1.0, 1.0, 1.0, 0.8092, 1.0, 1.0, 1.0, 1.0, 1.0, 1.0, 0.8801, 1.0, 0.9962, 1.0, 0.8166, 1.0, 1.0, 1.0, 1.0, 1.0, 1.0, 1.0, 1.0]","[1, 1, 1, 1, 1, 1, 0, 1, 1, 1, 0, 1, 1, 1, 0, 1, 1, 1, 1, 1, 0, 1, 1, 1, 1, 1, 1, 0, 1, 0, 1, 0, 1, 1, 1, 1, 1, 1, 1, 1]"
balanced,"Hybrid (QAOA Polish, 5 seeds)",hybrid_qaoa,101,2,107.78,220.0,263.0,129.1,1291,368.98,717.0,48.096,111.102,98,8.88,1.4,Oversaturated (Unbounded Queues),"[1.0, 1.0, 0.9221, 1.0, 1.0, 0.7451, 1.0, 1.0, 0.918, 1.0, 1.0, 1.0, 1.0, 1.0, 1.0, 1.0, 1.0, 1.0, 1.0, 0.5415, 1.0, 1.0, 0.9162, 1.0, 1.0, 1.0, 1.0, 0.7946, 1.0, 1.0, 1.0, 0.8229, 1.0, 1.0, 0.8584, 1.0, 0.9587, 1.0, 1.0, 0.8333]","[1, 1, 0, 1, 1, 0, 1, 1, 0, 1, 1, 1, 1, 1, 1, 1, 1, 1, 1, 0, 1, 1, 0, 1, 1, 1, 1, 0, 1, 1, 1, 0, 1, 1, 0, 1, 0, 1, 1, 0]"
moderate_load,Fixed-Timing Baseline,fixed,100,2,31.82,59.0,80.0,99.0,990,57.01,77.0,7.509,17.347,114,6.96,0.72,Bounded (75-80% Saturation),[],[]
moderate_load,Fixed-Timing Baseline,fixed,101,2,31.64,58.0,68.0,97.3,973,55.82,81.0,7.34,16.955,114,7.64,0.72,Bounded (75-80% Saturation),[],[]
balanced,"Hybrid (QAOA Raw, 5 seeds)",hybrid_qaoa,102,2,131.43,255.0,288.0,116.3,1163,465.44,915.0,60.691,140.197,114,9.91,1.4,Oversaturated (Unbounded Queues),"[1.0, 1.0, 0.5171, 0.7187, 0.8905, 0.7268, 0.8744, 0.8466, 0.8501, 0.7407, 1.0, 0.8673, 0.8378, 1.0, 0.8745, 0.4791, 0.8271, 0.7019, 0.6328, 0.8387, 0.6866, 0.7098, 1.0, 0.7999, 1.0, 1.0, 1.0, 0.8888, 0.7865, 1.0, 1.0, 1.0, 1.0, 0.7459, 0.6874, 0.776, 0.7971, 0.7153, 0.5789, 0.8307]","[1, 1, 0, 0, 0, 0, 0, 0, 0, 0, 1, 0, 0, 1, 0, 0, 0, 0, 0, 0, 0, 0, 1, 0, 1, 1, 1, 0, 0, 1, 1, 1, 1, 0, 0, 0, 0, 0, 0, 0]"
moderate_load,Fixed-Timing Baseline,fixed,102,2,32.07,60.0,71.0,96.5,965,55.51,90.0,7.325,16.922,114,7.57,0.72,Bounded (75-80% Saturation),[],[]
balanced,"Hybrid (QAOA Polish, 5 seeds)",hybrid_qaoa,100,2,117.81,234.0,277.0,129.7,1297,426.32,795.0,54.717,126.396,114,7.64,1.4,Oversaturated (Unbounded Queues),"[1.0, 1.0, 1.0, 1.0, 0.8873, 1.0, 0.9551, 1.0, 0.9486, 1.0, 1.0, 1.0, 1.0, 1.0, 0.8749, 1.0, 1.0, 0.8878, 1.0, 1.0, 1.0, 1.0, 1.0, 0.9715, 0.9125, 1.0, 1.0, 1.0, 1.0, 1.0, 1.0, 1.0, 1.0, 1.0, 1.0, 0.8111, 1.0, 1.0, 1.0, 1.0]","[1, 1, 1, 1, 0, 1, 0, 1, 0, 1, 1, 1, 1, 1, 0, 1, 1, 0, 1, 1, 1, 1, 1, 0, 0, 1, 1, 1, 1, 1, 1, 1, 1, 1, 1, 0, 1, 1, 1, 1]"
moderate_load,Fixed-Timing Baseline,fixed,103,2,31.97,60.0,75.0,97.7,977,56.49,85.0,7.411,17.119,114,9.16,0.72,Bounded (75-80% Saturation),[],[]
moderate_load,Fixed-Timing Baseline,fixed,104,2,31.93,62.0,94.0,98.1,981,57.09,94.0,7.521,17.373,114,7.61,0.72,Bounded (75-80% Saturation),[],[]
moderate_load,Fixed-Timing Baseline,fixed,105,2,31.4,57.0,69.0,98.2,982,55.3,87.0,7.285,16.829,114,6.27,0.72,Bounded (75-80% Saturation),[],[]
moderate_load,Fixed-Timing Baseline,fixed,108,2,34.81,64.0,90.0,97.2,972,59.98,89.0,7.928,18.314,114,7.47,0.72,Bounded (75-80% Saturation),[],[]
moderate_load,Fixed-Timing Baseline,fixed,106,2,32.6,61.0,85.0,95.1,951,55.43,85.0,7.338,16.95,114,7.74,0.72,Bounded (75-80% Saturation),[],[]
moderate_load,Fixed-Timing Baseline,fixed,109,2,32.98,61.0,78.0,100.1,1001,58.4,87.0,7.76,17.926,114,7.69,0.72,Bounded (75-80% Saturation),[],[]
moderate_load,Fixed-Timing Baseline,fixed,107,2,32.25,59.0,77.0,98.5,985,56.47,81.0,7.433,17.17,114,6.27,0.72,Bounded (75-80% Saturation),[],[]
moderate_load,Fixed-Timing Baseline,fixed,110,2,31.33,59.0,88.0,98.1,981,55.06,98.0,7.269,16.792,114,7.82,0.72,Bounded (75-80% Saturation),[],[]
moderate_load,Fixed-Timing Baseline,fixed,111,2,33.79,61.0,75.0,100.0,1000,61.05,87.0,8.011,18.506,114,8.49,0.72,Bounded (75-80% Saturation),[],[]
moderate_load,Fixed-Timing Baseline,fixed,113,2,32.76,59.5,73.0,100.1,1001,58.75,89.0,7.798,18.013,114,7.66,0.72,Bounded (75-80% Saturation),[],[]
moderate_load,Fixed-Timing Baseline,fixed,112,2,31.46,59.0,76.0,96.3,963,54.88,91.0,7.172,16.568,114,7.58,0.72,Bounded (75-80% Saturation),[],[]
moderate_load,Fixed-Timing Baseline,fixed,114,2,32.43,59.0,69.0,98.1,981,56.24,86.0,7.43,17.164,114,6.95,0.72,Bounded (75-80% Saturation),[],[]
moderate_load,Fixed-Timing Baseline,fixed,115,2,33.12,59.0,75.0,99.2,992,58.7,89.0,7.771,17.952,114,8.02,0.72,Bounded (75-80% Saturation),[],[]
moderate_load,Fixed-Timing Baseline,fixed,116,2,31.92,59.1,69.0,98.3,983,56.69,86.0,7.512,17.352,114,9.31,0.72,Bounded (75-80% Saturation),[],[]
moderate_load,Fixed-Timing Baseline,fixed,117,2,31.65,60.0,78.0,98.6,986,55.77,89.0,7.378,17.043,114,8.05,0.72,Bounded (75-80% Saturation),[],[]
moderate_load,Fixed-Timing Baseline,fixed,118,2,32.38,60.0,70.0,100.7,1007,60.05,96.0,7.901,18.252,114,7.55,0.72,Bounded (75-80% Saturation),[],[]
moderate_load,Fixed-Timing Baseline,fixed,119,2,35.99,76.0,112.0,100.6,1006,65.58,94.0,8.668,20.024,114,7.24,0.72,Bounded (75-80% Saturation),[],[]
moderate_load,Fixed (tuned),fixed,101,2,30.63,53.0,71.0,97.6,976,54.23,76.0,7.126,16.461,174,5.0,0.72,Bounded (75-80% Saturation),[],[]
moderate_load,Fixed (tuned),fixed,100,2,30.24,56.0,72.0,98.9,989,54.37,78.0,7.129,16.468,174,5.87,0.72,Bounded (75-80% Saturation),[],[]
moderate_load,Fixed (tuned),fixed,102,2,31.58,59.0,75.0,97.1,971,54.74,92.0,7.2,16.631,174,5.14,0.72,Bounded (75-80% Saturation),[],[]
moderate_load,Fixed (tuned),fixed,103,2,31.48,55.0,79.0,97.4,974,55.82,82.0,7.269,16.792,174,5.24,0.72,Bounded (75-80% Saturation),[],[]
balanced,"Hybrid (QAOA Raw, 5 seeds)",hybrid_qaoa,103,2,127.21,240.0,283.0,124.7,1247,438.42,794.0,57.696,133.277,99,8.34,1.4,Oversaturated (Unbounded Queues),"[1.0, 1.0, 0.7418, 0.8549, 0.8782, 1.0, 0.9896, 0.8269, 0.7887, 0.6747, 1.0, 1.0, 0.8693, 0.9222, 0.7692, 0.8123, 0.5984, 0.8753, 1.0, 0.9295, 0.6848, 1.0, 1.0, 1.0, 0.8555, 0.6049, 0.8026, 1.0, 1.0, 0.8425, 0.9113, 0.6013, 1.0, 1.0, 1.0, 0.8312, 0.6626, 1.0, 0.9972, 0.7608]","[1, 1, 0, 0, 0, 1, 0, 0, 0, 0, 1, 1, 0, 0, 0, 0, 0, 0, 1, 0, 0, 1, 1, 1, 0, 0, 0, 1, 1, 0, 0, 0, 1, 1, 1, 0, 0, 1, 0, 0]"
moderate_load,Fixed (tuned),fixed,104,2,30.66,53.0,77.0,98.2,982,55.27,88.0,7.243,16.732,174,4.72,0.72,Bounded (75-80% Saturation),[],[]
moderate_load,Fixed (tuned),fixed,105,2,29.7,50.0,70.0,98.2,982,52.68,82.0,6.884,15.902,174,5.38,0.72,Bounded (75-80% Saturation),[],[]
moderate_load,Fixed (tuned),fixed,106,2,30.44,56.45,77.0,95.7,957,51.95,82.0,6.845,15.812,174,5.41,0.72,Bounded (75-80% Saturation),[],[]
moderate_load,Fixed (tuned),fixed,107,2,30.35,51.0,75.0,98.6,986,53.46,78.0,6.994,16.156,174,5.38,0.72,Bounded (75-80% Saturation),[],[]
moderate_load,Fixed (tuned),fixed,108,2,33.72,63.8,91.0,97.2,972,58.46,83.0,7.682,17.745,174,5.41,0.72,Bounded (75-80% Saturation),[],[]
moderate_load,Fixed (tuned),fixed,110,2,30.52,56.0,82.0,98.3,983,53.92,88.0,7.095,16.389,174,5.88,0.72,Bounded (75-80% Saturation),[],[]
balanced,"Hybrid (QAOA Polish, 5 seeds)",hybrid_qaoa,104,2,118.62,235.0,304.0,130.6,1306,418.42,768.0,54.672,126.292,112,7.11,1.4,Oversaturated (Unbounded Queues),"[1.0, 1.0, 0.8718, 0.92, 1.0, 1.0, 1.0, 0.6688, 1.0, 1.0, 1.0, 1.0, 1.0, 1.0, 1.0, 0.9625, 0.5997, 1.0, 1.0, 1.0, 1.0, 0.8907, 1.0, 1.0, 0.9211, 1.0, 1.0, 0.6452, 0.7478, 1.0, 1.0, 1.0, 0.7963, 1.0, 1.0, 1.0, 1.0, 0.8571, 0.837, 1.0]","[1, 1, 0, 0, 1, 1, 1, 0, 1, 1, 1, 1, 1, 1, 1, 0, 0, 1, 1, 1, 1, 0, 1, 1, 0, 1, 1, 0, 0, 1, 1, 1, 0, 1, 1, 1, 1, 0, 0, 1]"
moderate_load,Fixed (tuned),fixed,109,2,31.67,54.0,77.0,100.9,1009,56.23,81.0,7.439,17.184,174,5.53,0.72,Bounded (75-80% Saturation),[],[]
moderate_load,Fixed (tuned),fixed,112,2,30.44,54.85,76.0,95.7,957,53.43,85.0,6.926,16.0,174,5.47,0.72,Bounded (75-80% Saturation),[],[]
moderate_load,Fixed (tuned),fixed,113,2,32.13,55.0,74.0,100.8,1008,57.73,88.0,7.633,17.631,174,5.22,0.72,Bounded (75-80% Saturation),[],[]
moderate_load,Fixed (tuned),fixed,111,2,32.01,55.0,72.0,101.0,1010,57.86,86.0,7.612,17.584,174,5.15,0.72,Bounded (75-80% Saturation),[],[]
moderate_load,Fixed (tuned),fixed,115,2,31.36,53.4,70.0,98.8,988,55.69,85.0,7.339,16.953,174,4.86,0.72,Bounded (75-80% Saturation),[],[]
moderate_load,Fixed (tuned),fixed,114,2,31.06,53.65,67.0,98.0,980,54.05,78.0,7.095,16.39,174,5.15,0.72,Bounded (75-80% Saturation),[],[]
moderate_load,Fixed (tuned),fixed,116,2,31.0,52.3,66.0,98.1,981,55.13,83.0,7.267,16.787,174,4.41,0.72,Bounded (75-80% Saturation),[],[]
moderate_load,Fixed (tuned),fixed,117,2,30.76,53.0,66.0,98.5,985,54.47,85.0,7.177,16.578,174,5.71,0.72,Bounded (75-80% Saturation),[],[]
moderate_load,Fixed (tuned),fixed,118,2,31.89,56.0,70.0,100.9,1009,59.32,91.0,7.773,17.956,174,4.62,0.72,Bounded (75-80% Saturation),[],[]
moderate_load,Rule-Based (tuned),rule_based,100,2,22.49,40.1,68.0,101.3,1013,40.66,63.0,5.292,12.223,199,5.54,0.72,Bounded (75-80% Saturation),[],[]
moderate_load,Fixed (tuned),fixed,119,2,36.75,85.0,123.0,100.8,1008,67.03,95.0,8.853,20.45,174,5.25,0.72,Bounded (75-80% Saturation),[],[]
moderate_load,Rule-Based (tuned),rule_based,101,2,21.45,40.0,55.0,100.3,1003,38.05,62.0,4.977,11.497,199,4.79,0.72,Bounded (75-80% Saturation),[],[]
moderate_load,Rule-Based (tuned),rule_based,103,2,23.21,45.0,65.0,99.8,998,41.1,67.0,5.386,12.441,195,4.16,0.72,Bounded (75-80% Saturation),[],[]
moderate_load,Rule-Based (tuned),rule_based,102,2,22.27,42.0,57.0,99.1,991,38.6,64.0,5.067,11.705,199,4.94,0.72,Bounded (75-80% Saturation),[],[]
moderate_load,Rule-Based (tuned),rule_based,105,2,21.34,39.0,59.0,100.6,1006,37.91,64.0,4.946,11.425,195,4.81,0.72,Bounded (75-80% Saturation),[],[]
moderate_load,Rule-Based (tuned),rule_based,104,2,22.48,45.0,57.0,99.8,998,40.96,76.0,5.356,12.373,192,5.32,0.72,Bounded (75-80% Saturation),[],[]
moderate_load,Rule-Based (tuned),rule_based,106,2,21.18,41.0,62.0,96.9,969,36.3,66.0,4.75,10.972,195,4.75,0.72,Bounded (75-80% Saturation),[],[]
moderate_load,Rule-Based (tuned),rule_based,108,2,25.01,47.55,82.0,99.6,996,43.47,63.0,5.724,13.222,196,4.95,0.72,Bounded (75-80% Saturation),[],[]
moderate_load,Rule-Based (tuned),rule_based,107,2,20.55,42.0,63.0,100.9,1009,36.33,61.0,4.745,10.961,199,5.02,0.72,Bounded (75-80% Saturation),[],[]
moderate_load,Rule-Based (tuned),rule_based,110,2,21.67,42.4,57.0,100.3,1003,38.35,64.0,5.072,11.715,200,5.54,0.72,Bounded (75-80% Saturation),[],[]
moderate_load,Rule-Based (tuned),rule_based,109,2,22.22,44.0,64.0,102.7,1027,39.77,62.0,5.21,12.036,195,5.37,0.72,Bounded (75-80% Saturation),[],[]
moderate_load,Rule-Based (tuned),rule_based,111,2,23.53,47.0,71.0,102.7,1027,42.56,66.0,5.6,12.935,195,5.75,0.72,Bounded (75-80% Saturation),[],[]
moderate_load,Rule-Based (tuned),rule_based,112,2,22.3,42.0,64.0,97.1,971,39.18,64.0,5.098,11.777,193,4.26,0.72,Bounded (75-80% Saturation),[],[]
moderate_load,Rule-Based (tuned),rule_based,117,2,21.05,41.0,65.0,100.5,1005,37.58,58.0,4.907,11.335,195,5.21,0.72,Bounded (75-80% Saturation),[],[]
moderate_load,Rule-Based (tuned),rule_based,116,2,21.41,42.0,57.0,100.8,1008,38.27,59.0,5.043,11.649,199,5.71,0.72,Bounded (75-80% Saturation),[],[]
moderate_load,Rule-Based (tuned),rule_based,114,2,22.06,41.0,62.0,100.0,1000,38.38,61.0,5.064,11.699,196,4.97,0.72,Bounded (75-80% Saturation),[],[]
moderate_load,Rule-Based (tuned),rule_based,113,2,22.31,44.0,65.0,102.2,1022,40.07,64.0,5.314,12.276,198,4.82,0.72,Bounded (75-80% Saturation),[],[]
moderate_load,Rule-Based (tuned),rule_based,118,2,21.9,40.0,59.0,103.3,1033,40.93,71.0,5.362,12.387,202,5.41,0.72,Bounded (75-80% Saturation),[],[]
moderate_load,Rule-Based (tuned),rule_based,119,2,26.05,59.0,88.0,103.3,1033,47.6,73.0,6.241,14.416,197,4.98,0.72,Bounded (75-80% Saturation),[],[]
moderate_load,Rule-Based (tuned),rule_based,115,2,22.41,43.0,59.0,100.6,1006,39.93,67.0,5.26,12.151,199,4.35,0.72,Bounded (75-80% Saturation),[],[]
moderate_load,Max-Pressure (tuned),max_pressure,100,2,17.11,38.85,70.0,101.6,1016,31.05,48.0,4.046,9.345,252,4.35,0.72,Bounded (75-80% Saturation),[],[]
moderate_load,Max-Pressure (tuned),max_pressure,101,2,16.2,33.0,55.0,100.7,1007,28.73,48.0,3.78,8.731,251,4.31,0.72,Bounded (75-80% Saturation),[],[]
moderate_load,Max-Pressure (tuned),max_pressure,102,2,17.73,39.0,57.0,99.2,992,31.05,55.0,4.054,9.366,247,3.97,0.72,Bounded (75-80% Saturation),[],[]
moderate_load,Max-Pressure (tuned),max_pressure,105,2,17.3,35.0,53.0,100.8,1008,30.94,54.0,4.042,9.336,249,4.27,0.72,Bounded (75-80% Saturation),[],[]
moderate_load,Max-Pressure (tuned),max_pressure,104,2,19.34,44.0,70.0,100.8,1008,35.25,64.0,4.582,10.584,247,4.05,0.72,Bounded (75-80% Saturation),[],[]
moderate_load,Max-Pressure (tuned),max_pressure,103,2,20.27,49.0,75.0,99.8,998,35.97,58.0,4.716,10.894,252,4.02,0.72,Bounded (75-80% Saturation),[],[]
moderate_load,Max-Pressure (tuned),max_pressure,109,2,20.11,46.75,78.0,103.2,1032,36.0,58.0,4.763,11.002,249,4.39,0.72,Bounded (75-80% Saturation),[],[]
moderate_load,Max-Pressure (tuned),max_pressure,107,2,17.04,36.0,59.0,101.6,1016,30.27,48.0,3.952,9.13,247,3.83,0.72,Bounded (75-80% Saturation),[],[]
moderate_load,Max-Pressure (tuned),max_pressure,108,2,21.71,47.45,90.0,99.5,995,37.9,59.0,4.978,11.499,252,3.67,0.72,Bounded (75-80% Saturation),[],[]
moderate_load,Max-Pressure (tuned),max_pressure,110,2,17.82,39.45,68.0,101.0,1010,31.66,57.0,4.167,9.626,257,3.89,0.72,Bounded (75-80% Saturation),[],[]
moderate_load,Max-Pressure (tuned),max_pressure,106,2,17.97,39.0,60.0,97.8,978,30.8,54.0,4.03,9.31,248,3.39,0.72,Bounded (75-80% Saturation),[],[]
moderate_load,Max-Pressure (tuned),max_pressure,111,2,19.73,42.0,67.0,102.9,1029,36.05,61.0,4.71,10.879,253,3.07,0.72,Bounded (75-80% Saturation),[],[]
moderate_load,Max-Pressure (tuned),max_pressure,112,2,18.32,40.0,60.0,98.7,987,32.28,58.0,4.185,9.667,247,4.09,0.72,Bounded (75-80% Saturation),[],[]
moderate_load,Max-Pressure (tuned),max_pressure,116,2,18.79,37.0,55.0,101.3,1013,33.72,55.0,4.426,10.224,248,4.63,0.72,Bounded (75-80% Saturation),[],[]
moderate_load,Max-Pressure (tuned),max_pressure,113,2,21.46,46.0,73.0,102.5,1025,38.83,62.0,5.097,11.774,251,4.14,0.72,Bounded (75-80% Saturation),[],[]
moderate_load,Max-Pressure (tuned),max_pressure,114,2,18.69,38.0,57.0,101.1,1011,32.53,52.0,4.295,9.922,247,3.94,0.72,Bounded (75-80% Saturation),[],[]
moderate_load,Max-Pressure (tuned),max_pressure,115,2,19.37,42.0,72.0,101.5,1015,34.52,59.0,4.519,10.438,247,3.32,0.72,Bounded (75-80% Saturation),[],[]
moderate_load,Max-Pressure (tuned),max_pressure,118,2,17.87,36.05,53.0,104.4,1044,33.65,61.0,4.368,10.089,247,4.0,0.72,Bounded (75-80% Saturation),[],[]
moderate_load,Max-Pressure (tuned),max_pressure,117,2,17.84,36.0,54.0,101.1,1011,31.82,51.0,4.174,9.643,251,4.06,0.72,Bounded (75-80% Saturation),[],[]
balanced,"Hybrid (QAOA Raw, 5 seeds)",hybrid_qaoa,104,2,123.58,241.85,318.0,124.9,1249,442.36,815.0,56.684,130.939,106,10.34,1.4,Oversaturated (Unbounded Queues),"[1.0, 0.9957, 0.9864, 1.0, 0.9212, 0.8347, 1.0, 0.8181, 0.9088, 0.7473, 0.5731, 0.9288, 0.7472, 0.8446, 0.8351, 0.9098, 0.8204, 0.7702, 0.7355, 0.9204, 0.7008, 0.9879, 0.9181, 0.7379, 1.0, 1.0, 0.77, 1.0, 1.0, 0.8366, 0.8632, 0.8473, 0.7842, 0.8316, 0.7608, 1.0, 0.9591, 0.7054, 1.0, 1.0]","[1, 0, 0, 1, 0, 0, 1, 0, 0, 0, 0, 0, 0, 0, 0, 0, 0, 0, 0, 0, 0, 0, 0, 0, 1, 1, 0, 1, 1, 0, 0, 0, 0, 0, 0, 1, 0, 0, 1, 1]"
moderate_load,Max-Pressure (tuned),max_pressure,119,2,23.72,58.0,79.0,103.7,1037,43.24,64.0,5.694,13.153,247,4.15,0.72,Bounded (75-80% Saturation),[],[]
moderate_load,Hybrid (uncoupled),hybrid_bf,100,2,25.84,49.0,63.0,100.6,1006,46.3,68.0,6.116,14.127,198,4.45,0.72,Bounded (75-80% Saturation),[],[]
moderate_load,Hybrid (uncoupled),hybrid_bf,103,2,26.65,48.0,66.0,98.8,988,47.43,71.0,6.183,14.282,184,4.23,0.72,Bounded (75-80% Saturation),[],[]
moderate_load,Hybrid (uncoupled),hybrid_bf,101,2,24.92,45.0,71.0,99.3,993,44.57,69.0,5.826,13.458,205,4.01,0.72,Bounded (75-80% Saturation),[],[]
moderate_load,Hybrid (uncoupled),hybrid_bf,102,2,26.48,46.0,70.0,98.2,982,46.35,73.0,6.062,14.002,199,4.1,0.72,Bounded (75-80% Saturation),[],[]
moderate_load,Hybrid (uncoupled),hybrid_bf,104,2,29.45,58.0,74.0,98.5,985,53.52,84.0,6.944,16.04,234,4.14,0.72,Bounded (75-80% Saturation),[],[]
moderate_load,Hybrid (uncoupled),hybrid_bf,106,2,24.42,45.0,66.0,96.7,967,41.69,72.0,5.491,12.685,185,4.22,0.72,Bounded (75-80% Saturation),[],[]
moderate_load,Hybrid (uncoupled),hybrid_bf,105,2,26.37,49.0,75.0,98.8,988,47.09,75.0,6.13,14.159,209,4.26,0.72,Bounded (75-80% Saturation),[],[]
moderate_load,Hybrid (uncoupled),hybrid_bf,107,2,26.05,51.0,75.0,99.0,990,45.74,75.0,6.044,13.961,190,4.27,0.72,Bounded (75-80% Saturation),[],[]
moderate_load,Hybrid (uncoupled),hybrid_bf,108,2,28.17,57.0,78.0,98.1,981,49.27,78.0,6.486,14.982,233,3.18,0.72,Bounded (75-80% Saturation),[],[]
moderate_load,Hybrid (uncoupled),hybrid_bf,110,2,26.23,47.7,72.0,99.7,997,46.36,74.0,6.103,14.098,207,4.18,0.72,Bounded (75-80% Saturation),[],[]
moderate_load,Hybrid (uncoupled),hybrid_bf,111,2,26.59,47.0,65.0,101.6,1016,48.07,75.0,6.335,14.634,200,5.27,0.72,Bounded (75-80% Saturation),[],[]
moderate_load,Hybrid (uncoupled),hybrid_bf,109,2,26.84,51.0,72.0,101.8,1018,47.95,73.0,6.304,14.563,197,4.14,0.72,Bounded (75-80% Saturation),[],[]
moderate_load,Hybrid (uncoupled),hybrid_bf,112,2,26.4,50.0,76.0,96.1,961,46.34,71.0,6.053,13.983,198,4.59,0.72,Bounded (75-80% Saturation),[],[]
moderate_load,Hybrid (uncoupled),hybrid_bf,114,2,24.89,46.0,67.0,99.3,993,43.24,75.0,5.696,13.158,189,4.43,0.72,Bounded (75-80% Saturation),[],[]
moderate_load,Hybrid (uncoupled),hybrid_bf,113,2,27.28,50.0,80.0,100.5,1005,49.33,76.0,6.468,14.942,221,4.03,0.72,Bounded (75-80% Saturation),[],[]
moderate_load,Hybrid (uncoupled),hybrid_bf,116,2,24.25,44.0,71.0,99.8,998,43.76,69.0,5.674,13.107,219,4.58,0.72,Bounded (75-80% Saturation),[],[]
moderate_load,Hybrid (uncoupled),hybrid_bf,118,2,27.17,49.0,73.0,101.8,1018,50.88,81.0,6.623,15.298,210,3.88,0.72,Bounded (75-80% Saturation),[],[]
moderate_load,Hybrid (uncoupled),hybrid_bf,117,2,27.25,50.0,69.0,99.4,994,48.36,75.0,6.394,14.77,200,4.51,0.72,Bounded (75-80% Saturation),[],[]
moderate_load,Hybrid (uncoupled),hybrid_bf,115,2,26.59,51.0,74.0,99.9,999,47.22,71.0,6.257,14.454,201,4.54,0.72,Bounded (75-80% Saturation),[],[]
moderate_load,Hybrid (uncoupled),hybrid_bf,119,2,30.02,64.0,99.0,102.7,1027,54.79,81.0,7.245,16.736,216,3.67,0.72,Bounded (75-80% Saturation),[],[]
moderate_load,Hybrid Controller (Brute-Force),hybrid_bf,100,2,25.84,49.0,63.0,100.6,1006,46.3,68.0,6.116,14.127,198,4.45,0.72,Bounded (75-80% Saturation),[],[]
balanced,"Hybrid (QAOA Raw, 5 seeds)",hybrid_qaoa,100,2,135.91,266.05,348.0,121.2,1212,486.11,889.0,63.427,146.516,116,9.24,1.4,Oversaturated (Unbounded Queues),"[1.0, 0.8136, 0.6083, 0.7924, 0.7353, 0.9414, 0.9252, 0.8492, 0.6853, 0.8229, 0.9852, 0.8557, 0.7545, 0.8501, 0.6388, 0.8822, 0.8824, 1.0, 0.8165, 0.8122, 0.8207, 1.0, 1.0, 0.9078, 0.6876, 0.8206, 0.7774, 0.9651, 1.0, 1.0, 0.8554, 0.6347, 0.6746, 0.6969, 0.8154, 0.8611, 0.9258, 1.0, 1.0, 0.9876]","[1, 0, 0, 0, 0, 0, 0, 0, 0, 0, 0, 0, 0, 0, 0, 0, 0, 1, 0, 0, 0, 1, 1, 0, 0, 0, 0, 0, 1, 1, 0, 0, 0, 0, 0, 0, 0, 1, 1, 0]"
moderate_load,Hybrid Controller (Brute-Force),hybrid_bf,101,2,24.92,45.0,71.0,99.3,993,44.57,69.0,5.826,13.458,205,4.01,0.72,Bounded (75-80% Saturation),[],[]
moderate_load,Hybrid Controller (Brute-Force),hybrid_bf,102,2,26.48,46.0,70.0,98.2,982,46.35,73.0,6.062,14.002,199,4.1,0.72,Bounded (75-80% Saturation),[],[]
moderate_load,Hybrid Controller (Brute-Force),hybrid_bf,103,2,26.65,48.0,66.0,98.8,988,47.43,71.0,6.183,14.282,184,4.23,0.72,Bounded (75-80% Saturation),[],[]
moderate_load,Hybrid Controller (Brute-Force),hybrid_bf,104,2,29.45,58.0,74.0,98.5,985,53.52,84.0,6.944,16.04,234,4.14,0.72,Bounded (75-80% Saturation),[],[]
moderate_load,Hybrid Controller (Brute-Force),hybrid_bf,105,2,26.37,49.0,75.0,98.8,988,47.09,75.0,6.13,14.159,209,4.26,0.72,Bounded (75-80% Saturation),[],[]
moderate_load,Hybrid Controller (Brute-Force),hybrid_bf,107,2,26.05,51.0,75.0,99.0,990,45.74,75.0,6.044,13.961,190,4.27,0.72,Bounded (75-80% Saturation),[],[]
moderate_load,Hybrid Controller (Brute-Force),hybrid_bf,110,2,26.23,47.7,72.0,99.7,997,46.36,74.0,6.103,14.098,207,4.18,0.72,Bounded (75-80% Saturation),[],[]
moderate_load,Hybrid Controller (Brute-Force),hybrid_bf,109,2,26.84,51.0,72.0,101.8,1018,47.95,73.0,6.304,14.563,197,4.14,0.72,Bounded (75-80% Saturation),[],[]
moderate_load,Hybrid Controller (Brute-Force),hybrid_bf,111,2,26.59,47.0,65.0,101.6,1016,48.07,75.0,6.335,14.634,200,5.27,0.72,Bounded (75-80% Saturation),[],[]
moderate_load,Hybrid Controller (Brute-Force),hybrid_bf,112,2,26.4,50.0,76.0,96.1,961,46.34,71.0,6.053,13.983,198,4.59,0.72,Bounded (75-80% Saturation),[],[]
moderate_load,Hybrid Controller (Brute-Force),hybrid_bf,106,2,24.42,45.0,66.0,96.7,967,41.69,72.0,5.491,12.685,185,4.22,0.72,Bounded (75-80% Saturation),[],[]
moderate_load,Hybrid Controller (Brute-Force),hybrid_bf,114,2,24.89,46.0,67.0,99.3,993,43.24,75.0,5.696,13.158,189,4.43,0.72,Bounded (75-80% Saturation),[],[]
moderate_load,Hybrid Controller (Brute-Force),hybrid_bf,113,2,27.28,50.0,80.0,100.5,1005,49.33,76.0,6.468,14.942,221,4.03,0.72,Bounded (75-80% Saturation),[],[]
moderate_load,Hybrid Controller (Brute-Force),hybrid_bf,117,2,27.25,50.0,69.0,99.4,994,48.36,75.0,6.394,14.77,200,4.51,0.72,Bounded (75-80% Saturation),[],[]
moderate_load,Hybrid Controller (Brute-Force),hybrid_bf,108,2,28.17,57.0,78.0,98.1,981,49.27,78.0,6.486,14.982,233,3.18,0.72,Bounded (75-80% Saturation),[],[]
moderate_load,Hybrid Controller (Brute-Force),hybrid_bf,116,2,24.25,44.0,71.0,99.8,998,43.76,69.0,5.674,13.107,219,4.58,0.72,Bounded (75-80% Saturation),[],[]
moderate_load,Hybrid Controller (Brute-Force),hybrid_bf,115,2,26.59,51.0,74.0,99.9,999,47.22,71.0,6.257,14.454,201,4.54,0.72,Bounded (75-80% Saturation),[],[]
moderate_load,Hybrid Controller (Brute-Force),hybrid_bf,118,2,27.17,49.0,73.0,101.8,1018,50.88,81.0,6.623,15.298,210,3.88,0.72,Bounded (75-80% Saturation),[],[]
balanced,"Hybrid (QAOA Raw, 5 seeds)",hybrid_qaoa,101,2,124.36,255.25,288.0,118.8,1188,424.29,828.0,55.712,128.694,123,9.21,1.4,Oversaturated (Unbounded Queues),"[1.0, 1.0, 0.9221, 0.8717, 1.0, 0.8717, 0.9823, 0.9144, 0.8279, 0.8954, 1.0, 0.9724, 0.9178, 0.7733, 0.6634, 0.7608, 1.0, 0.8852, 0.7863, 1.0, 1.0, 0.8431, 0.8195, 1.0, 1.0, 0.9131, 0.7315, 0.7262, 1.0, 1.0, 1.0, 1.0, 1.0, 0.8116, 0.5821, 1.0, 1.0, 1.0, 0.8801, 0.7451]","[1, 1, 0, 0, 1, 0, 0, 0, 0, 0, 1, 0, 0, 0, 0, 0, 1, 0, 0, 1, 1, 0, 0, 1, 1, 0, 0, 0, 1, 1, 1, 1, 1, 0, 0, 1, 1, 1, 0, 0]"
moderate_load,Hybrid Controller (Brute-Force),hybrid_bf,119,2,30.02,64.0,99.0,102.7,1027,54.79,81.0,7.245,16.736,216,3.67,0.72,Bounded (75-80% Saturation),[],[]
moderate_load,"Hybrid (QAOA Polish, 5 seeds)",hybrid_qaoa,104,2,29.45,58.0,74.0,98.5,985,53.52,84.0,6.944,16.04,234,4.14,0.72,Bounded (75-80% Saturation),"[1.0, 1.0, 1.0, 1.0, 1.0, 1.0, 1.0, 1.0, 1.0, 1.0, 1.0, 1.0, 1.0, 1.0, 1.0, 1.0, 1.0, 1.0, 1.0, 1.0, 1.0, 1.0, 1.0, 1.0, 1.0, 1.0, 1.0, 1.0, 1.0, 1.0, 1.0, 1.0, 1.0, 1.0, 1.0, 1.0, 1.0, 1.0, 1.0, 1.0, 1.0, 1.0, 1.0, 1.0, 1.0, 1.0, 1.0, 1.0, 1.0, 1.0, 1.0, 1.0, 1.0, 1.0, 1.0, 1.0, 1.0, 1.0, 1.0, 1.0]","[1, 1, 1, 1, 1, 1, 1, 1, 1, 1, 1, 1, 1, 1, 1, 1, 1, 1, 1, 1, 1, 1, 1, 1, 1, 1, 1, 1, 1, 1, 1, 1, 1, 1, 1, 1, 1, 1, 1, 1, 1, 1, 1, 1, 1, 1, 1, 1, 1, 1, 1, 1, 1, 1, 1, 1, 1, 1, 1, 1]"
directional_moderate,Fixed-Timing Baseline,fixed,100,2,74.03,161.25,220.0,84.0,840,140.35,245.0,17.372,40.129,114,6.96,0.8,"Bounded (75-85% Saturation, Asymmetric)",[],[]
directional_moderate,Fixed-Timing Baseline,fixed,101,2,63.67,149.0,181.0,83.3,833,117.36,228.0,14.489,33.47,114,7.64,0.8,"Bounded (75-85% Saturation, Asymmetric)",[],[]
directional_moderate,Fixed-Timing Baseline,fixed,102,2,71.12,169.0,189.0,83.4,834,136.58,270.0,16.784,38.772,114,7.57,0.8,"Bounded (75-85% Saturation, Asymmetric)",[],[]
directional_moderate,Fixed-Timing Baseline,fixed,103,2,64.95,146.0,161.0,85.4,854,120.23,218.0,14.91,34.442,114,9.16,0.8,"Bounded (75-85% Saturation, Asymmetric)",[],[]
directional_moderate,Fixed-Timing Baseline,fixed,104,2,64.13,163.0,194.0,86.7,867,121.74,220.0,15.12,34.928,114,7.61,0.8,"Bounded (75-85% Saturation, Asymmetric)",[],[]
directional_moderate,Fixed-Timing Baseline,fixed,105,2,74.76,172.0,203.0,84.7,847,144.75,274.0,17.943,41.449,114,6.27,0.8,"Bounded (75-85% Saturation, Asymmetric)",[],[]
moderate_load,"Hybrid (QAOA Polish, 5 seeds)",hybrid_qaoa,103,2,26.65,48.0,66.0,98.8,988,47.43,71.0,6.183,14.282,184,4.23,0.72,Bounded (75-80% Saturation),"[1.0, 1.0, 1.0, 1.0, 1.0, 1.0, 1.0, 1.0, 1.0, 1.0, 1.0, 1.0, 1.0, 1.0, 1.0, 1.0, 1.0, 1.0, 1.0, 1.0, 1.0, 1.0, 1.0, 1.0, 1.0, 1.0, 1.0, 1.0, 1.0, 1.0, 1.0, 1.0, 1.0, 1.0, 1.0, 1.0, 1.0, 1.0, 1.0, 1.0, 1.0, 1.0, 1.0, 1.0, 1.0, 1.0, 1.0, 1.0, 1.0, 1.0, 1.0, 1.0, 1.0, 1.0, 1.0, 1.0, 1.0, 1.0, 1.0, 1.0]","[1, 1, 1, 1, 1, 1, 1, 1, 1, 1, 1, 1, 1, 1, 1, 1, 1, 1, 1, 1, 1, 1, 1, 1, 1, 1, 1, 1, 1, 1, 1, 1, 1, 1, 1, 1, 1, 1, 1, 1, 1, 1, 1, 1, 1, 1, 1, 1, 1, 1, 1, 1, 1, 1, 1, 1, 1, 1, 1, 1]"
directional_moderate,Fixed-Timing Baseline,fixed,106,2,64.55,142.3,174.0,83.0,830,114.95,205.0,14.273,32.971,114,7.74,0.8,"Bounded (75-85% Saturation, Asymmetric)",[],[]
directional_moderate,Fixed-Timing Baseline,fixed,107,2,64.77,148.45,184.0,86.8,868,122.16,231.0,15.141,34.975,114,6.27,0.8,"Bounded (75-85% Saturation, Asymmetric)",[],[]
directional_moderate,Fixed-Timing Baseline,fixed,108,2,73.53,184.4,248.0,84.7,847,139.47,251.0,17.206,39.745,114,7.47,0.8,"Bounded (75-85% Saturation, Asymmetric)",[],[]
directional_moderate,Fixed-Timing Baseline,fixed,109,2,72.4,169.4,197.0,87.6,876,139.64,241.0,17.28,39.916,114,7.69,0.8,"Bounded (75-85% Saturation, Asymmetric)",[],[]
directional_moderate,Fixed-Timing Baseline,fixed,110,2,70.46,157.0,190.0,84.2,842,131.07,236.0,16.346,37.759,114,7.82,0.8,"Bounded (75-85% Saturation, Asymmetric)",[],[]
moderate_load,"Hybrid (QAOA Raw, 5 seeds)",hybrid_qaoa,100,2,28.8,55.7,77.0,98.6,986,51.85,84.0,6.828,15.773,250,4.43,0.72,Bounded (75-80% Saturation),"[1.0, 1.0, 1.0, 1.0, 0.8364, 0.7727, 1.0, 1.0, 0.7962, 0.9, 1.0, 0.9941, 1.0, 1.0, 0.9193, 1.0, 1.0, 1.0, 1.0, 0.9368, 0.8, 0.7417, 0.9, 1.0, 0.9431, 1.0, 0.8857, 1.0, 1.0, 0.9038, 0.9061, 0.9875, 0.9607, 0.8543, 0.9962, 0.9118, 1.0, 1.0, 1.0, 1.0, 1.0, 0.7429, 1.0, 1.0, 1.0, 0.9944, 1.0, 1.0, 0.9542, 1.0, 1.0, 1.0, 1.0, 1.0, 1.0, 0.94, 0.7971, 0.8244, 0.7026, 0.9938]","[1, 1, 1, 1, 0, 0, 1, 1, 0, 0, 1, 0, 1, 1, 0, 1, 1, 1, 1, 0, 0, 0, 0, 1, 0, 1, 0, 1, 1, 0, 0, 0, 0, 0, 0, 0, 1, 1, 1, 1, 1, 0, 1, 1, 1, 0, 1, 1, 0, 1, 1, 1, 1, 1, 1, 0, 0, 0, 0, 0]"
directional_moderate,Fixed-Timing Baseline,fixed,111,2,73.71,179.0,205.0,85.0,850,139.79,251.0,17.314,39.994,114,8.49,0.8,"Bounded (75-85% Saturation, Asymmetric)",[],[]
directional_moderate,Fixed-Timing Baseline,fixed,112,2,67.63,161.0,195.0,83.3,833,124.35,242.0,15.434,35.652,114,7.58,0.8,"Bounded (75-85% Saturation, Asymmetric)",[],[]
directional_moderate,Fixed-Timing Baseline,fixed,113,2,63.79,146.3,176.0,85.8,858,119.41,223.0,14.856,34.317,114,7.66,0.8,"Bounded (75-85% Saturation, Asymmetric)",[],[]
directional_moderate,Fixed-Timing Baseline,fixed,114,2,69.51,155.0,176.0,85.1,851,128.33,226.0,15.895,36.717,114,6.95,0.8,"Bounded (75-85% Saturation, Asymmetric)",[],[]
directional_moderate,Fixed-Timing Baseline,fixed,115,2,71.19,162.0,220.0,85.1,851,133.77,238.0,16.627,38.409,114,8.02,0.8,"Bounded (75-85% Saturation, Asymmetric)",[],[]
directional_moderate,Fixed-Timing Baseline,fixed,116,2,70.26,159.0,187.0,84.8,848,134.4,251.0,16.597,38.339,114,9.31,0.8,"Bounded (75-85% Saturation, Asymmetric)",[],[]
moderate_load,"Hybrid (QAOA Raw, 5 seeds)",hybrid_qaoa,101,2,28.9,52.0,73.0,98.7,987,51.53,76.0,6.75,15.593,224,4.47,0.72,Bounded (75-80% Saturation),"[1.0, 1.0, 1.0, 1.0, 0.9792, 0.8955, 0.9118, 0.825, 0.865, 0.9783, 0.9905, 0.76, 0.8561, 0.8176, 0.6778, 1.0, 0.9, 0.6769, 1.0, 1.0, 1.0, 1.0, 1.0, 0.8643, 0.8875, 0.9219, 1.0, 1.0, 1.0, 0.936, 0.8, 0.8042, 1.0, 0.7542, 1.0, 0.7786, 1.0, 1.0, 0.7026, 1.0, 0.9121, 0.8211, 0.8259, 0.796, 0.931, 0.69, 0.819, 0.9167, 0.9783, 0.755, 0.9926, 0.9621, 1.0, 0.987, 0.7773, 0.9853, 0.8865, 0.869, 1.0, 1.0]","[1, 1, 1, 1, 0, 0, 0, 0, 0, 0, 0, 0, 0, 0, 0, 1, 0, 0, 1, 1, 1, 1, 1, 0, 0, 0, 1, 1, 1, 0, 0, 0, 1, 0, 1, 0, 1, 1, 0, 1, 0, 0, 0, 0, 0, 0, 0, 0, 0, 0, 0, 0, 1, 0, 0, 0, 0, 0, 1, 1]"
directional_moderate,Fixed-Timing Baseline,fixed,117,2,71.91,160.0,192.0,85.0,850,132.62,224.0,16.506,38.129,114,8.05,0.8,"Bounded (75-85% Saturation, Asymmetric)",[],[]
directional_moderate,Fixed-Timing Baseline,fixed,118,2,76.2,179.2,215.0,84.6,846,148.89,275.0,18.44,42.597,114,7.55,0.8,"Bounded (75-85% Saturation, Asymmetric)",[],[]
directional_moderate,Fixed-Timing Baseline,fixed,119,2,64.65,155.75,209.0,87.1,871,121.42,214.0,15.027,34.712,114,7.24,0.8,"Bounded (75-85% Saturation, Asymmetric)",[],[]
directional_moderate,Fixed (tuned),fixed,101,2,31.87,60.0,97.0,96.4,964,56.44,96.0,7.294,16.849,90,10.53,0.8,"Bounded (75-85% Saturation, Asymmetric)",[],[]
directional_moderate,Fixed (tuned),fixed,100,2,34.55,62.0,92.0,98.4,984,63.31,103.0,8.177,18.89,90,9.67,0.8,"Bounded (75-85% Saturation, Asymmetric)",[],[]
directional_moderate,Fixed (tuned),fixed,102,2,37.68,69.0,100.0,98.9,989,69.59,120.0,8.893,20.544,90,12.95,0.8,"Bounded (75-85% Saturation, Asymmetric)",[],[]
directional_moderate,Fixed (tuned),fixed,103,2,32.62,67.2,96.0,97.6,976,58.11,91.0,7.516,17.362,90,11.49,0.8,"Bounded (75-85% Saturation, Asymmetric)",[],[]
directional_moderate,Fixed (tuned),fixed,104,2,33.51,63.0,105.0,97.5,975,61.36,111.0,7.939,18.338,90,8.29,0.8,"Bounded (75-85% Saturation, Asymmetric)",[],[]
directional_moderate,Fixed (tuned),fixed,105,2,35.76,67.85,88.0,100.2,1002,67.04,112.0,8.615,19.9,90,10.22,0.8,"Bounded (75-85% Saturation, Asymmetric)",[],[]
directional_moderate,Fixed (tuned),fixed,106,2,33.5,64.0,102.0,93.6,936,57.66,96.0,7.429,17.162,90,8.22,0.8,"Bounded (75-85% Saturation, Asymmetric)",[],[]
directional_moderate,Fixed (tuned),fixed,107,2,35.82,71.0,100.0,99.0,990,65.33,105.0,8.397,19.397,90,10.58,0.8,"Bounded (75-85% Saturation, Asymmetric)",[],[]
directional_moderate,Fixed (tuned),fixed,108,2,40.11,71.3,112.0,98.1,981,73.22,122.0,9.405,21.725,90,9.81,0.8,"Bounded (75-85% Saturation, Asymmetric)",[],[]
moderate_load,"Hybrid (QAOA Polish, 5 seeds)",hybrid_qaoa,101,2,24.92,45.0,71.0,99.3,993,44.57,69.0,5.826,13.458,205,4.01,0.72,Bounded (75-80% Saturation),"[1.0, 1.0, 1.0, 1.0, 1.0, 1.0, 1.0, 1.0, 1.0, 1.0, 1.0, 1.0, 1.0, 1.0, 1.0, 1.0, 1.0, 1.0, 1.0, 1.0, 1.0, 1.0, 1.0, 1.0, 1.0, 1.0, 1.0, 1.0, 1.0, 1.0, 1.0, 1.0, 1.0, 1.0, 1.0, 1.0, 1.0, 1.0, 1.0, 1.0, 1.0, 1.0, 1.0, 1.0, 1.0, 1.0, 1.0, 1.0, 1.0, 1.0, 1.0, 1.0, 1.0, 1.0, 1.0, 1.0, 1.0, 1.0, 1.0, 1.0]","[1, 1, 1, 1, 1, 1, 1, 1, 1, 1, 1, 1, 1, 1, 1, 1, 1, 1, 1, 1, 1, 1, 1, 1, 1, 1, 1, 1, 1, 1, 1, 1, 1, 1, 1, 1, 1, 1, 1, 1, 1, 1, 1, 1, 1, 1, 1, 1, 1, 1, 1, 1, 1, 1, 1, 1, 1, 1, 1, 1]"
directional_moderate,Fixed (tuned),fixed,110,2,33.31,60.0,94.0,97.3,973,60.09,101.0,7.742,17.884,90,12.82,0.8,"Bounded (75-85% Saturation, Asymmetric)",[],[]
directional_moderate,Fixed (tuned),fixed,109,2,33.85,64.0,87.0,101.7,1017,62.53,102.0,8.132,18.784,90,11.25,0.8,"Bounded (75-85% Saturation, Asymmetric)",[],[]
directional_moderate,Fixed (tuned),fixed,111,2,35.73,69.0,98.0,99.6,996,65.3,104.0,8.425,19.461,90,12.21,0.8,"Bounded (75-85% Saturation, Asymmetric)",[],[]
moderate_load,"Hybrid (QAOA Polish, 5 seeds)",hybrid_qaoa,100,2,25.84,49.0,63.0,100.6,1006,46.3,68.0,6.116,14.127,198,4.45,0.72,Bounded (75-80% Saturation),"[1.0, 1.0, 1.0, 1.0, 1.0, 1.0, 1.0, 1.0, 1.0, 1.0, 1.0, 1.0, 1.0, 1.0, 1.0, 1.0, 1.0, 1.0, 1.0, 1.0, 1.0, 1.0, 1.0, 1.0, 1.0, 1.0, 1.0, 1.0, 1.0, 1.0, 1.0, 1.0, 1.0, 1.0, 1.0, 1.0, 1.0, 1.0, 1.0, 1.0, 1.0, 1.0, 1.0, 1.0, 1.0, 1.0, 1.0, 1.0, 1.0, 1.0, 1.0, 1.0, 1.0, 1.0, 1.0, 1.0, 1.0, 1.0, 1.0, 1.0]","[1, 1, 1, 1, 1, 1, 1, 1, 1, 1, 1, 1, 1, 1, 1, 1, 1, 1, 1, 1, 1, 1, 1, 1, 1, 1, 1, 1, 1, 1, 1, 1, 1, 1, 1, 1, 1, 1, 1, 1, 1, 1, 1, 1, 1, 1, 1, 1, 1, 1, 1, 1, 1, 1, 1, 1, 1, 1, 1, 1]"
directional_moderate,Fixed (tuned),fixed,112,2,34.78,64.0,95.0,95.5,955,62.26,111.0,7.96,18.389,90,10.99,0.8,"Bounded (75-85% Saturation, Asymmetric)",[],[]
directional_moderate,Fixed (tuned),fixed,113,2,32.1,64.0,104.0,97.8,978,58.2,96.0,7.497,17.318,90,11.06,0.8,"Bounded (75-85% Saturation, Asymmetric)",[],[]
directional_moderate,Fixed (tuned),fixed,115,2,34.5,66.0,97.0,98.3,983,62.78,104.0,8.096,18.701,90,11.31,0.8,"Bounded (75-85% Saturation, Asymmetric)",[],[]
directional_moderate,Fixed (tuned),fixed,114,2,34.41,62.0,89.0,98.6,986,60.98,102.0,7.93,18.318,90,9.5,0.8,"Bounded (75-85% Saturation, Asymmetric)",[],[]
moderate_load,"Hybrid (QAOA Raw, 5 seeds)",hybrid_qaoa,102,2,31.09,60.0,97.0,97.2,972,54.06,91.0,7.129,16.468,199,3.83,0.72,Bounded (75-80% Saturation),"[1.0, 1.0, 1.0, 0.5802, 1.0, 1.0, 0.775, 1.0, 1.0, 1.0, 1.0, 0.975, 1.0, 1.0, 1.0, 0.9957, 1.0, 0.8, 0.9162, 0.9783, 0.86, 0.805, 0.9783, 1.0, 1.0, 0.7656, 0.7188, 0.988, 0.8233, 0.8921, 0.735, 0.7727, 1.0, 1.0, 0.8788, 0.8103, 0.8635, 0.8886, 0.8628, 0.86, 0.9833, 0.8625, 0.972, 0.8697, 1.0, 1.0, 1.0, 0.9929, 1.0, 1.0, 1.0, 1.0, 1.0, 1.0, 1.0, 1.0, 0.6481, 1.0, 1.0, 1.0]","[1, 1, 1, 0, 1, 1, 0, 1, 1, 1, 1, 0, 1, 1, 1, 0, 1, 0, 0, 0, 0, 0, 0, 1, 1, 0, 0, 0, 0, 0, 0, 0, 1, 1, 0, 0, 0, 0, 0, 0, 0, 0, 0, 0, 1, 1, 1, 0, 1, 1, 1, 1, 1, 1, 1, 1, 0, 1, 1, 1]"
moderate_load,"Hybrid (QAOA Raw, 5 seeds)",hybrid_qaoa,103,2,31.39,62.0,90.0,97.8,978,55.66,77.0,7.282,16.822,194,4.1,0.72,Bounded (75-80% Saturation),"[1.0, 1.0, 1.0, 1.0, 0.8182, 1.0, 0.9167, 0.8677, 0.7625, 0.9087, 0.94, 1.0, 0.9577, 0.9966, 0.955, 1.0, 1.0, 1.0, 1.0, 0.8103, 0.7729, 0.8741, 0.7647, 0.5857, 0.7805, 0.9205, 0.92, 0.7026, 1.0, 0.9513, 0.8409, 0.9808, 0.7462, 0.948, 0.9963, 0.771, 1.0, 0.9364, 0.9, 0.9, 0.8633, 0.8974, 0.8579, 1.0, 0.9333, 0.6947, 0.95, 0.9574, 0.9167, 1.0, 0.9947, 0.9, 0.9773, 1.0, 1.0, 0.8423, 0.9828, 0.9531, 0.9906, 0.9423]","[1, 1, 1, 1, 0, 1, 0, 0, 0, 0, 0, 1, 0, 0, 0, 1, 1, 1, 1, 0, 0, 0, 0, 0, 0, 0, 0, 0, 1, 0, 0, 0, 0, 0, 0, 0, 1, 0, 0, 0, 0, 0, 0, 1, 0, 0, 0, 0, 0, 1, 0, 0, 0, 1, 1, 0, 0, 0, 0, 0]"
directional_moderate,Fixed (tuned),fixed,116,2,35.44,68.55,105.0,98.9,989,65.59,112.0,8.427,19.466,90,11.82,0.8,"Bounded (75-85% Saturation, Asymmetric)",[],[]
directional_moderate,Fixed (tuned),fixed,118,2,35.87,63.0,103.0,99.5,995,67.66,111.0,8.714,20.128,90,11.16,0.8,"Bounded (75-85% Saturation, Asymmetric)",[],[]
directional_moderate,Fixed (tuned),fixed,119,2,37.17,99.65,170.0,98.8,988,66.53,104.0,8.657,19.997,90,10.67,0.8,"Bounded (75-85% Saturation, Asymmetric)",[],[]
directional_moderate,Rule-Based (tuned),rule_based,100,2,28.11,49.0,91.0,100.2,1002,50.75,73.0,6.66,15.385,201,6.83,0.8,"Bounded (75-85% Saturation, Asymmetric)",[],[]
directional_moderate,Rule-Based (tuned),rule_based,101,2,26.2,48.0,91.0,97.2,972,45.82,73.0,6.002,13.866,208,4.96,0.8,"Bounded (75-85% Saturation, Asymmetric)",[],[]
directional_moderate,Fixed (tuned),fixed,117,2,32.88,63.0,102.0,97.5,975,58.46,99.0,7.584,17.519,90,10.65,0.8,"Bounded (75-85% Saturation, Asymmetric)",[],[]
directional_moderate,Rule-Based (tuned),rule_based,102,2,32.58,63.0,130.0,99.8,998,59.34,96.0,7.776,17.963,190,7.47,0.8,"Bounded (75-85% Saturation, Asymmetric)",[],[]
directional_moderate,Rule-Based (tuned),rule_based,104,2,26.81,52.0,101.0,98.2,982,49.0,86.0,6.364,14.7,208,6.4,0.8,"Bounded (75-85% Saturation, Asymmetric)",[],[]
directional_moderate,Rule-Based (tuned),rule_based,103,2,25.71,43.0,82.0,98.7,987,45.47,68.0,5.965,13.78,215,5.38,0.8,"Bounded (75-85% Saturation, Asymmetric)",[],[]
directional_moderate,Rule-Based (tuned),rule_based,105,2,33.17,60.0,109.0,100.8,1008,61.35,88.0,8.019,18.524,199,4.71,0.8,"Bounded (75-85% Saturation, Asymmetric)",[],[]
directional_moderate,Rule-Based (tuned),rule_based,106,2,27.86,52.0,84.0,95.4,954,47.26,75.0,6.235,14.403,202,5.27,0.8,"Bounded (75-85% Saturation, Asymmetric)",[],[]
directional_moderate,Rule-Based (tuned),rule_based,108,2,32.57,68.0,107.0,100.2,1002,58.64,89.0,7.724,17.841,191,6.25,0.8,"Bounded (75-85% Saturation, Asymmetric)",[],[]
directional_moderate,Rule-Based (tuned),rule_based,107,2,30.28,58.1,93.0,99.4,994,54.5,90.0,7.125,16.46,208,5.42,0.8,"Bounded (75-85% Saturation, Asymmetric)",[],[]
directional_moderate,Rule-Based (tuned),rule_based,109,2,30.71,59.0,83.0,102.6,1026,56.29,77.0,7.392,17.075,208,5.68,0.8,"Bounded (75-85% Saturation, Asymmetric)",[],[]
directional_moderate,Rule-Based (tuned),rule_based,111,2,29.55,62.0,102.0,100.5,1005,53.49,80.0,7.012,16.198,201,5.27,0.8,"Bounded (75-85% Saturation, Asymmetric)",[],[]
directional_moderate,Rule-Based (tuned),rule_based,110,2,28.22,55.0,85.0,98.3,983,50.27,79.0,6.603,15.254,206,5.52,0.8,"Bounded (75-85% Saturation, Asymmetric)",[],[]
directional_moderate,Rule-Based (tuned),rule_based,112,2,29.03,57.0,93.0,97.1,971,51.33,76.0,6.689,15.451,202,5.63,0.8,"Bounded (75-85% Saturation, Asymmetric)",[],[]
directional_moderate,Rule-Based (tuned),rule_based,113,2,27.83,52.0,87.0,98.8,988,50.28,80.0,6.542,15.112,214,5.79,0.8,"Bounded (75-85% Saturation, Asymmetric)",[],[]
directional_moderate,Rule-Based (tuned),rule_based,114,2,27.45,48.0,79.0,99.2,992,48.39,73.0,6.337,14.639,215,4.38,0.8,"Bounded (75-85% Saturation, Asymmetric)",[],[]
directional_moderate,Rule-Based (tuned),rule_based,115,2,30.09,58.0,94.0,98.4,984,54.33,85.0,7.082,16.359,205,6.27,0.8,"Bounded (75-85% Saturation, Asymmetric)",[],[]
moderate_load,"Hybrid (QAOA Raw, 5 seeds)",hybrid_qaoa,104,2,30.61,65.0,91.0,99.2,992,55.45,79.0,7.238,16.719,220,4.61,0.72,Bounded (75-80% Saturation),"[1.0, 1.0, 1.0, 1.0, 0.8667, 1.0, 1.0, 0.975, 1.0, 1.0, 0.7921, 0.7194, 0.9906, 0.97, 0.8611, 1.0, 0.9906, 0.6575, 0.9815, 0.9667, 0.8111, 0.9964, 0.9176, 0.801, 1.0, 0.8745, 0.7694, 0.9767, 1.0, 0.8913, 0.9045, 0.8818, 1.0, 0.9759, 0.9464, 0.9813, 1.0, 0.9885, 0.93, 1.0, 0.9923, 1.0, 0.9625, 0.7083, 1.0, 1.0, 1.0, 1.0, 1.0, 1.0, 1.0, 1.0, 1.0, 1.0, 1.0, 1.0, 1.0, 1.0, 1.0, 1.0]","[1, 1, 1, 1, 0, 1, 1, 0, 1, 1, 0, 0, 0, 0, 0, 1, 0, 0, 0, 0, 0, 0, 0, 0, 1, 0, 0, 0, 1, 0, 0, 0, 1, 0, 0, 0, 1, 0, 0, 1, 0, 1, 0, 0, 1, 1, 1, 1, 1, 1, 1, 1, 1, 1, 1, 1, 1, 1, 1, 1]"
directional_moderate,Rule-Based (tuned),rule_based,117,2,26.26,49.0,95.0,98.6,986,46.43,69.0,6.082,14.048,209,4.73,0.8,"Bounded (75-85% Saturation, Asymmetric)",[],[]
directional_moderate,Rule-Based (tuned),rule_based,116,2,31.81,61.0,99.0,98.8,988,58.02,102.0,7.591,17.536,203,5.91,0.8,"Bounded (75-85% Saturation, Asymmetric)",[],[]
directional_moderate,Rule-Based (tuned),rule_based,118,2,31.96,60.0,93.0,100.0,1000,59.67,96.0,7.785,17.983,201,5.87,0.8,"Bounded (75-85% Saturation, Asymmetric)",[],[]
directional_moderate,Rule-Based (tuned),rule_based,119,2,35.36,77.0,151.0,98.5,985,63.24,98.0,8.273,19.111,216,4.93,0.8,"Bounded (75-85% Saturation, Asymmetric)",[],[]
directional_moderate,Max-Pressure (tuned),max_pressure,102,2,38.78,76.0,93.0,97.0,970,70.57,131.0,9.28,21.437,214,4.94,0.8,"Bounded (75-85% Saturation, Asymmetric)",[],[]
directional_moderate,Max-Pressure (tuned),max_pressure,104,2,33.97,71.0,98.0,96.8,968,62.58,100.0,8.062,18.622,232,5.44,0.8,"Bounded (75-85% Saturation, Asymmetric)",[],[]
directional_moderate,Max-Pressure (tuned),max_pressure,100,2,34.4,69.0,91.0,97.6,976,62.55,93.0,8.157,18.843,216,5.02,0.8,"Bounded (75-85% Saturation, Asymmetric)",[],[]
directional_moderate,Max-Pressure (tuned),max_pressure,105,2,37.7,67.0,87.0,99.5,995,70.11,105.0,9.139,21.112,213,4.44,0.8,"Bounded (75-85% Saturation, Asymmetric)",[],[]
directional_moderate,Max-Pressure (tuned),max_pressure,101,2,34.21,65.3,83.0,94.0,940,60.41,99.0,7.869,18.177,230,4.57,0.8,"Bounded (75-85% Saturation, Asymmetric)",[],[]
directional_moderate,Max-Pressure (tuned),max_pressure,103,2,34.07,62.0,80.0,96.4,964,60.5,90.0,7.896,18.239,225,4.6,0.8,"Bounded (75-85% Saturation, Asymmetric)",[],[]
directional_moderate,Max-Pressure (tuned),max_pressure,108,2,38.88,84.0,104.0,97.6,976,70.55,102.0,9.168,21.178,216,5.33,0.8,"Bounded (75-85% Saturation, Asymmetric)",[],[]
directional_moderate,Max-Pressure (tuned),max_pressure,107,2,35.45,78.0,94.0,97.9,979,64.28,94.0,8.399,19.401,228,4.39,0.8,"Bounded (75-85% Saturation, Asymmetric)",[],[]
moderate_load,"Hybrid (QAOA Polish, 5 seeds)",hybrid_qaoa,102,2,26.48,46.0,70.0,98.2,982,46.35,73.0,6.062,14.002,199,4.1,0.72,Bounded (75-80% Saturation),"[1.0, 1.0, 1.0, 1.0, 1.0, 1.0, 1.0, 1.0, 1.0, 1.0, 1.0, 1.0, 1.0, 1.0, 1.0, 1.0, 1.0, 1.0, 1.0, 1.0, 1.0, 1.0, 1.0, 1.0, 1.0, 1.0, 1.0, 1.0, 1.0, 1.0, 1.0, 1.0, 1.0, 1.0, 1.0, 1.0, 1.0, 1.0, 1.0, 1.0, 1.0, 1.0, 1.0, 1.0, 1.0, 1.0, 1.0, 1.0, 1.0, 1.0, 1.0, 1.0, 1.0, 1.0, 1.0, 1.0, 1.0, 1.0, 1.0, 1.0]","[1, 1, 1, 1, 1, 1, 1, 1, 1, 1, 1, 1, 1, 1, 1, 1, 1, 1, 1, 1, 1, 1, 1, 1, 1, 1, 1, 1, 1, 1, 1, 1, 1, 1, 1, 1, 1, 1, 1, 1, 1, 1, 1, 1, 1, 1, 1, 1, 1, 1, 1, 1, 1, 1, 1, 1, 1, 1, 1, 1]"
directional_moderate,Max-Pressure (tuned),max_pressure,106,2,31.93,57.0,70.0,93.0,930,54.68,83.0,7.152,16.522,229,4.72,0.8,"Bounded (75-85% Saturation, Asymmetric)",[],[]
directional_moderate,Max-Pressure (tuned),max_pressure,110,2,33.93,69.0,86.0,96.3,963,60.84,97.0,7.977,18.427,226,4.73,0.8,"Bounded (75-85% Saturation, Asymmetric)",[],[]
directional_moderate,Max-Pressure (tuned),max_pressure,109,2,39.41,77.0,96.0,99.4,994,72.58,104.0,9.494,21.931,228,4.66,0.8,"Bounded (75-85% Saturation, Asymmetric)",[],[]
directional_moderate,Max-Pressure (tuned),max_pressure,112,2,34.98,78.0,100.0,94.5,945,62.05,100.0,8.093,18.695,228,4.59,0.8,"Bounded (75-85% Saturation, Asymmetric)",[],[]
directional_moderate,Max-Pressure (tuned),max_pressure,114,2,33.4,57.25,73.0,97.7,977,59.21,87.0,7.69,17.765,232,4.57,0.8,"Bounded (75-85% Saturation, Asymmetric)",[],[]
directional_moderate,Max-Pressure (tuned),max_pressure,113,2,34.02,65.0,81.0,96.7,967,61.4,97.0,7.975,18.422,229,4.63,0.8,"Bounded (75-85% Saturation, Asymmetric)",[],[]
directional_moderate,Max-Pressure (tuned),max_pressure,117,2,36.09,70.0,89.0,96.6,966,64.22,88.0,8.388,19.377,229,4.49,0.8,"Bounded (75-85% Saturation, Asymmetric)",[],[]
directional_moderate,Max-Pressure (tuned),max_pressure,116,2,38.03,67.0,95.0,97.0,970,69.73,111.0,9.052,20.91,232,4.46,0.8,"Bounded (75-85% Saturation, Asymmetric)",[],[]
directional_moderate,Max-Pressure (tuned),max_pressure,111,2,38.13,83.0,102.0,97.6,976,69.34,99.0,8.966,20.711,221,4.46,0.8,"Bounded (75-85% Saturation, Asymmetric)",[],[]
directional_moderate,Max-Pressure (tuned),max_pressure,115,2,35.29,73.0,102.0,97.2,972,63.98,96.0,8.288,19.146,222,4.28,0.8,"Bounded (75-85% Saturation, Asymmetric)",[],[]
directional_moderate,Max-Pressure (tuned),max_pressure,119,2,40.86,83.0,120.0,97.3,973,73.63,105.0,9.615,22.211,229,4.03,0.8,"Bounded (75-85% Saturation, Asymmetric)",[],[]
directional_moderate,Max-Pressure (tuned),max_pressure,118,2,39.27,73.0,93.0,97.1,971,73.8,126.0,9.573,22.114,219,4.61,0.8,"Bounded (75-85% Saturation, Asymmetric)",[],[]
directional_moderate,Hybrid (uncoupled),hybrid_bf,100,2,31.46,53.0,77.0,99.4,994,56.59,80.0,7.438,17.181,202,4.3,0.8,"Bounded (75-85% Saturation, Asymmetric)",[],[]
directional_moderate,Hybrid (uncoupled),hybrid_bf,101,2,30.57,52.6,84.0,96.2,962,53.53,75.0,6.991,16.149,216,5.07,0.8,"Bounded (75-85% Saturation, Asymmetric)",[],[]
directional_moderate,Hybrid (uncoupled),hybrid_bf,102,2,36.08,67.0,132.0,99.6,996,65.73,112.0,8.612,19.894,204,5.36,0.8,"Bounded (75-85% Saturation, Asymmetric)",[],[]
directional_moderate,Hybrid (uncoupled),hybrid_bf,104,2,31.78,59.0,83.0,96.8,968,57.98,109.0,7.544,17.426,218,4.7,0.8,"Bounded (75-85% Saturation, Asymmetric)",[],[]
directional_moderate,Hybrid (uncoupled),hybrid_bf,107,2,35.04,66.85,115.0,98.6,986,63.05,95.0,8.286,19.14,212,4.53,0.8,"Bounded (75-85% Saturation, Asymmetric)",[],[]
directional_moderate,Hybrid (uncoupled),hybrid_bf,106,2,28.38,52.0,74.0,94.9,949,48.35,69.0,6.358,14.686,209,4.48,0.8,"Bounded (75-85% Saturation, Asymmetric)",[],[]
directional_moderate,Hybrid (uncoupled),hybrid_bf,108,2,35.83,75.0,121.0,99.3,993,64.42,91.0,8.464,19.553,207,5.42,0.8,"Bounded (75-85% Saturation, Asymmetric)",[],[]
directional_moderate,Hybrid (uncoupled),hybrid_bf,103,2,30.85,54.0,75.0,98.1,981,54.26,77.0,7.116,16.437,205,4.48,0.8,"Bounded (75-85% Saturation, Asymmetric)",[],[]
directional_moderate,Hybrid (uncoupled),hybrid_bf,109,2,33.95,58.0,88.0,101.9,1019,62.8,83.0,8.246,19.048,208,4.64,0.8,"Bounded (75-85% Saturation, Asymmetric)",[],[]
directional_moderate,Hybrid (uncoupled),hybrid_bf,110,2,32.77,62.0,103.0,97.7,977,58.31,84.0,7.631,17.627,202,4.02,0.8,"Bounded (75-85% Saturation, Asymmetric)",[],[]
directional_moderate,Hybrid (uncoupled),hybrid_bf,105,2,36.15,64.0,114.0,100.1,1001,66.84,96.0,8.74,20.189,200,4.58,0.8,"Bounded (75-85% Saturation, Asymmetric)",[],[]
directional_moderate,Hybrid (uncoupled),hybrid_bf,111,2,35.02,72.0,115.0,99.1,991,62.96,85.0,8.28,19.126,202,4.83,0.8,"Bounded (75-85% Saturation, Asymmetric)",[],[]
directional_moderate,Hybrid (uncoupled),hybrid_bf,112,2,30.8,57.0,89.0,96.2,962,54.49,83.0,7.124,16.457,194,3.7,0.8,"Bounded (75-85% Saturation, Asymmetric)",[],[]
directional_moderate,Hybrid (uncoupled),hybrid_bf,113,2,30.8,58.15,96.0,98.0,980,55.05,80.0,7.242,16.729,219,4.22,0.8,"Bounded (75-85% Saturation, Asymmetric)",[],[]
directional_moderate,Hybrid (uncoupled),hybrid_bf,114,2,30.62,58.0,86.0,98.6,986,53.62,80.0,7.055,16.297,211,3.85,0.8,"Bounded (75-85% Saturation, Asymmetric)",[],[]
directional_moderate,Hybrid (uncoupled),hybrid_bf,115,2,35.42,67.0,127.0,97.5,975,63.65,103.0,8.343,19.273,209,3.93,0.8,"Bounded (75-85% Saturation, Asymmetric)",[],[]
directional_moderate,Hybrid (uncoupled),hybrid_bf,116,2,34.4,66.0,115.0,98.4,984,62.6,100.0,8.226,19.003,206,4.66,0.8,"Bounded (75-85% Saturation, Asymmetric)",[],[]
directional_moderate,Hybrid (uncoupled),hybrid_bf,118,2,36.05,68.0,110.0,98.0,980,67.43,120.0,8.812,20.357,207,4.65,0.8,"Bounded (75-85% Saturation, Asymmetric)",[],[]
directional_moderate,Hybrid (uncoupled),hybrid_bf,117,2,31.6,57.0,87.0,98.3,983,55.73,85.0,7.359,16.999,214,4.94,0.8,"Bounded (75-85% Saturation, Asymmetric)",[],[]
directional_moderate,Hybrid Controller (Brute-Force),hybrid_bf,101,2,29.88,57.0,90.0,96.4,964,52.35,75.0,6.827,15.77,207,4.04,0.8,"Bounded (75-85% Saturation, Asymmetric)",[],[]
directional_moderate,Hybrid Controller (Brute-Force),hybrid_bf,102,2,34.79,70.0,150.0,99.9,999,63.17,109.0,8.281,19.129,202,4.53,0.8,"Bounded (75-85% Saturation, Asymmetric)",[],[]
directional_moderate,Hybrid (uncoupled),hybrid_bf,119,2,41.02,85.2,170.0,96.8,968,72.81,108.0,9.634,22.256,217,3.98,0.8,"Bounded (75-85% Saturation, Asymmetric)",[],[]
directional_moderate,Hybrid Controller (Brute-Force),hybrid_bf,100,2,31.09,59.0,89.0,99.9,999,56.08,75.0,7.393,17.079,208,5.14,0.8,"Bounded (75-85% Saturation, Asymmetric)",[],[]
directional_moderate,Hybrid Controller (Brute-Force),hybrid_bf,104,2,31.66,59.0,105.0,96.8,968,57.8,101.0,7.514,17.357,222,5.22,0.8,"Bounded (75-85% Saturation, Asymmetric)",[],[]
directional_moderate,Hybrid Controller (Brute-Force),hybrid_bf,105,2,36.24,75.0,130.0,99.9,999,67.33,103.0,8.762,20.241,197,5.48,0.8,"Bounded (75-85% Saturation, Asymmetric)",[],[]
directional_moderate,Hybrid Controller (Brute-Force),hybrid_bf,106,2,29.32,52.0,74.0,94.8,948,49.85,72.0,6.56,15.155,207,4.73,0.8,"Bounded (75-85% Saturation, Asymmetric)",[],[]
directional_moderate,Hybrid Controller (Brute-Force),hybrid_bf,103,2,30.81,56.0,85.0,97.9,979,54.55,83.0,7.154,16.525,220,3.72,0.8,"Bounded (75-85% Saturation, Asymmetric)",[],[]
directional_moderate,Hybrid Controller (Brute-Force),hybrid_bf,107,2,34.05,64.1,115.0,98.4,984,61.06,92.0,8.014,18.512,209,4.81,0.8,"Bounded (75-85% Saturation, Asymmetric)",[],[]
directional_moderate,Hybrid Controller (Brute-Force),hybrid_bf,110,2,29.98,57.0,111.0,97.6,976,53.35,78.0,7.015,16.205,205,4.95,0.8,"Bounded (75-85% Saturation, Asymmetric)",[],[]
directional_moderate,Hybrid Controller (Brute-Force),hybrid_bf,109,2,34.16,60.0,86.0,101.6,1016,62.75,87.0,8.252,19.062,214,4.86,0.8,"Bounded (75-85% Saturation, Asymmetric)",[],[]
directional_moderate,Hybrid Controller (Brute-Force),hybrid_bf,112,2,29.72,58.0,94.0,96.6,966,52.36,80.0,6.882,15.898,193,4.95,0.8,"Bounded (75-85% Saturation, Asymmetric)",[],[]
directional_moderate,Hybrid Controller (Brute-Force),hybrid_bf,113,2,30.24,56.0,101.0,97.8,978,54.34,85.0,7.077,16.347,221,4.58,0.8,"Bounded (75-85% Saturation, Asymmetric)",[],[]
directional_moderate,Hybrid Controller (Brute-Force),hybrid_bf,114,2,31.39,62.0,114.0,98.1,981,55.03,83.0,7.247,16.741,209,4.3,0.8,"Bounded (75-85% Saturation, Asymmetric)",[],[]
directional_moderate,Hybrid Controller (Brute-Force),hybrid_bf,108,2,36.43,74.0,126.0,98.9,989,65.57,100.0,8.622,19.918,196,5.23,0.8,"Bounded (75-85% Saturation, Asymmetric)",[],[]
directional_moderate,Hybrid Controller (Brute-Force),hybrid_bf,115,2,33.29,65.0,104.0,98.5,985,59.9,90.0,7.849,18.13,208,4.6,0.8,"Bounded (75-85% Saturation, Asymmetric)",[],[]
directional_moderate,Hybrid Controller (Brute-Force),hybrid_bf,111,2,32.6,64.0,104.0,100.3,1003,59.03,89.0,7.767,17.942,197,5.23,0.8,"Bounded (75-85% Saturation, Asymmetric)",[],[]
directional_moderate,Hybrid Controller (Brute-Force),hybrid_bf,117,2,32.96,60.0,89.0,97.2,972,58.03,87.0,7.625,17.614,206,5.7,0.8,"Bounded (75-85% Saturation, Asymmetric)",[],[]
directional_moderate,Hybrid Controller (Brute-Force),hybrid_bf,118,2,33.34,64.0,100.0,98.7,987,62.77,107.0,8.106,18.726,201,4.73,0.8,"Bounded (75-85% Saturation, Asymmetric)",[],[]
directional_moderate,Hybrid Controller (Brute-Force),hybrid_bf,116,2,33.53,64.0,105.0,99.0,990,61.21,108.0,8.033,18.555,216,4.89,0.8,"Bounded (75-85% Saturation, Asymmetric)",[],[]
directional_moderate,Hybrid Controller (Brute-Force),hybrid_bf,119,2,39.91,82.0,162.0,97.4,974,71.02,106.0,9.401,21.716,226,4.1,0.8,"Bounded (75-85% Saturation, Asymmetric)",[],[]
directional_moderate,"Hybrid (QAOA Polish, 5 seeds)",hybrid_qaoa,104,2,31.31,60.95,105.0,97.0,970,56.59,92.0,7.388,17.067,216,5.1,0.8,"Bounded (75-85% Saturation, Asymmetric)","[1.0, 1.0, 1.0, 1.0, 1.0, 1.0, 1.0, 1.0, 1.0, 1.0, 1.0, 1.0, 1.0, 1.0, 1.0, 1.0, 1.0, 1.0, 1.0, 1.0, 1.0, 1.0, 1.0, 1.0, 1.0, 1.0, 1.0, 1.0, 1.0, 1.0, 1.0, 1.0, 1.0, 1.0, 1.0, 1.0, 1.0, 1.0, 1.0, 1.0, 1.0, 1.0, 1.0, 1.0, 1.0, 1.0, 1.0, 1.0, 1.0, 1.0, 1.0, 1.0, 1.0, 1.0, 1.0, 1.0, 1.0, 1.0, 1.0, 1.0]","[1, 1, 1, 1, 1, 1, 1, 1, 1, 1, 1, 1, 1, 1, 1, 1, 1, 1, 1, 1, 1, 1, 1, 1, 1, 1, 1, 1, 1, 1, 1, 1, 1, 1, 1, 1, 1, 1, 1, 1, 1, 1, 1, 1, 1, 1, 1, 1, 1, 1, 1, 1, 1, 1, 1, 1, 1, 1, 1, 1]"
incident_moderate,Fixed-Timing Baseline,fixed,100,2,34.06,68.0,112.0,98.7,987,61.11,84.0,8.031,18.551,114,6.96,0.72,Bounded + Bottleneck Incident,[],[]
incident_moderate,Fixed-Timing Baseline,fixed,101,2,32.73,61.0,106.0,97.3,973,57.72,87.0,7.593,17.54,114,7.64,0.72,Bounded + Bottleneck Incident,[],[]
incident_moderate,Fixed-Timing Baseline,fixed,102,2,34.92,76.0,127.0,95.8,958,60.69,94.0,7.977,18.427,114,7.57,0.72,Bounded + Bottleneck Incident,[],[]
incident_moderate,Fixed-Timing Baseline,fixed,103,2,33.13,63.9,90.0,97.7,977,58.51,92.0,7.68,17.74,114,9.16,0.72,Bounded + Bottleneck Incident,[],[]
incident_moderate,Fixed-Timing Baseline,fixed,104,2,38.97,139.1,194.0,96.7,967,70.02,108.0,9.171,21.186,114,7.61,0.72,Bounded + Bottleneck Incident,[],[]
incident_moderate,Fixed-Timing Baseline,fixed,105,2,34.37,71.85,115.0,97.9,979,60.58,94.0,7.974,18.42,114,6.27,0.72,Bounded + Bottleneck Incident,[],[]
incident_moderate,Fixed-Timing Baseline,fixed,106,2,35.25,79.4,113.0,94.7,947,60.1,93.0,7.935,18.329,114,7.74,0.72,Bounded + Bottleneck Incident,[],[]
incident_moderate,Fixed-Timing Baseline,fixed,107,2,33.67,64.0,92.0,98.5,985,58.93,82.0,7.76,17.926,114,6.27,0.72,Bounded + Bottleneck Incident,[],[]
incident_moderate,Fixed-Timing Baseline,fixed,108,2,35.99,70.0,91.0,97.2,972,62.0,89.0,8.198,18.937,114,7.47,0.72,Bounded + Bottleneck Incident,[],[]
incident_moderate,Fixed-Timing Baseline,fixed,109,2,36.42,71.0,140.0,100.1,1001,64.48,93.0,8.571,19.799,114,7.69,0.72,Bounded + Bottleneck Incident,[],[]
directional_moderate,"Hybrid (QAOA Polish, 5 seeds)",hybrid_qaoa,101,2,30.16,59.0,94.0,95.5,955,52.67,84.0,6.93,16.008,207,4.48,0.8,"Bounded (75-85% Saturation, Asymmetric)","[1.0, 1.0, 0.9412, 1.0, 1.0, 1.0, 1.0, 1.0, 1.0, 1.0, 1.0, 1.0, 1.0, 1.0, 1.0, 1.0, 1.0, 1.0, 1.0, 1.0, 1.0, 1.0, 1.0, 1.0, 1.0, 1.0, 1.0, 1.0, 1.0, 1.0, 1.0, 1.0, 1.0, 1.0, 1.0, 0.9954, 1.0, 1.0, 1.0, 1.0, 1.0, 1.0, 1.0, 1.0, 1.0, 1.0, 1.0, 1.0, 1.0, 1.0, 1.0, 1.0, 1.0, 1.0, 1.0, 1.0, 1.0, 1.0, 1.0, 1.0]","[1, 1, 0, 1, 1, 1, 1, 1, 1, 1, 1, 1, 1, 1, 1, 1, 1, 1, 1, 1, 1, 1, 1, 1, 1, 1, 1, 1, 1, 1, 1, 1, 1, 1, 1, 0, 1, 1, 1, 1, 1, 1, 1, 1, 1, 1, 1, 1, 1, 1, 1, 1, 1, 1, 1, 1, 1, 1, 1, 1]"
incident_moderate,Fixed-Timing Baseline,fixed,110,2,35.69,80.8,180.0,98.0,980,62.64,98.0,8.272,19.108,114,7.82,0.72,Bounded + Bottleneck Incident,[],[]
directional_moderate,"Hybrid (QAOA Raw, 5 seeds)",hybrid_qaoa,101,2,34.27,71.0,91.0,94.9,949,60.3,90.0,7.874,18.19,203,5.07,0.8,"Bounded (75-85% Saturation, Asymmetric)","[1.0, 1.0, 0.9412, 0.995, 1.0, 1.0, 1.0, 1.0, 1.0, 1.0, 1.0, 1.0, 1.0, 1.0, 1.0, 1.0, 1.0, 1.0, 1.0, 1.0, 1.0, 1.0, 0.928, 1.0, 0.9639, 0.9719, 0.8698, 0.9677, 0.9717, 0.8153, 0.7942, 0.5134, 0.9556, 1.0, 1.0, 1.0, 0.6962, 0.9345, 1.0, 0.9628, 0.9849, 0.8089, 0.8277, 0.7931, 0.6943, 0.851, 0.8757, 0.6356, 0.796, 1.0, 1.0, 0.8014, 0.9722, 0.9419, 0.7128, 0.8382, 0.8925, 1.0, 0.8345, 0.847]","[1, 1, 0, 0, 1, 1, 1, 1, 1, 1, 1, 1, 1, 1, 1, 1, 1, 1, 1, 1, 1, 1, 0, 1, 0, 0, 0, 0, 0, 0, 0, 0, 0, 1, 1, 1, 0, 0, 1, 0, 0, 0, 0, 0, 0, 0, 0, 0, 0, 1, 1, 0, 0, 0, 0, 0, 0, 1, 0, 0]"
incident_moderate,Fixed-Timing Baseline,fixed,111,2,37.01,75.0,145.0,99.6,996,66.88,100.0,8.776,20.273,114,8.49,0.72,Bounded + Bottleneck Incident,[],[]
incident_moderate,Fixed-Timing Baseline,fixed,112,2,33.65,71.75,107.0,96.3,963,58.63,91.0,7.672,17.723,114,7.58,0.72,Bounded + Bottleneck Incident,[],[]
incident_moderate,Fixed-Timing Baseline,fixed,113,2,38.25,104.0,169.0,98.7,987,69.13,104.0,9.103,21.029,114,7.66,0.72,Bounded + Bottleneck Incident,[],[]
incident_moderate,Fixed-Timing Baseline,fixed,114,2,33.36,63.0,95.0,98.1,981,57.84,88.0,7.643,17.656,114,6.95,0.72,Bounded + Bottleneck Incident,[],[]
incident_moderate,Fixed-Timing Baseline,fixed,115,2,33.46,61.0,75.0,99.2,992,59.3,89.0,7.851,18.137,114,8.02,0.72,Bounded + Bottleneck Incident,[],[]
incident_moderate,Fixed-Timing Baseline,fixed,116,2,34.32,66.0,104.0,98.1,981,61.01,95.0,8.077,18.657,114,9.31,0.72,Bounded + Bottleneck Incident,[],[]
incident_moderate,Fixed-Timing Baseline,fixed,117,2,35.8,92.6,131.0,98.3,983,63.13,100.0,8.345,19.276,114,8.05,0.72,Bounded + Bottleneck Incident,[],[]
incident_moderate,Fixed-Timing Baseline,fixed,118,2,35.21,79.0,122.0,100.6,1006,65.2,102.0,8.582,19.825,114,7.55,0.72,Bounded + Bottleneck Incident,[],[]
incident_moderate,Fixed-Timing Baseline,fixed,119,2,41.84,112.0,163.0,99.5,995,76.57,115.0,10.052,23.219,114,7.24,0.72,Bounded + Bottleneck Incident,[],[]
incident_moderate,Fixed (tuned),fixed,100,2,32.3,64.0,89.0,98.9,989,58.1,80.0,7.6,17.557,138,5.72,0.72,Bounded + Bottleneck Incident,[],[]
incident_moderate,Fixed (tuned),fixed,101,2,31.4,64.0,97.0,97.5,975,55.61,83.0,7.271,16.797,138,6.71,0.72,Bounded + Bottleneck Incident,[],[]
incident_moderate,Fixed (tuned),fixed,102,2,33.86,74.0,113.0,96.1,961,58.91,95.0,7.714,17.818,138,5.12,0.72,Bounded + Bottleneck Incident,[],[]
directional_moderate,"Hybrid (QAOA Raw, 5 seeds)",hybrid_qaoa,102,2,41.58,87.35,139.0,97.1,971,75.61,138.0,9.924,22.924,179,5.35,0.8,"Bounded (75-85% Saturation, Asymmetric)","[1.0, 0.9667, 1.0, 1.0, 0.9902, 1.0, 1.0, 1.0, 1.0, 1.0, 1.0, 1.0, 1.0, 1.0, 1.0, 1.0, 0.9103, 1.0, 0.9866, 0.9363, 0.8271, 1.0, 0.8954, 0.743, 1.0, 0.6578, 0.7547, 0.9953, 0.8961, 0.8365, 1.0, 0.9275, 1.0, 0.8988, 1.0, 0.8863, 0.9618, 0.6101, 1.0, 0.901, 1.0, 1.0, 1.0, 1.0, 0.7537, 0.9123, 0.8024, 0.7152, 1.0, 0.8732, 0.8249, 1.0, 0.8822, 0.747, 0.8659, 0.8026, 0.898, 0.8694, 0.9941, 0.7114]","[1, 0, 1, 1, 0, 1, 1, 1, 1, 1, 1, 1, 1, 1, 1, 1, 0, 1, 0, 0, 0, 1, 0, 0, 1, 0, 0, 0, 0, 0, 1, 0, 1, 0, 1, 0, 0, 0, 1, 0, 1, 1, 1, 1, 0, 0, 0, 0, 1, 0, 0, 1, 0, 0, 0, 0, 0, 0, 0, 0]"
incident_moderate,Fixed (tuned),fixed,103,2,32.26,67.0,81.0,97.9,979,57.14,85.0,7.455,17.221,138,6.01,0.72,Bounded + Bottleneck Incident,[],[]
incident_moderate,Fixed (tuned),fixed,104,2,38.28,132.0,188.0,96.5,965,69.08,106.0,8.992,20.77,138,6.96,0.72,Bounded + Bottleneck Incident,[],[]
incident_moderate,Fixed (tuned),fixed,105,2,32.92,65.0,85.0,98.0,980,58.3,86.0,7.609,17.576,138,5.83,0.72,Bounded + Bottleneck Incident,[],[]
incident_moderate,Fixed (tuned),fixed,107,2,31.77,60.0,96.0,98.4,984,56.02,81.0,7.292,16.845,138,6.5,0.72,Bounded + Bottleneck Incident,[],[]
incident_moderate,Fixed (tuned),fixed,106,2,32.59,68.0,116.0,94.5,945,55.69,89.0,7.278,16.811,138,7.02,0.72,Bounded + Bottleneck Incident,[],[]
directional_moderate,"Hybrid (QAOA Raw, 5 seeds)",hybrid_qaoa,100,2,38.29,67.0,110.0,97.2,972,68.89,103.0,9.036,20.874,177,6.73,0.8,"Bounded (75-85% Saturation, Asymmetric)","[1.0, 0.9882, 1.0, 1.0, 0.7782, 0.9688, 1.0, 1.0, 1.0, 1.0, 1.0, 1.0, 1.0, 1.0, 1.0, 1.0, 1.0, 1.0, 1.0, 1.0, 1.0, 1.0, 1.0, 0.872, 1.0, 0.9291, 0.8697, 1.0, 0.7431, 0.7529, 0.9565, 0.7816, 1.0, 0.9635, 0.807, 0.7651, 0.8627, 0.9775, 1.0, 0.7841, 0.9537, 0.86, 0.8685, 0.8343, 1.0, 0.6203, 0.7992, 0.8854, 0.9347, 0.8195, 1.0, 0.7663, 1.0, 0.7244, 0.6693, 0.914, 0.8979, 1.0, 0.9296, 1.0]","[1, 0, 1, 1, 0, 0, 1, 1, 1, 1, 1, 1, 1, 1, 1, 1, 1, 1, 1, 1, 1, 1, 1, 0, 1, 0, 0, 1, 0, 0, 0, 0, 1, 0, 0, 0, 0, 0, 1, 0, 0, 0, 0, 0, 1, 0, 0, 0, 0, 0, 1, 0, 1, 0, 0, 0, 0, 1, 0, 1]"
incident_moderate,Fixed (tuned),fixed,108,2,34.01,73.95,110.0,96.9,969,58.8,87.0,7.725,17.844,138,6.09,0.72,Bounded + Bottleneck Incident,[],[]
incident_moderate,Fixed (tuned),fixed,109,2,34.62,77.0,119.0,100.6,1006,61.3,89.0,8.094,18.698,138,6.2,0.72,Bounded + Bottleneck Incident,[],[]
incident_moderate,Fixed (tuned),fixed,110,2,34.14,76.1,150.0,98.2,982,60.12,94.0,7.889,18.224,138,8.0,0.72,Bounded + Bottleneck Incident,[],[]
incident_moderate,Fixed (tuned),fixed,111,2,35.75,81.0,120.0,100.1,1001,64.79,95.0,8.469,19.564,138,7.05,0.72,Bounded + Bottleneck Incident,[],[]
incident_moderate,Fixed (tuned),fixed,112,2,34.13,73.0,111.0,95.4,954,59.88,95.0,7.758,17.922,138,6.75,0.72,Bounded + Bottleneck Incident,[],[]
incident_moderate,Fixed (tuned),fixed,113,2,36.41,100.9,156.0,98.7,987,65.78,107.0,8.6,19.866,138,6.61,0.72,Bounded + Bottleneck Incident,[],[]
incident_moderate,Fixed (tuned),fixed,114,2,31.19,62.0,86.0,98.7,987,54.19,83.0,7.125,16.459,138,6.08,0.72,Bounded + Bottleneck Incident,[],[]
incident_moderate,Fixed (tuned),fixed,115,2,31.74,58.0,78.0,99.2,992,56.3,84.0,7.4,17.093,138,6.17,0.72,Bounded + Bottleneck Incident,[],[]
incident_moderate,Fixed (tuned),fixed,116,2,32.9,62.0,89.0,98.2,982,58.69,90.0,7.691,17.767,138,6.17,0.72,Bounded + Bottleneck Incident,[],[]
incident_moderate,Fixed (tuned),fixed,117,2,34.08,78.0,115.0,98.0,980,60.32,95.0,7.899,18.246,138,7.18,0.72,Bounded + Bottleneck Incident,[],[]
incident_moderate,Fixed (tuned),fixed,118,2,33.9,70.35,113.0,101.0,1010,62.96,101.0,8.241,19.036,138,6.42,0.72,Bounded + Bottleneck Incident,[],[]
incident_moderate,Fixed (tuned),fixed,119,2,39.61,106.3,157.0,100.1,1001,72.65,103.0,9.461,21.856,138,5.68,0.72,Bounded + Bottleneck Incident,[],[]
incident_moderate,Rule-Based (tuned),rule_based,100,2,24.57,51.0,83.0,101.5,1015,44.34,66.0,5.805,13.41,277,4.25,0.72,Bounded + Bottleneck Incident,[],[]
directional_moderate,"Hybrid (QAOA Raw, 5 seeds)",hybrid_qaoa,103,2,36.71,60.85,94.0,96.3,963,64.84,91.0,8.516,19.673,200,5.44,0.8,"Bounded (75-85% Saturation, Asymmetric)","[1.0, 0.9921, 1.0, 1.0, 0.66, 0.9504, 0.7453, 0.9119, 0.8978, 1.0, 0.9211, 0.8113, 0.8833, 0.7895, 0.7643, 0.6711, 0.804, 0.8855, 0.7648, 0.7063, 0.8357, 0.8546, 0.9676, 0.6765, 0.8226, 1.0, 0.9613, 0.8373, 0.8575, 1.0, 0.7493, 1.0, 1.0, 0.8266, 1.0, 0.9385, 0.7743, 0.9498, 0.9845, 1.0, 0.8664, 1.0, 0.8316, 0.893, 0.9521, 1.0, 1.0, 0.8742, 0.9422, 0.6639, 1.0, 0.6259, 0.8261, 1.0, 0.7984, 0.8603, 0.9433, 0.6998, 0.734, 0.9252]","[1, 0, 1, 1, 0, 0, 0, 0, 0, 1, 0, 0, 0, 0, 0, 0, 0, 0, 0, 0, 0, 0, 0, 0, 0, 1, 0, 0, 0, 1, 0, 1, 1, 0, 1, 0, 0, 0, 0, 1, 0, 1, 0, 0, 0, 1, 1, 0, 0, 0, 1, 0, 0, 1, 0, 0, 0, 0, 0, 0]"
incident_moderate,Rule-Based (tuned),rule_based,101,2,25.49,49.0,66.0,99.7,997,45.12,66.0,5.952,13.75,301,3.33,0.72,Bounded + Bottleneck Incident,[],[]
directional_moderate,"Hybrid (QAOA Polish, 5 seeds)",hybrid_qaoa,100,2,31.83,58.0,80.0,99.1,991,57.36,81.0,7.54,17.418,207,5.45,0.8,"Bounded (75-85% Saturation, Asymmetric)","[1.0, 0.9882, 1.0, 1.0, 1.0, 1.0, 1.0, 1.0, 1.0, 1.0, 1.0, 1.0, 1.0, 1.0, 1.0, 1.0, 1.0, 1.0, 1.0, 1.0, 1.0, 1.0, 1.0, 1.0, 1.0, 1.0, 1.0, 1.0, 1.0, 1.0, 1.0, 1.0, 1.0, 1.0, 1.0, 1.0, 1.0, 1.0, 1.0, 1.0, 1.0, 1.0, 1.0, 1.0, 1.0, 1.0, 1.0, 1.0, 1.0, 1.0, 0.9297, 1.0, 1.0, 1.0, 0.9947, 1.0, 1.0, 1.0, 1.0, 1.0]","[1, 0, 1, 1, 1, 1, 1, 1, 1, 1, 1, 1, 1, 1, 1, 1, 1, 1, 1, 1, 1, 1, 1, 1, 1, 1, 1, 1, 1, 1, 1, 1, 1, 1, 1, 1, 1, 1, 1, 1, 1, 1, 1, 1, 1, 1, 1, 1, 1, 1, 0, 1, 1, 1, 0, 1, 1, 1, 1, 1]"
incident_moderate,Rule-Based (tuned),rule_based,103,2,24.44,52.0,74.0,98.8,988,43.32,64.0,5.676,13.112,261,4.14,0.72,Bounded + Bottleneck Incident,[],[]
incident_moderate,Rule-Based (tuned),rule_based,102,2,25.9,70.0,93.0,96.7,967,45.36,80.0,5.927,13.692,271,3.75,0.72,Bounded + Bottleneck Incident,[],[]
incident_moderate,Rule-Based (tuned),rule_based,104,2,33.48,96.0,149.0,96.2,962,61.25,110.0,7.932,18.322,285,4.51,0.72,Bounded + Bottleneck Incident,[],[]
incident_moderate,Rule-Based (tuned),rule_based,105,2,23.71,45.0,67.0,99.8,998,42.22,71.0,5.558,12.839,269,3.77,0.72,Bounded + Bottleneck Incident,[],[]
incident_moderate,Rule-Based (tuned),rule_based,107,2,23.66,46.0,65.0,100.0,1000,42.01,63.0,5.474,12.646,294,3.45,0.72,Bounded + Bottleneck Incident,[],[]
incident_moderate,Rule-Based (tuned),rule_based,106,2,24.99,53.7,76.0,95.6,956,42.88,73.0,5.593,12.919,285,3.08,0.72,Bounded + Bottleneck Incident,[],[]
incident_moderate,Rule-Based (tuned),rule_based,108,2,26.34,53.0,88.0,98.1,981,45.77,67.0,5.999,13.858,285,3.39,0.72,Bounded + Bottleneck Incident,[],[]
incident_moderate,Rule-Based (tuned),rule_based,109,2,25.97,50.0,72.0,101.6,1016,46.25,66.0,6.095,14.08,296,3.56,0.72,Bounded + Bottleneck Incident,[],[]
incident_moderate,Rule-Based (tuned),rule_based,110,2,27.58,63.0,126.0,99.7,997,48.67,84.0,6.448,14.896,282,3.61,0.72,Bounded + Bottleneck Incident,[],[]
incident_moderate,Rule-Based (tuned),rule_based,111,2,26.74,57.0,85.0,102.3,1023,48.66,81.0,6.401,14.786,272,3.94,0.72,Bounded + Bottleneck Incident,[],[]
incident_moderate,Rule-Based (tuned),rule_based,112,2,22.18,43.0,72.0,97.5,975,39.04,68.0,5.102,11.787,275,3.66,0.72,Bounded + Bottleneck Incident,[],[]
incident_moderate,Rule-Based (tuned),rule_based,114,2,23.64,45.0,63.0,100.4,1004,40.98,65.0,5.405,12.485,299,3.01,0.72,Bounded + Bottleneck Incident,[],[]
incident_moderate,Rule-Based (tuned),rule_based,113,2,26.83,62.0,97.0,102.1,1021,48.45,78.0,6.392,14.767,264,3.4,0.72,Bounded + Bottleneck Incident,[],[]
incident_moderate,Rule-Based (tuned),rule_based,115,2,21.79,46.0,71.0,100.5,1005,38.9,65.0,5.124,11.835,261,3.14,0.72,Bounded + Bottleneck Incident,[],[]
incident_moderate,Rule-Based (tuned),rule_based,116,2,22.37,45.15,60.0,99.4,994,40.12,72.0,5.26,12.151,275,4.5,0.72,Bounded + Bottleneck Incident,[],[]
directional_moderate,"Hybrid (QAOA Raw, 5 seeds)",hybrid_qaoa,104,2,36.81,69.0,116.0,96.2,962,66.96,112.0,8.721,20.145,204,5.2,0.8,"Bounded (75-85% Saturation, Asymmetric)","[1.0, 1.0, 1.0, 1.0, 1.0, 1.0, 0.8075, 0.797, 1.0, 0.9095, 0.8716, 0.7674, 0.8234, 1.0, 0.9002, 1.0, 0.8908, 0.8741, 0.9095, 0.7989, 0.984, 0.9087, 0.952, 0.8621, 1.0, 0.8463, 0.8051, 1.0, 0.9467, 0.7459, 0.8802, 0.9046, 0.8889, 1.0, 0.7383, 0.9373, 0.7699, 0.9951, 0.9801, 0.7535, 0.9322, 0.9054, 0.7762, 0.9226, 0.9165, 0.8459, 0.9751, 1.0, 1.0, 0.9509, 1.0, 1.0, 0.9426, 0.8613, 0.9553, 0.7363, 1.0, 0.9871, 0.8297, 1.0]","[1, 1, 1, 1, 1, 1, 0, 0, 1, 0, 0, 0, 0, 1, 0, 1, 0, 0, 0, 0, 0, 0, 0, 0, 1, 0, 0, 1, 0, 0, 0, 0, 0, 1, 0, 0, 0, 0, 0, 0, 0, 0, 0, 0, 0, 0, 0, 1, 1, 0, 1, 1, 0, 0, 0, 0, 1, 0, 0, 1]"
incident_moderate,Rule-Based (tuned),rule_based,117,2,27.6,64.2,104.0,100.0,1000,48.93,77.0,6.458,14.918,275,3.63,0.72,Bounded + Bottleneck Incident,[],[]
incident_moderate,Rule-Based (tuned),rule_based,118,2,26.57,52.7,87.0,101.6,1016,49.76,91.0,6.537,15.1,284,3.76,0.72,Bounded + Bottleneck Incident,[],[]
incident_moderate,Rule-Based (tuned),rule_based,119,2,39.05,122.5,165.0,99.2,992,71.61,110.0,9.397,21.708,273,3.71,0.72,Bounded + Bottleneck Incident,[],[]
incident_moderate,Max-Pressure (tuned),max_pressure,100,2,19.65,47.0,76.0,101.1,1011,35.63,56.0,4.641,10.721,271,3.66,0.72,Bounded + Bottleneck Incident,[],[]
incident_moderate,Max-Pressure (tuned),max_pressure,101,2,19.3,44.0,63.0,100.2,1002,34.62,58.0,4.504,10.404,273,3.77,0.72,Bounded + Bottleneck Incident,[],[]
incident_moderate,Max-Pressure (tuned),max_pressure,102,2,25.02,62.3,86.0,97.6,976,43.73,70.0,5.755,13.294,269,4.14,0.72,Bounded + Bottleneck Incident,[],[]
incident_moderate,Max-Pressure (tuned),max_pressure,106,2,19.11,47.25,72.0,96.8,968,32.78,60.0,4.316,9.969,279,3.0,0.72,Bounded + Bottleneck Incident,[],[]
incident_moderate,Max-Pressure (tuned),max_pressure,103,2,23.06,54.0,77.0,99.1,991,41.17,62.0,5.36,12.381,274,3.99,0.72,Bounded + Bottleneck Incident,[],[]
incident_moderate,Max-Pressure (tuned),max_pressure,104,2,31.12,115.65,172.0,97.3,973,56.94,99.0,7.385,17.06,271,3.59,0.72,Bounded + Bottleneck Incident,[],[]
incident_moderate,Max-Pressure (tuned),max_pressure,105,2,19.24,43.0,59.0,100.6,1006,34.34,52.0,4.49,10.371,268,3.82,0.72,Bounded + Bottleneck Incident,[],[]
incident_moderate,Max-Pressure (tuned),max_pressure,107,2,19.58,41.0,64.0,101.4,1014,34.71,53.0,4.543,10.494,271,3.2,0.72,Bounded + Bottleneck Incident,[],[]
incident_moderate,Max-Pressure (tuned),max_pressure,108,2,22.44,50.0,94.0,99.8,998,39.15,58.0,5.155,11.908,271,3.76,0.72,Bounded + Bottleneck Incident,[],[]
incident_moderate,Max-Pressure (tuned),max_pressure,110,2,23.19,62.0,116.0,99.6,996,40.93,68.0,5.406,12.487,274,3.52,0.72,Bounded + Bottleneck Incident,[],[]
incident_moderate,Max-Pressure (tuned),max_pressure,109,2,24.46,54.0,73.0,102.5,1025,43.76,65.0,5.756,13.296,277,3.58,0.72,Bounded + Bottleneck Incident,[],[]
incident_moderate,Max-Pressure (tuned),max_pressure,111,2,24.26,68.0,97.0,102.5,1025,44.15,70.0,5.812,13.425,269,4.11,0.72,Bounded + Bottleneck Incident,[],[]
incident_moderate,Max-Pressure (tuned),max_pressure,114,2,21.26,48.0,70.0,99.2,992,37.11,57.0,4.876,11.264,273,3.29,0.72,Bounded + Bottleneck Incident,[],[]
incident_moderate,Max-Pressure (tuned),max_pressure,112,2,20.49,45.3,76.0,98.4,984,35.96,58.0,4.712,10.886,273,3.08,0.72,Bounded + Bottleneck Incident,[],[]
incident_moderate,Max-Pressure (tuned),max_pressure,113,2,25.01,80.0,126.0,101.5,1015,45.46,70.0,5.935,13.71,271,3.55,0.72,Bounded + Bottleneck Incident,[],[]
incident_moderate,Max-Pressure (tuned),max_pressure,115,2,21.0,47.0,79.0,100.7,1007,37.41,65.0,4.922,11.371,275,3.91,0.72,Bounded + Bottleneck Incident,[],[]
incident_moderate,Max-Pressure (tuned),max_pressure,116,2,20.62,46.0,64.0,100.2,1002,36.93,64.0,4.852,11.209,272,3.39,0.72,Bounded + Bottleneck Incident,[],[]
incident_moderate,Max-Pressure (tuned),max_pressure,118,2,20.3,42.0,73.0,104.3,1043,38.02,60.0,4.976,11.495,269,3.52,0.72,Bounded + Bottleneck Incident,[],[]
incident_moderate,Max-Pressure (tuned),max_pressure,117,2,22.01,57.0,90.0,101.2,1012,39.05,62.0,5.121,11.829,269,4.14,0.72,Bounded + Bottleneck Incident,[],[]
incident_moderate,Max-Pressure (tuned),max_pressure,119,2,28.5,79.0,123.0,102.1,1021,52.3,82.0,6.84,15.801,272,3.1,0.72,Bounded + Bottleneck Incident,[],[]
incident_moderate,Hybrid (uncoupled),hybrid_bf,100,2,28.56,56.0,90.0,99.3,993,51.39,76.0,6.728,15.541,326,3.04,0.72,Bounded + Bottleneck Incident,[],[]
incident_moderate,Hybrid (uncoupled),hybrid_bf,104,2,31.87,87.0,114.0,97.0,970,57.8,97.0,7.556,17.454,325,2.83,0.72,Bounded + Bottleneck Incident,[],[]
incident_moderate,Hybrid (uncoupled),hybrid_bf,105,2,26.45,48.0,69.0,99.4,994,47.06,69.0,6.208,14.34,332,2.8,0.72,Bounded + Bottleneck Incident,[],[]
incident_moderate,Hybrid (uncoupled),hybrid_bf,103,2,29.94,62.0,82.0,97.0,970,53.56,78.0,6.952,16.06,339,2.74,0.72,Bounded + Bottleneck Incident,[],[]
incident_moderate,Hybrid (uncoupled),hybrid_bf,101,2,25.46,48.0,69.0,98.7,987,45.33,65.0,5.929,13.696,346,2.7,0.72,Bounded + Bottleneck Incident,[],[]
incident_moderate,Hybrid (uncoupled),hybrid_bf,106,2,28.22,54.0,80.0,96.6,966,48.15,76.0,6.371,14.717,321,2.59,0.72,Bounded + Bottleneck Incident,[],[]
incident_moderate,Hybrid (uncoupled),hybrid_bf,107,2,27.44,50.0,73.0,99.6,996,48.35,67.0,6.385,14.75,332,3.01,0.72,Bounded + Bottleneck Incident,[],[]
incident_moderate,Hybrid (uncoupled),hybrid_bf,102,2,28.59,64.0,82.0,97.0,970,49.91,80.0,6.551,15.132,342,2.87,0.72,Bounded + Bottleneck Incident,[],[]
incident_moderate,Hybrid (uncoupled),hybrid_bf,109,2,28.38,54.0,94.0,101.2,1012,50.58,69.0,6.684,15.441,322,2.35,0.72,Bounded + Bottleneck Incident,[],[]
incident_moderate,Hybrid (uncoupled),hybrid_bf,114,2,25.53,47.0,67.0,99.6,996,44.34,67.0,5.878,13.578,348,3.18,0.72,Bounded + Bottleneck Incident,[],[]
incident_moderate,Hybrid (uncoupled),hybrid_bf,113,2,29.97,65.0,91.0,100.2,1002,54.11,82.0,7.106,16.416,337,2.65,0.72,Bounded + Bottleneck Incident,[],[]
incident_moderate,Hybrid (uncoupled),hybrid_bf,108,2,30.76,64.8,113.0,97.5,975,53.82,77.0,7.007,16.187,328,2.38,0.72,Bounded + Bottleneck Incident,[],[]
directional_moderate,"Hybrid (QAOA Polish, 5 seeds)",hybrid_qaoa,103,2,30.34,52.0,85.0,97.8,978,53.72,77.0,7.024,16.226,208,4.2,0.8,"Bounded (75-85% Saturation, Asymmetric)","[1.0, 0.9921, 1.0, 1.0, 1.0, 1.0, 1.0, 1.0, 1.0, 1.0, 1.0, 1.0, 1.0, 1.0, 1.0, 1.0, 1.0, 0.9922, 1.0, 1.0, 1.0, 1.0, 1.0, 1.0, 1.0, 1.0, 1.0, 1.0, 1.0, 1.0, 1.0, 1.0, 1.0, 1.0, 1.0, 1.0, 1.0, 1.0, 1.0, 1.0, 1.0, 1.0, 1.0, 1.0, 1.0, 1.0, 1.0, 1.0, 1.0, 1.0, 1.0, 1.0, 1.0, 0.9831, 1.0, 1.0, 1.0, 1.0, 0.9593, 1.0]","[1, 0, 1, 1, 1, 1, 1, 1, 1, 1, 1, 1, 1, 1, 1, 1, 1, 0, 1, 1, 1, 1, 1, 1, 1, 1, 1, 1, 1, 1, 1, 1, 1, 1, 1, 1, 1, 1, 1, 1, 1, 1, 1, 1, 1, 1, 1, 1, 1, 1, 1, 1, 1, 0, 1, 1, 1, 1, 0, 1]"
incident_moderate,Hybrid (uncoupled),hybrid_bf,110,2,28.06,55.0,104.0,99.2,992,49.73,85.0,6.516,15.051,334,3.51,0.72,Bounded + Bottleneck Incident,[],[]
incident_moderate,Hybrid (uncoupled),hybrid_bf,111,2,30.92,59.0,74.0,100.7,1007,56.13,83.0,7.367,17.017,333,2.83,0.72,Bounded + Bottleneck Incident,[],[]
incident_moderate,Hybrid (uncoupled),hybrid_bf,116,2,24.92,46.0,67.0,98.9,989,44.84,75.0,5.826,13.458,345,3.36,0.72,Bounded + Bottleneck Incident,[],[]
incident_moderate,Hybrid (uncoupled),hybrid_bf,115,2,30.57,71.0,110.0,98.8,988,54.59,88.0,7.161,16.542,330,2.82,0.72,Bounded + Bottleneck Incident,[],[]
incident_moderate,Hybrid (uncoupled),hybrid_bf,112,2,25.95,49.0,82.0,96.4,964,45.68,80.0,5.958,13.762,342,2.47,0.72,Bounded + Bottleneck Incident,[],[]
incident_moderate,Hybrid (uncoupled),hybrid_bf,117,2,28.03,51.0,72.0,99.7,997,49.85,73.0,6.528,15.081,334,3.21,0.72,Bounded + Bottleneck Incident,[],[]
incident_moderate,Hybrid (uncoupled),hybrid_bf,118,2,30.59,57.0,78.0,101.4,1014,57.04,90.0,7.504,17.334,329,2.07,0.72,Bounded + Bottleneck Incident,[],[]
directional_moderate,"Hybrid (QAOA Polish, 5 seeds)",hybrid_qaoa,102,2,34.95,67.5,140.0,99.1,991,63.61,110.0,8.318,19.214,202,4.57,0.8,"Bounded (75-85% Saturation, Asymmetric)","[1.0, 1.0, 1.0, 1.0, 1.0, 1.0, 1.0, 1.0, 1.0, 1.0, 1.0, 1.0, 1.0, 1.0, 1.0, 1.0, 1.0, 1.0, 1.0, 1.0, 1.0, 1.0, 1.0, 1.0, 1.0, 1.0, 1.0, 1.0, 1.0, 1.0, 1.0, 1.0, 1.0, 1.0, 1.0, 1.0, 1.0, 1.0, 0.9651, 1.0, 1.0, 1.0, 1.0, 1.0, 1.0, 1.0, 1.0, 1.0, 1.0, 1.0, 1.0, 1.0, 1.0, 1.0, 1.0, 1.0, 1.0, 1.0, 1.0, 1.0]","[1, 1, 1, 1, 1, 1, 1, 1, 1, 1, 1, 1, 1, 1, 1, 1, 1, 1, 1, 1, 1, 1, 1, 1, 1, 1, 1, 1, 1, 1, 1, 1, 1, 1, 1, 1, 1, 1, 0, 1, 1, 1, 1, 1, 1, 1, 1, 1, 1, 1, 1, 1, 1, 1, 1, 1, 1, 1, 1, 1]"
incident_moderate,Hybrid (uncoupled),hybrid_bf,119,2,36.51,110.2,147.0,100.5,1005,67.36,99.0,8.737,20.183,325,2.86,0.72,Bounded + Bottleneck Incident,[],[]
incident_moderate,Hybrid Controller (Brute-Force),hybrid_bf,103,2,29.94,62.0,82.0,97.0,970,53.56,78.0,6.952,16.06,339,2.74,0.72,Bounded + Bottleneck Incident,[],[]
incident_moderate,Hybrid Controller (Brute-Force),hybrid_bf,106,2,28.93,55.0,70.0,95.5,955,49.46,78.0,6.531,15.087,335,2.36,0.72,Bounded + Bottleneck Incident,[],[]
incident_moderate,Hybrid Controller (Brute-Force),hybrid_bf,101,2,25.46,48.0,69.0,98.7,987,45.33,65.0,5.929,13.696,346,2.7,0.72,Bounded + Bottleneck Incident,[],[]
incident_moderate,Hybrid Controller (Brute-Force),hybrid_bf,102,2,28.22,58.0,77.0,96.8,968,49.22,78.0,6.49,14.991,344,2.84,0.72,Bounded + Bottleneck Incident,[],[]
incident_moderate,Hybrid Controller (Brute-Force),hybrid_bf,107,2,26.67,50.0,81.0,99.2,992,47.39,68.0,6.163,14.237,325,3.59,0.72,Bounded + Bottleneck Incident,[],[]
incident_moderate,Hybrid Controller (Brute-Force),hybrid_bf,100,2,29.3,57.0,77.0,98.7,987,52.89,78.0,6.894,15.926,330,2.65,0.72,Bounded + Bottleneck Incident,[],[]
incident_moderate,Hybrid Controller (Brute-Force),hybrid_bf,108,2,32.61,69.7,116.0,96.7,967,57.28,85.0,7.441,17.189,340,2.6,0.72,Bounded + Bottleneck Incident,[],[]
incident_moderate,Hybrid Controller (Brute-Force),hybrid_bf,110,2,29.73,56.0,98.0,100.0,1000,52.47,83.0,6.95,16.055,332,2.95,0.72,Bounded + Bottleneck Incident,[],[]
incident_moderate,Hybrid Controller (Brute-Force),hybrid_bf,104,2,32.15,86.35,110.0,97.2,972,58.22,102.0,7.674,17.726,328,2.76,0.72,Bounded + Bottleneck Incident,[],[]
incident_moderate,Hybrid Controller (Brute-Force),hybrid_bf,105,2,26.53,48.0,69.0,99.3,993,47.21,69.0,6.239,14.411,330,2.59,0.72,Bounded + Bottleneck Incident,[],[]
incident_moderate,Hybrid Controller (Brute-Force),hybrid_bf,109,2,29.79,55.25,81.0,100.9,1009,53.06,71.0,6.99,16.147,336,2.64,0.72,Bounded + Bottleneck Incident,[],[]
incident_moderate,Hybrid Controller (Brute-Force),hybrid_bf,113,2,30.01,64.7,91.0,100.1,1001,54.18,82.0,7.115,16.436,335,2.79,0.72,Bounded + Bottleneck Incident,[],[]
incident_moderate,Hybrid Controller (Brute-Force),hybrid_bf,112,2,26.3,49.0,82.0,96.0,960,46.41,80.0,6.025,13.918,339,2.42,0.72,Bounded + Bottleneck Incident,[],[]
incident_moderate,Hybrid Controller (Brute-Force),hybrid_bf,111,2,30.85,62.0,80.0,100.6,1006,56.08,83.0,7.323,16.916,338,2.64,0.72,Bounded + Bottleneck Incident,[],[]
incident_moderate,Hybrid Controller (Brute-Force),hybrid_bf,114,2,26.37,47.0,67.0,98.7,987,46.1,68.0,6.017,13.9,338,2.76,0.72,Bounded + Bottleneck Incident,[],[]
incident_moderate,Hybrid Controller (Brute-Force),hybrid_bf,116,2,25.04,46.0,63.0,98.8,988,45.05,76.0,5.853,13.521,345,3.34,0.72,Bounded + Bottleneck Incident,[],[]
incident_moderate,Hybrid Controller (Brute-Force),hybrid_bf,117,2,28.03,51.0,72.0,99.7,997,49.85,73.0,6.528,15.081,334,3.21,0.72,Bounded + Bottleneck Incident,[],[]
incident_moderate,Hybrid Controller (Brute-Force),hybrid_bf,115,2,30.65,71.0,110.0,98.8,988,54.72,88.0,7.179,16.583,330,2.69,0.72,Bounded + Bottleneck Incident,[],[]
incident_moderate,Hybrid Controller (Brute-Force),hybrid_bf,119,2,37.01,107.0,148.0,100.4,1004,67.9,98.0,8.866,20.48,323,2.88,0.72,Bounded + Bottleneck Incident,[],[]
incident_moderate,Hybrid Controller (Brute-Force),hybrid_bf,118,2,30.82,58.0,89.0,100.9,1009,57.51,96.0,7.56,17.464,326,2.27,0.72,Bounded + Bottleneck Incident,[],[]
incident_moderate,"Hybrid (QAOA Polish, 5 seeds)",hybrid_qaoa,100,2,29.45,59.0,80.0,99.0,990,52.98,78.0,6.937,16.025,317,2.75,0.72,Bounded + Bottleneck Incident,"[1.0, 1.0, 1.0, 1.0, 1.0, 1.0, 1.0, 1.0, 1.0, 1.0, 1.0, 1.0, 1.0, 1.0, 1.0, 1.0, 1.0, 1.0, 1.0, 1.0, 1.0, 1.0, 1.0, 1.0, 1.0, 1.0, 1.0, 1.0, 1.0, 1.0, 1.0, 1.0, 1.0, 1.0, 1.0, 1.0, 1.0, 1.0, 1.0, 1.0, 1.0, 1.0, 1.0, 1.0, 1.0, 1.0, 1.0, 1.0, 1.0, 1.0, 1.0, 1.0, 1.0, 1.0, 1.0, 1.0, 1.0, 1.0, 1.0, 1.0]","[1, 1, 1, 1, 1, 1, 1, 1, 1, 1, 1, 1, 1, 1, 1, 1, 1, 1, 1, 1, 1, 1, 1, 1, 1, 1, 1, 1, 1, 1, 1, 1, 1, 1, 1, 1, 1, 1, 1, 1, 1, 1, 1, 1, 1, 1, 1, 1, 1, 1, 1, 1, 1, 1, 1, 1, 1, 1, 1, 1]"
shifting_demand,Fixed-Timing Baseline,fixed,100,2,62.46,132.65,201.0,99.8,998,125.97,210.0,16.768,38.733,114,6.96,0.8,Bounded (Dynamic Split Swap),[],[]
shifting_demand,Fixed-Timing Baseline,fixed,101,2,52.25,108.0,149.0,98.1,981,103.0,199.0,13.7,31.648,114,7.64,0.8,Bounded (Dynamic Split Swap),[],[]
incident_moderate,"Hybrid (QAOA Raw, 5 seeds)",hybrid_qaoa,103,2,31.13,60.0,124.0,94.9,949,55.62,97.0,7.237,16.718,307,3.28,0.72,Bounded + Bottleneck Incident,"[1.0, 1.0, 1.0, 1.0, 1.0, 1.0, 1.0, 1.0, 1.0, 1.0, 1.0, 1.0, 1.0, 1.0, 1.0, 1.0, 1.0, 1.0, 1.0, 1.0, 1.0, 1.0, 1.0, 1.0, 1.0, 0.9612, 1.0, 1.0, 1.0, 1.0, 1.0, 1.0, 1.0, 1.0, 1.0, 1.0, 0.9946, 0.827, 0.8771, 1.0, 0.8653, 0.9063, 0.8871, 0.8619, 0.7979, 1.0, 0.6902, 0.8902, 0.7456, 0.6185, 1.0, 0.872, 0.7616, 0.9139, 0.8447, 0.7471, 0.8752, 0.8592, 0.8024, 0.8009]","[1, 1, 1, 1, 1, 1, 1, 1, 1, 1, 1, 1, 1, 1, 1, 1, 1, 1, 1, 1, 1, 1, 1, 1, 1, 0, 1, 1, 1, 1, 1, 1, 1, 1, 1, 1, 0, 0, 0, 1, 0, 0, 0, 0, 0, 1, 0, 0, 0, 0, 1, 0, 0, 0, 0, 0, 0, 0, 0, 0]"
shifting_demand,Fixed-Timing Baseline,fixed,102,2,53.04,112.0,156.0,99.3,993,103.95,181.0,13.837,31.964,114,7.57,0.8,Bounded (Dynamic Split Swap),[],[]
shifting_demand,Fixed-Timing Baseline,fixed,103,2,54.39,110.45,161.0,96.7,967,104.69,185.0,13.925,32.167,114,9.16,0.8,Bounded (Dynamic Split Swap),[],[]
incident_moderate,"Hybrid (QAOA Raw, 5 seeds)",hybrid_qaoa,104,2,32.43,89.65,135.0,96.8,968,58.98,110.0,7.696,17.778,322,2.63,0.72,Bounded + Bottleneck Incident,"[1.0, 1.0, 0.9179, 1.0, 1.0, 1.0, 1.0, 1.0, 1.0, 1.0, 1.0, 1.0, 1.0, 1.0, 1.0, 1.0, 1.0, 1.0, 1.0, 1.0, 1.0, 1.0, 1.0, 1.0, 1.0, 1.0, 1.0, 1.0, 0.9255, 1.0, 1.0, 1.0, 1.0, 1.0, 0.981, 1.0, 1.0, 1.0, 1.0, 1.0, 1.0, 1.0, 1.0, 1.0, 1.0, 1.0, 1.0, 1.0, 1.0, 1.0, 1.0, 1.0, 0.9663, 1.0, 1.0, 1.0, 1.0, 1.0, 1.0, 1.0]","[1, 1, 0, 1, 1, 1, 1, 1, 1, 1, 1, 1, 1, 1, 1, 1, 1, 1, 1, 1, 1, 1, 1, 1, 1, 1, 1, 1, 0, 1, 1, 1, 1, 1, 0, 1, 1, 1, 1, 1, 1, 1, 1, 1, 1, 1, 1, 1, 1, 1, 1, 1, 0, 1, 1, 1, 1, 1, 1, 1]"
shifting_demand,Fixed-Timing Baseline,fixed,104,2,57.46,130.0,194.0,98.5,985,114.09,205.0,15.195,35.1,114,7.61,0.8,Bounded (Dynamic Split Swap),[],[]
shifting_demand,Fixed-Timing Baseline,fixed,105,2,63.96,147.75,203.0,103.0,1030,130.83,196.0,17.427,40.256,114,6.27,0.8,Bounded (Dynamic Split Swap),[],[]
incident_moderate,"Hybrid (QAOA Polish, 5 seeds)",hybrid_qaoa,102,2,28.22,58.0,77.0,96.8,968,49.22,78.0,6.49,14.991,344,2.84,0.72,Bounded + Bottleneck Incident,"[1.0, 1.0, 1.0, 1.0, 1.0, 1.0, 1.0, 1.0, 1.0, 1.0, 1.0, 1.0, 1.0, 1.0, 1.0, 1.0, 1.0, 1.0, 1.0, 1.0, 1.0, 1.0, 1.0, 1.0, 1.0, 1.0, 1.0, 1.0, 1.0, 1.0, 1.0, 1.0, 1.0, 1.0, 1.0, 1.0, 1.0, 1.0, 1.0, 1.0, 1.0, 1.0, 1.0, 1.0, 1.0, 1.0, 1.0, 1.0, 1.0, 1.0, 1.0, 1.0, 1.0, 1.0, 1.0, 1.0, 1.0, 1.0, 1.0, 1.0]","[1, 1, 1, 1, 1, 1, 1, 1, 1, 1, 1, 1, 1, 1, 1, 1, 1, 1, 1, 1, 1, 1, 1, 1, 1, 1, 1, 1, 1, 1, 1, 1, 1, 1, 1, 1, 1, 1, 1, 1, 1, 1, 1, 1, 1, 1, 1, 1, 1, 1, 1, 1, 1, 1, 1, 1, 1, 1, 1, 1]"
shifting_demand,Fixed-Timing Baseline,fixed,106,2,55.87,107.0,130.0,96.4,964,108.02,195.0,14.39,33.241,114,7.74,0.8,Bounded (Dynamic Split Swap),[],[]
shifting_demand,Fixed-Timing Baseline,fixed,107,2,56.37,108.0,152.0,99.3,993,111.88,197.0,14.906,34.433,114,6.27,0.8,Bounded (Dynamic Split Swap),[],[]
incident_moderate,"Hybrid (QAOA Raw, 5 seeds)",hybrid_qaoa,100,2,30.29,60.0,78.0,98.5,985,55.09,83.0,7.168,16.559,295,3.31,0.72,Bounded + Bottleneck Incident,"[1.0, 1.0, 1.0, 1.0, 1.0, 1.0, 1.0, 1.0, 1.0, 1.0, 0.6185, 0.7648, 1.0, 0.8182, 0.7532, 0.8506, 1.0, 1.0, 0.7094, 1.0, 1.0, 1.0, 1.0, 1.0, 1.0, 1.0, 1.0, 1.0, 1.0, 1.0, 1.0, 1.0, 1.0, 1.0, 1.0, 1.0, 1.0, 1.0, 1.0, 1.0, 1.0, 1.0, 1.0, 0.9933, 1.0, 1.0, 1.0, 0.7585, 0.8247, 1.0, 0.6275, 0.7175, 0.6757, 0.9288, 0.8026, 0.7802, 0.9483, 0.9602, 0.8676, 0.9316]","[1, 1, 1, 1, 1, 1, 1, 1, 1, 1, 0, 0, 1, 0, 0, 0, 1, 1, 0, 1, 1, 1, 1, 1, 1, 1, 1, 1, 1, 1, 1, 1, 1, 1, 1, 1, 1, 1, 1, 1, 1, 1, 1, 0, 1, 1, 1, 0, 0, 1, 0, 0, 0, 0, 0, 0, 0, 0, 0, 0]"
incident_moderate,"Hybrid (QAOA Polish, 5 seeds)",hybrid_qaoa,103,2,29.94,62.0,82.0,97.0,970,53.56,78.0,6.952,16.06,339,2.74,0.72,Bounded + Bottleneck Incident,"[1.0, 1.0, 1.0, 1.0, 1.0, 1.0, 1.0, 1.0, 1.0, 1.0, 1.0, 1.0, 1.0, 1.0, 1.0, 1.0, 1.0, 1.0, 1.0, 1.0, 1.0, 1.0, 1.0, 1.0, 1.0, 1.0, 1.0, 1.0, 1.0, 1.0, 1.0, 1.0, 1.0, 1.0, 1.0, 1.0, 1.0, 1.0, 1.0, 1.0, 1.0, 1.0, 1.0, 1.0, 1.0, 1.0, 1.0, 1.0, 1.0, 1.0, 1.0, 1.0, 1.0, 1.0, 1.0, 1.0, 1.0, 1.0, 1.0, 1.0]","[1, 1, 1, 1, 1, 1, 1, 1, 1, 1, 1, 1, 1, 1, 1, 1, 1, 1, 1, 1, 1, 1, 1, 1, 1, 1, 1, 1, 1, 1, 1, 1, 1, 1, 1, 1, 1, 1, 1, 1, 1, 1, 1, 1, 1, 1, 1, 1, 1, 1, 1, 1, 1, 1, 1, 1, 1, 1, 1, 1]"
shifting_demand,Fixed-Timing Baseline,fixed,108,2,59.5,147.5,230.0,100.0,1000,116.53,172.0,15.483,35.767,114,7.47,0.8,Bounded (Dynamic Split Swap),[],[]
shifting_demand,Fixed-Timing Baseline,fixed,109,2,59.68,137.85,197.0,101.3,1013,117.78,172.0,15.702,36.271,114,7.69,0.8,Bounded (Dynamic Split Swap),[],[]
shifting_demand,Fixed-Timing Baseline,fixed,110,2,59.2,137.0,182.0,98.0,980,116.4,199.0,15.511,35.83,114,7.82,0.8,Bounded (Dynamic Split Swap),[],[]
shifting_demand,Fixed-Timing Baseline,fixed,112,2,58.75,125.0,191.0,97.3,973,115.32,196.0,15.25,35.227,114,7.58,0.8,Bounded (Dynamic Split Swap),[],[]
shifting_demand,Fixed-Timing Baseline,fixed,111,2,61.95,138.7,189.0,98.6,986,122.81,201.0,16.341,37.747,114,8.49,0.8,Bounded (Dynamic Split Swap),[],[]
shifting_demand,Fixed-Timing Baseline,fixed,113,2,54.84,110.0,145.0,99.3,993,109.79,207.0,14.625,33.783,114,7.66,0.8,Bounded (Dynamic Split Swap),[],[]
incident_moderate,"Hybrid (QAOA Raw, 5 seeds)",hybrid_qaoa,101,2,25.75,49.0,69.0,98.7,987,46.02,66.0,5.99,13.837,344,2.72,0.72,Bounded + Bottleneck Incident,"[1.0, 1.0, 1.0, 1.0, 1.0, 1.0, 1.0, 1.0, 1.0, 1.0, 1.0, 1.0, 1.0, 1.0, 1.0, 1.0, 1.0, 1.0, 1.0, 1.0, 1.0, 1.0, 1.0, 1.0, 1.0, 1.0, 1.0, 1.0, 1.0, 1.0, 1.0, 1.0, 1.0, 1.0, 1.0, 1.0, 1.0, 1.0, 1.0, 1.0, 1.0, 1.0, 1.0, 1.0, 1.0, 1.0, 0.9832, 1.0, 1.0, 1.0, 1.0, 1.0, 1.0, 1.0, 1.0, 1.0, 1.0, 1.0, 1.0, 1.0]","[1, 1, 1, 1, 1, 1, 1, 1, 1, 1, 1, 1, 1, 1, 1, 1, 1, 1, 1, 1, 1, 1, 1, 1, 1, 1, 1, 1, 1, 1, 1, 1, 1, 1, 1, 1, 1, 1, 1, 1, 1, 1, 1, 1, 1, 1, 0, 1, 1, 1, 1, 1, 1, 1, 1, 1, 1, 1, 1, 1]"
shifting_demand,Fixed-Timing Baseline,fixed,117,2,63.01,131.0,192.0,100.7,1007,127.84,210.0,17.04,39.362,114,8.05,0.8,Bounded (Dynamic Split Swap),[],[]
shifting_demand,Fixed-Timing Baseline,fixed,114,2,55.67,124.0,151.0,99.3,993,108.44,174.0,14.437,33.35,114,6.95,0.8,Bounded (Dynamic Split Swap),[],[]
shifting_demand,Fixed-Timing Baseline,fixed,116,2,60.19,124.0,160.0,96.2,962,119.53,229.0,15.931,36.801,114,9.31,0.8,Bounded (Dynamic Split Swap),[],[]
shifting_demand,Fixed-Timing Baseline,fixed,118,2,64.04,137.1,187.0,100.4,1004,130.25,215.0,17.347,40.071,114,7.55,0.8,Bounded (Dynamic Split Swap),[],[]
shifting_demand,Fixed-Timing Baseline,fixed,115,2,63.96,134.0,187.0,99.0,990,127.5,205.0,16.985,39.235,114,8.02,0.8,Bounded (Dynamic Split Swap),[],[]
shifting_demand,Fixed (tuned),fixed,100,2,58.72,116.1,142.0,99.0,990,120.22,239.0,15.645,36.14,90,8.43,0.8,Bounded (Dynamic Split Swap),[],[]
shifting_demand,Fixed-Timing Baseline,fixed,119,2,55.97,114.3,191.0,100.2,1002,113.54,213.0,15.112,34.91,114,7.24,0.8,Bounded (Dynamic Split Swap),[],[]
incident_moderate,"Hybrid (QAOA Raw, 5 seeds)",hybrid_qaoa,102,2,28.94,59.0,77.0,95.7,957,50.52,78.0,6.611,15.272,317,3.3,0.72,Bounded + Bottleneck Incident,"[1.0, 1.0, 1.0, 1.0, 1.0, 1.0, 1.0, 1.0, 1.0, 1.0, 1.0, 1.0, 1.0, 1.0, 1.0, 1.0, 1.0, 1.0, 1.0, 1.0, 1.0, 1.0, 1.0, 1.0, 1.0, 1.0, 1.0, 1.0, 1.0, 1.0, 1.0, 1.0, 1.0, 1.0, 1.0, 1.0, 1.0, 1.0, 1.0, 1.0, 1.0, 1.0, 1.0, 0.7601, 0.7507, 1.0, 1.0, 0.9456, 0.8858, 0.9459, 1.0, 0.7746, 0.85, 0.9214, 0.7838, 0.8013, 0.9285, 0.6982, 0.9504, 0.8944]","[1, 1, 1, 1, 1, 1, 1, 1, 1, 1, 1, 1, 1, 1, 1, 1, 1, 1, 1, 1, 1, 1, 1, 1, 1, 1, 1, 1, 1, 1, 1, 1, 1, 1, 1, 1, 1, 1, 1, 1, 1, 1, 1, 0, 0, 1, 1, 0, 0, 0, 1, 0, 0, 0, 0, 0, 0, 0, 0, 0]"
shifting_demand,Fixed (tuned),fixed,101,2,49.25,96.0,127.0,98.0,980,98.88,218.0,12.816,29.606,90,8.73,0.8,Bounded (Dynamic Split Swap),[],[]
shifting_demand,Fixed (tuned),fixed,104,2,52.91,107.0,140.0,98.7,987,106.83,228.0,13.887,32.079,90,8.54,0.8,Bounded (Dynamic Split Swap),[],[]
shifting_demand,Fixed (tuned),fixed,108,2,55.39,127.0,176.0,100.0,1000,109.96,208.0,14.328,33.098,90,10.14,0.8,Bounded (Dynamic Split Swap),[],[]
shifting_demand,Fixed (tuned),fixed,109,2,52.42,106.8,150.0,102.3,1023,104.25,199.0,13.572,31.351,90,9.75,0.8,Bounded (Dynamic Split Swap),[],[]
shifting_demand,Fixed (tuned),fixed,105,2,57.38,116.0,158.0,102.9,1029,119.36,223.0,15.544,35.907,90,10.6,0.8,Bounded (Dynamic Split Swap),[],[]
shifting_demand,Fixed (tuned),fixed,106,2,52.27,107.9,133.0,96.5,965,102.34,222.0,13.277,30.669,90,9.02,0.8,Bounded (Dynamic Split Swap),[],[]
shifting_demand,Fixed (tuned),fixed,103,2,50.96,102.0,125.0,96.8,968,99.63,205.0,12.931,29.871,90,10.11,0.8,Bounded (Dynamic Split Swap),[],[]
shifting_demand,Fixed (tuned),fixed,102,2,52.43,97.0,123.0,98.7,987,104.26,206.0,13.562,31.328,90,10.99,0.8,Bounded (Dynamic Split Swap),[],[]
shifting_demand,Fixed (tuned),fixed,110,2,56.76,112.85,138.0,97.3,973,113.01,228.0,14.681,33.912,90,11.56,0.8,Bounded (Dynamic Split Swap),[],[]
shifting_demand,Fixed (tuned),fixed,107,2,54.77,108.0,130.0,98.2,982,110.34,239.0,14.313,33.063,90,10.17,0.8,Bounded (Dynamic Split Swap),[],[]
shifting_demand,Fixed (tuned),fixed,112,2,54.94,108.0,133.0,97.6,976,109.64,231.0,14.235,32.884,90,10.46,0.8,Bounded (Dynamic Split Swap),[],[]
shifting_demand,Fixed (tuned),fixed,111,2,55.67,107.1,152.0,98.9,989,112.39,216.0,14.599,33.723,90,11.24,0.8,Bounded (Dynamic Split Swap),[],[]
shifting_demand,Fixed (tuned),fixed,113,2,51.82,103.0,132.0,99.0,990,105.35,227.0,13.67,31.577,90,10.05,0.8,Bounded (Dynamic Split Swap),[],[]
shifting_demand,Fixed (tuned),fixed,117,2,57.61,118.0,133.0,100.4,1004,118.52,238.0,15.389,35.548,90,10.46,0.8,Bounded (Dynamic Split Swap),[],[]
shifting_demand,Fixed (tuned),fixed,116,2,56.21,113.0,162.0,96.6,966,112.99,245.0,14.664,33.873,90,10.87,0.8,Bounded (Dynamic Split Swap),[],[]
shifting_demand,Fixed (tuned),fixed,114,2,50.95,101.0,122.0,99.5,995,100.47,198.0,13.066,30.181,90,9.45,0.8,Bounded (Dynamic Split Swap),[],[]
shifting_demand,Fixed (tuned),fixed,115,2,59.55,125.0,153.0,98.5,985,120.2,234.0,15.627,36.099,90,9.61,0.8,Bounded (Dynamic Split Swap),[],[]
shifting_demand,Fixed (tuned),fixed,118,2,58.65,112.0,137.0,100.4,1004,121.02,237.0,15.756,36.397,90,10.55,0.8,Bounded (Dynamic Split Swap),[],[]
shifting_demand,Fixed (tuned),fixed,119,2,54.98,106.0,140.0,99.4,994,112.77,240.0,14.648,33.837,90,9.72,0.8,Bounded (Dynamic Split Swap),[],[]
shifting_demand,Rule-Based (tuned),rule_based,100,2,30.47,58.0,176.0,110.7,1107,61.74,92.0,8.077,18.658,207,6.08,0.8,Bounded (Dynamic Split Swap),[],[]
incident_moderate,"Hybrid (QAOA Polish, 5 seeds)",hybrid_qaoa,101,2,25.78,48.0,69.0,98.6,986,45.92,66.0,5.998,13.855,344,2.7,0.72,Bounded + Bottleneck Incident,"[1.0, 1.0, 1.0, 1.0, 1.0, 1.0, 1.0, 1.0, 1.0, 1.0, 1.0, 1.0, 1.0, 1.0, 1.0, 1.0, 1.0, 1.0, 1.0, 1.0, 1.0, 1.0, 1.0, 1.0, 1.0, 1.0, 1.0, 1.0, 1.0, 1.0, 1.0, 1.0, 1.0, 1.0, 1.0, 1.0, 1.0, 1.0, 1.0, 1.0, 1.0, 1.0, 1.0, 1.0, 1.0, 1.0, 1.0, 1.0, 1.0, 1.0, 1.0, 1.0, 1.0, 1.0, 1.0, 1.0, 1.0, 1.0, 1.0, 1.0]","[1, 1, 1, 1, 1, 1, 1, 1, 1, 1, 1, 1, 1, 1, 1, 1, 1, 1, 1, 1, 1, 1, 1, 1, 1, 1, 1, 1, 1, 1, 1, 1, 1, 1, 1, 1, 1, 1, 1, 1, 1, 1, 1, 1, 1, 1, 1, 1, 1, 1, 1, 1, 1, 1, 1, 1, 1, 1, 1, 1]"
shifting_demand,Rule-Based (tuned),rule_based,103,2,26.03,58.0,101.0,107.6,1076,50.31,76.0,6.601,15.248,219,5.31,0.8,Bounded (Dynamic Split Swap),[],[]
shifting_demand,Rule-Based (tuned),rule_based,101,2,28.61,65.0,119.0,108.2,1082,56.71,92.0,7.419,17.138,227,4.87,0.8,Bounded (Dynamic Split Swap),[],[]
shifting_demand,Rule-Based (tuned),rule_based,102,2,30.65,70.0,117.0,107.7,1077,60.27,106.0,7.908,18.266,209,6.62,0.8,Bounded (Dynamic Split Swap),[],[]
shifting_demand,Rule-Based (tuned),rule_based,106,2,27.53,63.0,114.0,108.5,1085,53.28,78.0,6.992,16.152,211,4.49,0.8,Bounded (Dynamic Split Swap),[],[]
shifting_demand,Rule-Based (tuned),rule_based,107,2,27.92,66.0,123.0,111.8,1118,55.42,101.0,7.309,16.884,211,4.83,0.8,Bounded (Dynamic Split Swap),[],[]
shifting_demand,Rule-Based (tuned),rule_based,105,2,37.5,84.25,151.0,112.7,1127,76.76,117.0,10.134,23.41,207,4.82,0.8,Bounded (Dynamic Split Swap),[],[]
shifting_demand,Rule-Based (tuned),rule_based,104,2,29.64,71.0,159.0,109.3,1093,59.15,95.0,7.765,17.937,205,6.84,0.8,Bounded (Dynamic Split Swap),[],[]
shifting_demand,Rule-Based (tuned),rule_based,108,2,33.84,89.0,185.0,107.9,1079,66.39,103.0,8.73,20.166,214,5.23,0.8,Bounded (Dynamic Split Swap),[],[]
shifting_demand,Rule-Based (tuned),rule_based,109,2,29.92,64.0,109.0,111.7,1117,59.3,83.0,7.754,17.911,213,4.76,0.8,Bounded (Dynamic Split Swap),[],[]
shifting_demand,Rule-Based (tuned),rule_based,110,2,27.24,62.0,112.0,111.5,1115,53.36,79.0,7.064,16.318,208,5.52,0.8,Bounded (Dynamic Split Swap),[],[]
shifting_demand,Rule-Based (tuned),rule_based,111,2,28.99,66.0,149.0,110.2,1102,57.65,94.0,7.576,17.5,207,5.49,0.8,Bounded (Dynamic Split Swap),[],[]
shifting_demand,Rule-Based (tuned),rule_based,113,2,28.35,62.0,141.0,110.9,1109,56.7,90.0,7.446,17.199,211,5.74,0.8,Bounded (Dynamic Split Swap),[],[]
shifting_demand,Rule-Based (tuned),rule_based,112,2,29.69,63.9,117.0,107.5,1075,59.18,97.0,7.674,17.727,214,4.68,0.8,Bounded (Dynamic Split Swap),[],[]
shifting_demand,Rule-Based (tuned),rule_based,115,2,31.68,69.0,196.0,108.8,1088,63.55,101.0,8.28,19.127,204,5.88,0.8,Bounded (Dynamic Split Swap),[],[]
shifting_demand,Rule-Based (tuned),rule_based,118,2,30.41,69.55,108.0,112.1,1121,62.22,92.0,8.178,18.891,203,6.63,0.8,Bounded (Dynamic Split Swap),[],[]
shifting_demand,Rule-Based (tuned),rule_based,116,2,28.52,65.3,124.0,109.1,1091,56.36,90.0,7.448,17.204,199,6.32,0.8,Bounded (Dynamic Split Swap),[],[]
shifting_demand,Rule-Based (tuned),rule_based,114,2,28.12,61.1,107.0,108.7,1087,54.8,83.0,7.243,16.732,216,5.67,0.8,Bounded (Dynamic Split Swap),[],[]
shifting_demand,Rule-Based (tuned),rule_based,117,2,29.58,69.05,126.0,113.2,1132,59.99,96.0,7.889,18.224,203,4.55,0.8,Bounded (Dynamic Split Swap),[],[]
shifting_demand,Rule-Based (tuned),rule_based,119,2,34.97,78.0,221.0,110.8,1108,70.54,111.0,9.316,21.521,211,5.12,0.8,Bounded (Dynamic Split Swap),[],[]
shifting_demand,Max-Pressure (tuned),max_pressure,100,2,37.35,82.3,234.0,108.7,1087,75.8,108.0,9.919,22.914,219,5.18,0.8,Bounded (Dynamic Split Swap),[],[]
shifting_demand,Max-Pressure (tuned),max_pressure,101,2,32.56,94.1,145.0,106.6,1066,64.72,103.0,8.443,19.503,224,4.12,0.8,Bounded (Dynamic Split Swap),[],[]
shifting_demand,Max-Pressure (tuned),max_pressure,103,2,31.3,87.9,168.0,106.4,1064,60.48,84.0,7.95,18.366,221,5.53,0.8,Bounded (Dynamic Split Swap),[],[]
shifting_demand,Max-Pressure (tuned),max_pressure,104,2,34.37,103.6,188.0,108.3,1083,68.59,104.0,8.974,20.729,215,4.79,0.8,Bounded (Dynamic Split Swap),[],[]
shifting_demand,Max-Pressure (tuned),max_pressure,102,2,36.87,114.0,157.0,105.2,1052,73.09,115.0,9.505,21.957,226,4.29,0.8,Bounded (Dynamic Split Swap),[],[]
shifting_demand,Max-Pressure (tuned),max_pressure,105,2,39.26,111.4,193.0,111.7,1117,80.65,118.0,10.582,24.445,215,5.17,0.8,Bounded (Dynamic Split Swap),[],[]
shifting_demand,Max-Pressure (tuned),max_pressure,107,2,34.62,101.15,178.0,109.5,1095,68.81,120.0,9.064,20.938,220,5.2,0.8,Bounded (Dynamic Split Swap),[],[]
shifting_demand,Max-Pressure (tuned),max_pressure,106,2,31.87,72.0,146.0,107.4,1074,61.55,92.0,8.08,18.666,223,3.94,0.8,Bounded (Dynamic Split Swap),[],[]
shifting_demand,Max-Pressure (tuned),max_pressure,108,2,41.2,124.0,277.0,106.4,1064,81.03,121.0,10.674,24.658,221,5.29,0.8,Bounded (Dynamic Split Swap),[],[]
shifting_demand,Max-Pressure (tuned),max_pressure,109,2,33.7,86.0,155.0,111.0,1110,66.03,91.0,8.747,20.206,222,4.21,0.8,Bounded (Dynamic Split Swap),[],[]
shifting_demand,Max-Pressure (tuned),max_pressure,110,2,35.02,92.0,158.0,109.2,1092,68.57,94.0,9.058,20.924,215,4.48,0.8,Bounded (Dynamic Split Swap),[],[]
shifting_demand,Max-Pressure (tuned),max_pressure,111,2,34.56,89.0,163.0,108.9,1089,68.94,102.0,9.07,20.952,216,4.59,0.8,Bounded (Dynamic Split Swap),[],[]
shifting_demand,Max-Pressure (tuned),max_pressure,113,2,32.41,88.85,167.0,109.6,1096,64.81,98.0,8.528,19.699,225,4.91,0.8,Bounded (Dynamic Split Swap),[],[]
shifting_demand,Max-Pressure (tuned),max_pressure,112,2,36.22,90.85,166.0,105.4,1054,71.73,115.0,9.369,21.642,225,4.33,0.8,Bounded (Dynamic Split Swap),[],[]
shifting_demand,Max-Pressure (tuned),max_pressure,114,2,33.16,90.0,144.0,107.9,1079,64.51,92.0,8.496,19.626,223,3.82,0.8,Bounded (Dynamic Split Swap),[],[]
shifting_demand,Max-Pressure (tuned),max_pressure,116,2,33.38,84.4,176.0,109.8,1098,65.8,103.0,8.7,20.097,208,5.69,0.8,Bounded (Dynamic Split Swap),[],[]
shifting_demand,Max-Pressure (tuned),max_pressure,115,2,39.38,121.25,243.0,107.3,1073,78.61,125.0,10.292,23.775,212,5.1,0.8,Bounded (Dynamic Split Swap),[],[]
shifting_demand,Max-Pressure (tuned),max_pressure,117,2,38.42,106.95,194.0,111.2,1112,77.55,117.0,10.262,23.705,215,4.55,0.8,Bounded (Dynamic Split Swap),[],[]
shifting_demand,Max-Pressure (tuned),max_pressure,119,2,36.7,87.0,226.0,110.4,1104,74.05,107.0,9.778,22.588,220,4.34,0.8,Bounded (Dynamic Split Swap),[],[]
shifting_demand,Max-Pressure (tuned),max_pressure,118,2,39.88,99.7,175.0,110.6,1106,81.04,122.0,10.698,24.711,214,5.64,0.8,Bounded (Dynamic Split Swap),[],[]
shifting_demand,Hybrid (uncoupled),hybrid_bf,101,2,30.49,63.3,123.0,108.3,1083,60.34,94.0,7.962,18.393,220,4.75,0.8,Bounded (Dynamic Split Swap),[],[]
shifting_demand,Hybrid (uncoupled),hybrid_bf,100,2,33.57,69.45,191.0,109.6,1096,68.48,103.0,8.891,20.538,211,3.61,0.8,Bounded (Dynamic Split Swap),[],[]
shifting_demand,Hybrid (uncoupled),hybrid_bf,102,2,31.32,69.0,106.0,108.0,1080,61.89,108.0,8.066,18.633,217,4.17,0.8,Bounded (Dynamic Split Swap),[],[]
shifting_demand,Hybrid (uncoupled),hybrid_bf,103,2,28.8,63.0,102.0,107.4,1074,55.63,81.0,7.303,16.871,202,5.3,0.8,Bounded (Dynamic Split Swap),[],[]
shifting_demand,Hybrid (uncoupled),hybrid_bf,105,2,39.17,92.0,152.0,112.1,1121,80.92,122.0,10.559,24.392,211,5.01,0.8,Bounded (Dynamic Split Swap),[],[]
shifting_demand,Hybrid (uncoupled),hybrid_bf,106,2,29.84,67.75,136.0,107.9,1079,57.45,90.0,7.598,17.552,217,3.84,0.8,Bounded (Dynamic Split Swap),[],[]
incident_moderate,"Hybrid (QAOA Polish, 5 seeds)",hybrid_qaoa,104,2,32.12,86.35,110.0,97.2,972,58.16,102.0,7.665,17.706,328,2.69,0.72,Bounded + Bottleneck Incident,"[1.0, 1.0, 1.0, 1.0, 1.0, 1.0, 1.0, 1.0, 1.0, 1.0, 1.0, 1.0, 1.0, 1.0, 1.0, 1.0, 1.0, 1.0, 1.0, 1.0, 1.0, 1.0, 1.0, 1.0, 1.0, 1.0, 1.0, 1.0, 1.0, 1.0, 1.0, 1.0, 1.0, 1.0, 1.0, 1.0, 1.0, 1.0, 1.0, 1.0, 1.0, 1.0, 1.0, 1.0, 1.0, 1.0, 1.0, 1.0, 1.0, 1.0, 1.0, 1.0, 1.0, 1.0, 1.0, 1.0, 1.0, 1.0, 1.0, 1.0]","[1, 1, 1, 1, 1, 1, 1, 1, 1, 1, 1, 1, 1, 1, 1, 1, 1, 1, 1, 1, 1, 1, 1, 1, 1, 1, 1, 1, 1, 1, 1, 1, 1, 1, 1, 1, 1, 1, 1, 1, 1, 1, 1, 1, 1, 1, 1, 1, 1, 1, 1, 1, 1, 1, 1, 1, 1, 1, 1, 1]"
shifting_demand,Hybrid (uncoupled),hybrid_bf,104,2,32.74,69.0,147.0,110.2,1102,64.96,100.0,8.577,19.813,216,4.25,0.8,Bounded (Dynamic Split Swap),[],[]
shifting_demand,Hybrid (uncoupled),hybrid_bf,108,2,36.8,86.0,221.0,107.8,1078,72.48,118.0,9.534,22.024,221,4.28,0.8,Bounded (Dynamic Split Swap),[],[]
shifting_demand,Hybrid (uncoupled),hybrid_bf,107,2,31.45,80.0,152.0,111.4,1114,62.21,106.0,8.246,19.048,210,4.96,0.8,Bounded (Dynamic Split Swap),[],[]
shifting_demand,Hybrid (uncoupled),hybrid_bf,109,2,32.85,67.0,111.0,111.7,1117,64.36,96.0,8.528,19.699,212,3.77,0.8,Bounded (Dynamic Split Swap),[],[]
shifting_demand,Hybrid (uncoupled),hybrid_bf,110,2,30.82,66.0,123.0,111.3,1113,59.97,93.0,7.959,18.386,200,4.26,0.8,Bounded (Dynamic Split Swap),[],[]
shifting_demand,Hybrid (uncoupled),hybrid_bf,112,2,31.77,71.95,150.0,106.9,1069,63.27,100.0,8.205,18.953,208,4.68,0.8,Bounded (Dynamic Split Swap),[],[]
shifting_demand,Hybrid (uncoupled),hybrid_bf,113,2,30.3,63.8,143.0,110.8,1108,60.4,95.0,7.98,18.433,222,4.82,0.8,Bounded (Dynamic Split Swap),[],[]
shifting_demand,Hybrid (uncoupled),hybrid_bf,111,2,33.57,69.0,148.0,109.2,1092,67.22,100.0,8.789,20.302,200,4.79,0.8,Bounded (Dynamic Split Swap),[],[]
shifting_demand,Hybrid (uncoupled),hybrid_bf,115,2,36.66,83.15,227.0,108.0,1080,72.81,116.0,9.597,22.168,208,3.69,0.8,Bounded (Dynamic Split Swap),[],[]
shifting_demand,Hybrid (uncoupled),hybrid_bf,117,2,34.33,77.0,141.0,112.6,1126,69.35,105.0,9.163,21.167,207,4.31,0.8,Bounded (Dynamic Split Swap),[],[]
shifting_demand,Hybrid (uncoupled),hybrid_bf,114,2,29.07,65.0,103.0,108.7,1087,56.87,80.0,7.486,17.294,218,3.73,0.8,Bounded (Dynamic Split Swap),[],[]
shifting_demand,Hybrid (uncoupled),hybrid_bf,116,2,30.26,64.0,131.0,109.6,1096,60.16,96.0,7.902,18.253,198,4.92,0.8,Bounded (Dynamic Split Swap),[],[]
shifting_demand,Hybrid (uncoupled),hybrid_bf,118,2,34.54,81.0,121.0,112.0,1120,70.1,97.0,9.279,21.434,204,4.29,0.8,Bounded (Dynamic Split Swap),[],[]
shifting_demand,Hybrid (uncoupled),hybrid_bf,119,2,38.29,93.0,217.0,110.3,1103,77.72,118.0,10.159,23.468,207,4.38,0.8,Bounded (Dynamic Split Swap),[],[]
shifting_demand,Hybrid Controller (Brute-Force),hybrid_bf,101,2,31.29,69.55,125.0,107.6,1076,61.57,96.0,8.135,18.791,226,4.37,0.8,Bounded (Dynamic Split Swap),[],[]
shifting_demand,Hybrid Controller (Brute-Force),hybrid_bf,100,2,32.99,64.4,192.0,110.5,1105,66.85,97.0,8.746,20.204,208,5.12,0.8,Bounded (Dynamic Split Swap),[],[]
shifting_demand,Hybrid Controller (Brute-Force),hybrid_bf,103,2,27.45,58.75,117.0,107.2,1072,53.09,79.0,6.989,16.145,222,4.62,0.8,Bounded (Dynamic Split Swap),[],[]
shifting_demand,Hybrid Controller (Brute-Force),hybrid_bf,102,2,32.5,79.0,128.0,107.7,1077,63.68,110.0,8.401,19.406,219,3.84,0.8,Bounded (Dynamic Split Swap),[],[]
shifting_demand,Hybrid Controller (Brute-Force),hybrid_bf,104,2,31.07,75.0,163.0,110.0,1100,61.77,94.0,8.14,18.803,213,5.03,0.8,Bounded (Dynamic Split Swap),[],[]
shifting_demand,Hybrid Controller (Brute-Force),hybrid_bf,108,2,36.65,98.0,221.0,107.8,1078,71.98,111.0,9.503,21.953,213,4.93,0.8,Bounded (Dynamic Split Swap),[],[]
shifting_demand,Hybrid Controller (Brute-Force),hybrid_bf,105,2,39.47,95.45,176.0,112.2,1122,80.76,123.0,10.631,24.557,200,5.01,0.8,Bounded (Dynamic Split Swap),[],[]
shifting_demand,Hybrid Controller (Brute-Force),hybrid_bf,107,2,31.02,77.0,139.0,109.9,1099,61.62,103.0,8.119,18.755,216,5.24,0.8,Bounded (Dynamic Split Swap),[],[]
shifting_demand,Hybrid Controller (Brute-Force),hybrid_bf,106,2,29.72,66.0,138.0,108.5,1085,57.19,90.0,7.568,17.483,217,4.09,0.8,Bounded (Dynamic Split Swap),[],[]
shifting_demand,Hybrid Controller (Brute-Force),hybrid_bf,109,2,31.8,67.05,96.0,112.1,1121,62.82,89.0,8.197,18.934,212,4.49,0.8,Bounded (Dynamic Split Swap),[],[]
shifting_demand,Hybrid Controller (Brute-Force),hybrid_bf,111,2,31.42,73.3,148.0,109.8,1098,62.8,99.0,8.204,18.951,195,5.87,0.8,Bounded (Dynamic Split Swap),[],[]
shifting_demand,Hybrid Controller (Brute-Force),hybrid_bf,110,2,27.14,65.0,111.0,110.8,1108,52.92,86.0,7.008,16.188,202,5.15,0.8,Bounded (Dynamic Split Swap),[],[]
shifting_demand,Hybrid Controller (Brute-Force),hybrid_bf,113,2,30.14,68.0,137.0,109.4,1094,60.24,94.0,7.95,18.364,224,4.7,0.8,Bounded (Dynamic Split Swap),[],[]
shifting_demand,Hybrid Controller (Brute-Force),hybrid_bf,114,2,30.84,73.0,114.0,107.6,1076,60.0,94.0,7.876,18.193,211,3.82,0.8,Bounded (Dynamic Split Swap),[],[]
shifting_demand,Hybrid Controller (Brute-Force),hybrid_bf,112,2,31.43,70.0,140.0,108.2,1082,61.99,96.0,8.144,18.814,205,4.56,0.8,Bounded (Dynamic Split Swap),[],[]
shifting_demand,Hybrid Controller (Brute-Force),hybrid_bf,115,2,33.89,75.0,193.0,108.6,1086,67.75,104.0,8.872,20.494,192,5.1,0.8,Bounded (Dynamic Split Swap),[],[]
shifting_demand,Hybrid Controller (Brute-Force),hybrid_bf,118,2,31.81,75.9,124.0,111.4,1114,65.07,96.0,8.504,19.645,206,5.1,0.8,Bounded (Dynamic Split Swap),[],[]
shifting_demand,Hybrid Controller (Brute-Force),hybrid_bf,116,2,31.89,77.0,146.0,108.7,1087,63.17,99.0,8.306,19.186,219,4.87,0.8,Bounded (Dynamic Split Swap),[],[]
shifting_demand,Hybrid Controller (Brute-Force),hybrid_bf,117,2,34.63,83.0,158.0,113.8,1138,69.79,104.0,9.234,21.331,198,4.59,0.8,Bounded (Dynamic Split Swap),[],[]
shifting_demand,Hybrid Controller (Brute-Force),hybrid_bf,119,2,39.59,91.0,232.0,110.1,1101,79.63,118.0,10.54,24.348,218,4.67,0.8,Bounded (Dynamic Split Swap),[],[]
shifting_demand,"Hybrid (QAOA Raw, 5 seeds)",hybrid_qaoa,102,2,35.14,86.95,128.0,106.1,1061,68.94,119.0,9.075,20.964,214,4.49,0.8,Bounded (Dynamic Split Swap),"[1.0, 0.9667, 1.0, 1.0, 0.9902, 1.0, 1.0, 1.0, 1.0, 1.0, 1.0, 1.0, 1.0, 1.0, 1.0, 1.0, 0.9103, 1.0, 0.9866, 0.9363, 0.8271, 1.0, 0.8954, 0.743, 1.0, 0.6578, 0.7547, 0.9953, 0.8961, 0.8365, 1.0, 1.0, 1.0, 0.9429, 1.0, 1.0, 1.0, 1.0, 1.0, 1.0, 1.0, 1.0, 1.0, 1.0, 1.0, 1.0, 1.0, 1.0, 1.0, 1.0, 1.0, 1.0, 0.8771, 0.8259, 1.0, 0.8333, 0.9239, 0.7834, 0.9818, 0.9467]","[1, 0, 1, 1, 0, 1, 1, 1, 1, 1, 1, 1, 1, 1, 1, 1, 0, 1, 0, 0, 0, 1, 0, 0, 1, 0, 0, 0, 0, 0, 1, 1, 1, 0, 1, 1, 1, 1, 1, 1, 1, 1, 1, 1, 1, 1, 1, 1, 1, 1, 1, 1, 0, 0, 1, 0, 0, 0, 0, 0]"
shifting_demand,"Hybrid (QAOA Raw, 5 seeds)",hybrid_qaoa,101,2,31.54,67.4,123.0,107.0,1070,62.49,104.0,8.222,18.993,214,5.09,0.8,Bounded (Dynamic Split Swap),"[1.0, 1.0, 0.9412, 0.995, 1.0, 1.0, 1.0, 1.0, 1.0, 1.0, 1.0, 1.0, 1.0, 1.0, 1.0, 1.0, 1.0, 1.0, 1.0, 1.0, 1.0, 1.0, 0.928, 1.0, 0.9639, 0.9719, 0.8698, 0.9677, 0.9717, 0.8153, 0.7942, 0.9292, 0.8203, 0.9379, 0.9198, 0.8801, 0.8746, 1.0, 0.7809, 0.8046, 0.9574, 0.8813, 1.0, 0.7355, 0.8457, 0.7751, 0.9471, 0.9513, 0.6706, 0.9244, 0.9771, 0.9653, 1.0, 1.0, 0.8507, 0.7568, 0.76, 1.0, 1.0, 0.7528]","[1, 1, 0, 0, 1, 1, 1, 1, 1, 1, 1, 1, 1, 1, 1, 1, 1, 1, 1, 1, 1, 1, 0, 1, 0, 0, 0, 0, 0, 0, 0, 0, 0, 0, 0, 0, 0, 1, 0, 0, 0, 0, 1, 0, 0, 0, 0, 0, 0, 0, 0, 0, 1, 1, 0, 0, 0, 1, 1, 0]"
surge_moderate,Fixed-Timing Baseline,fixed,100,2,55.26,159.0,198.0,106.5,1065,115.85,206.0,14.614,33.759,114,6.96,0.78,Bounded + Transient Burst,[],[]
surge_moderate,Fixed-Timing Baseline,fixed,101,2,56.06,161.0,213.0,104.5,1045,116.68,206.0,14.663,33.871,114,7.64,0.78,Bounded + Transient Burst,[],[]
surge_moderate,Fixed-Timing Baseline,fixed,102,2,57.46,167.0,198.0,101.3,1013,117.35,208.0,14.622,33.776,114,7.57,0.78,Bounded + Transient Burst,[],[]
surge_moderate,Fixed-Timing Baseline,fixed,103,2,53.42,149.0,200.0,106.9,1069,110.49,202.0,14.021,32.388,114,9.16,0.78,Bounded + Transient Burst,[],[]
shifting_demand,"Hybrid (QAOA Polish, 5 seeds)",hybrid_qaoa,101,2,31.26,69.0,115.0,107.5,1075,61.54,101.0,8.127,18.773,226,4.68,0.8,Bounded (Dynamic Split Swap),"[1.0, 1.0, 0.9412, 1.0, 1.0, 1.0, 1.0, 1.0, 1.0, 1.0, 1.0, 1.0, 1.0, 1.0, 1.0, 1.0, 1.0, 1.0, 1.0, 1.0, 1.0, 1.0, 1.0, 1.0, 1.0, 1.0, 1.0, 1.0, 1.0, 1.0, 1.0, 1.0, 1.0, 1.0, 1.0, 1.0, 1.0, 1.0, 1.0, 1.0, 1.0, 1.0, 1.0, 1.0, 1.0, 1.0, 1.0, 1.0, 1.0, 1.0, 1.0, 1.0, 1.0, 1.0, 1.0, 1.0, 1.0, 1.0, 1.0, 1.0]","[1, 1, 0, 1, 1, 1, 1, 1, 1, 1, 1, 1, 1, 1, 1, 1, 1, 1, 1, 1, 1, 1, 1, 1, 1, 1, 1, 1, 1, 1, 1, 1, 1, 1, 1, 1, 1, 1, 1, 1, 1, 1, 1, 1, 1, 1, 1, 1, 1, 1, 1, 1, 1, 1, 1, 1, 1, 1, 1, 1]"
surge_moderate,Fixed-Timing Baseline,fixed,104,2,56.73,171.0,210.0,106.3,1063,120.06,209.0,15.192,35.094,114,7.61,0.78,Bounded + Transient Burst,[],[]
surge_moderate,Fixed-Timing Baseline,fixed,105,2,54.1,162.0,205.0,106.1,1061,112.59,196.0,14.198,32.796,114,6.27,0.78,Bounded + Transient Burst,[],[]
shifting_demand,"Hybrid (QAOA Polish, 5 seeds)",hybrid_qaoa,104,2,31.68,78.0,163.0,110.0,1100,62.95,97.0,8.307,19.189,208,4.99,0.8,Bounded (Dynamic Split Swap),"[1.0, 1.0, 1.0, 1.0, 1.0, 1.0, 1.0, 1.0, 1.0, 1.0, 1.0, 1.0, 1.0, 1.0, 1.0, 1.0, 1.0, 1.0, 1.0, 1.0, 1.0, 1.0, 1.0, 1.0, 1.0, 1.0, 1.0, 1.0, 1.0, 1.0, 1.0, 1.0, 1.0, 1.0, 1.0, 1.0, 1.0, 1.0, 1.0, 1.0, 1.0, 1.0, 1.0, 1.0, 1.0, 1.0, 1.0, 1.0, 1.0, 1.0, 1.0, 1.0, 1.0, 1.0, 1.0, 1.0, 1.0, 1.0, 1.0, 1.0]","[1, 1, 1, 1, 1, 1, 1, 1, 1, 1, 1, 1, 1, 1, 1, 1, 1, 1, 1, 1, 1, 1, 1, 1, 1, 1, 1, 1, 1, 1, 1, 1, 1, 1, 1, 1, 1, 1, 1, 1, 1, 1, 1, 1, 1, 1, 1, 1, 1, 1, 1, 1, 1, 1, 1, 1, 1, 1, 1, 1]"
shifting_demand,"Hybrid (QAOA Polish, 5 seeds)",hybrid_qaoa,102,2,31.79,77.0,118.0,107.8,1078,62.47,108.0,8.196,18.933,216,4.15,0.8,Bounded (Dynamic Split Swap),"[1.0, 1.0, 1.0, 1.0, 1.0, 1.0, 1.0, 1.0, 1.0, 1.0, 1.0, 1.0, 1.0, 1.0, 1.0, 1.0, 1.0, 1.0, 1.0, 1.0, 1.0, 1.0, 1.0, 1.0, 1.0, 1.0, 1.0, 1.0, 1.0, 1.0, 1.0, 1.0, 1.0, 1.0, 1.0, 1.0, 1.0, 1.0, 0.9266, 1.0, 1.0, 1.0, 1.0, 1.0, 1.0, 1.0, 1.0, 1.0, 1.0, 1.0, 1.0, 1.0, 1.0, 1.0, 1.0, 1.0, 1.0, 1.0, 1.0, 1.0]","[1, 1, 1, 1, 1, 1, 1, 1, 1, 1, 1, 1, 1, 1, 1, 1, 1, 1, 1, 1, 1, 1, 1, 1, 1, 1, 1, 1, 1, 1, 1, 1, 1, 1, 1, 1, 1, 1, 0, 1, 1, 1, 1, 1, 1, 1, 1, 1, 1, 1, 1, 1, 1, 1, 1, 1, 1, 1, 1, 1]"
shifting_demand,"Hybrid (QAOA Polish, 5 seeds)",hybrid_qaoa,103,2,28.77,62.0,112.0,107.2,1072,55.78,84.0,7.288,16.835,215,4.75,0.8,Bounded (Dynamic Split Swap),"[1.0, 0.9921, 1.0, 1.0, 1.0, 1.0, 1.0, 1.0, 1.0, 1.0, 1.0, 1.0, 1.0, 1.0, 1.0, 1.0, 1.0, 0.9922, 1.0, 1.0, 1.0, 1.0, 1.0, 1.0, 1.0, 1.0, 1.0, 1.0, 1.0, 1.0, 1.0, 1.0, 1.0, 1.0, 1.0, 1.0, 1.0, 1.0, 1.0, 1.0, 0.9063, 1.0, 1.0, 1.0, 1.0, 1.0, 1.0, 1.0, 1.0, 1.0, 1.0, 1.0, 1.0, 1.0, 1.0, 1.0, 1.0, 1.0, 1.0, 1.0]","[1, 0, 1, 1, 1, 1, 1, 1, 1, 1, 1, 1, 1, 1, 1, 1, 1, 0, 1, 1, 1, 1, 1, 1, 1, 1, 1, 1, 1, 1, 1, 1, 1, 1, 1, 1, 1, 1, 1, 1, 0, 1, 1, 1, 1, 1, 1, 1, 1, 1, 1, 1, 1, 1, 1, 1, 1, 1, 1, 1]"
shifting_demand,"Hybrid (QAOA Raw, 5 seeds)",hybrid_qaoa,103,2,35.21,63.0,97.0,105.1,1051,67.96,95.0,8.912,20.587,198,6.71,0.8,Bounded (Dynamic Split Swap),"[1.0, 0.9921, 1.0, 1.0, 0.66, 0.9504, 0.7453, 0.9119, 0.8978, 1.0, 0.9211, 0.8113, 0.8833, 0.7895, 0.7643, 0.6711, 0.804, 0.8855, 0.7648, 0.7063, 0.8357, 0.8546, 0.9676, 0.6765, 0.8226, 1.0, 0.9613, 0.8373, 0.8575, 1.0, 0.7493, 0.9701, 0.9203, 1.0, 0.9667, 0.8697, 0.6439, 0.99, 0.884, 0.9945, 0.9875, 0.9315, 1.0, 0.9645, 1.0, 1.0, 1.0, 0.8321, 0.8496, 0.6724, 0.8109, 0.8885, 0.8395, 0.867, 0.7582, 0.8647, 0.744, 0.8122, 0.9213, 0.8661]","[1, 0, 1, 1, 0, 0, 0, 0, 0, 1, 0, 0, 0, 0, 0, 0, 0, 0, 0, 0, 0, 0, 0, 0, 0, 1, 0, 0, 0, 1, 0, 0, 0, 1, 0, 0, 0, 0, 0, 0, 0, 0, 1, 0, 1, 1, 1, 0, 0, 0, 0, 0, 0, 0, 0, 0, 0, 0, 0, 0]"
shifting_demand,"Hybrid (QAOA Polish, 5 seeds)",hybrid_qaoa,100,2,32.79,69.1,201.0,109.5,1095,66.21,104.0,8.737,20.183,211,4.12,0.8,Bounded (Dynamic Split Swap),"[1.0, 0.9882, 1.0, 1.0, 1.0, 1.0, 1.0, 1.0, 1.0, 1.0, 1.0, 1.0, 1.0, 1.0, 1.0, 1.0, 1.0, 1.0, 1.0, 1.0, 1.0, 1.0, 1.0, 1.0, 1.0, 1.0, 1.0, 1.0, 1.0, 1.0, 1.0, 1.0, 1.0, 1.0, 1.0, 1.0, 1.0, 1.0, 1.0, 1.0, 1.0, 1.0, 1.0, 1.0, 1.0, 1.0, 1.0, 1.0, 1.0, 1.0, 1.0, 1.0, 1.0, 1.0, 1.0, 1.0, 1.0, 1.0, 1.0, 1.0]","[1, 0, 1, 1, 1, 1, 1, 1, 1, 1, 1, 1, 1, 1, 1, 1, 1, 1, 1, 1, 1, 1, 1, 1, 1, 1, 1, 1, 1, 1, 1, 1, 1, 1, 1, 1, 1, 1, 1, 1, 1, 1, 1, 1, 1, 1, 1, 1, 1, 1, 1, 1, 1, 1, 1, 1, 1, 1, 1, 1]"
surge_moderate,Fixed-Timing Baseline,fixed,106,2,53.26,150.0,178.0,103.8,1038,107.16,183.0,13.575,31.359,114,7.74,0.78,Bounded + Transient Burst,[],[]
surge_moderate,Fixed-Timing Baseline,fixed,109,2,54.87,163.0,201.0,108.7,1087,113.42,196.0,14.462,33.407,114,7.69,0.78,Bounded + Transient Burst,[],[]
surge_moderate,Fixed-Timing Baseline,fixed,107,2,57.59,165.8,199.0,107.0,1070,120.25,213.0,15.167,35.035,114,6.27,0.78,Bounded + Transient Burst,[],[]
surge_moderate,Fixed-Timing Baseline,fixed,108,2,56.22,163.0,211.0,104.1,1041,113.19,194.0,14.366,33.186,114,7.47,0.78,Bounded + Transient Burst,[],[]
surge_moderate,Fixed-Timing Baseline,fixed,110,2,51.62,144.4,199.0,108.2,1082,104.7,194.0,13.454,31.08,114,7.82,0.78,Bounded + Transient Burst,[],[]
surge_moderate,Fixed-Timing Baseline,fixed,111,2,57.25,164.0,202.0,106.6,1066,120.27,216.0,15.204,35.122,114,8.49,0.78,Bounded + Transient Burst,[],[]
surge_moderate,Fixed-Timing Baseline,fixed,113,2,52.44,149.0,191.0,107.8,1078,108.55,200.0,13.833,31.955,114,7.66,0.78,Bounded + Transient Burst,[],[]
surge_moderate,Fixed-Timing Baseline,fixed,112,2,55.35,164.0,205.0,103.8,1038,113.94,205.0,14.367,33.189,114,7.58,0.78,Bounded + Transient Burst,[],[]
surge_moderate,Fixed-Timing Baseline,fixed,114,2,55.12,157.0,199.0,105.4,1054,112.27,192.0,14.136,32.654,114,6.95,0.78,Bounded + Transient Burst,[],[]
surge_moderate,Fixed-Timing Baseline,fixed,115,2,58.77,173.0,228.0,107.3,1073,124.53,214.0,15.634,36.114,114,8.02,0.78,Bounded + Transient Burst,[],[]
surge_moderate,Fixed (tuned),fixed,102,2,52.42,127.6,143.0,106.1,1061,103.21,192.0,13.618,31.457,90,10.99,0.78,Bounded + Transient Burst,[],[]
surge_moderate,Fixed-Timing Baseline,fixed,116,2,53.16,149.25,191.0,105.0,1050,109.87,189.0,13.893,32.094,114,9.31,0.78,Bounded + Transient Burst,[],[]
surge_moderate,Fixed-Timing Baseline,fixed,119,2,56.59,146.0,207.0,108.8,1088,118.17,210.0,15.104,34.891,114,7.24,0.78,Bounded + Transient Burst,[],[]
surge_moderate,Fixed (tuned),fixed,100,2,50.68,127.0,142.0,110.8,1108,103.0,188.0,13.593,31.4,90,8.43,0.78,Bounded + Transient Burst,[],[]
surge_moderate,Fixed (tuned),fixed,101,2,50.92,133.0,171.0,108.7,1087,102.97,187.0,13.591,31.394,90,8.73,0.78,Bounded + Transient Burst,[],[]
surge_moderate,Fixed-Timing Baseline,fixed,118,2,54.76,159.0,197.0,107.7,1077,119.13,197.0,15.005,34.661,114,7.55,0.78,Bounded + Transient Burst,[],[]
surge_moderate,Fixed (tuned),fixed,103,2,51.08,111.0,150.0,110.8,1108,103.22,191.0,13.656,31.546,90,10.11,0.78,Bounded + Transient Burst,[],[]
surge_moderate,Fixed-Timing Baseline,fixed,117,2,53.43,153.5,196.0,107.4,1074,109.22,190.0,13.903,32.116,114,8.05,0.78,Bounded + Transient Burst,[],[]
surge_moderate,Fixed (tuned),fixed,104,2,52.37,133.0,169.0,110.3,1103,108.01,191.0,14.246,32.908,90,8.54,0.78,Bounded + Transient Burst,[],[]
surge_moderate,Fixed (tuned),fixed,106,2,50.67,120.05,141.0,106.7,1067,99.08,167.0,13.063,30.175,90,9.02,0.78,Bounded + Transient Burst,[],[]
surge_moderate,Fixed (tuned),fixed,107,2,54.21,138.0,163.0,111.0,1110,110.44,206.0,14.588,33.699,90,10.17,0.78,Bounded + Transient Burst,[],[]
surge_moderate,Fixed (tuned),fixed,109,2,49.67,136.0,167.0,112.3,1123,101.08,183.0,13.346,30.828,90,9.75,0.78,Bounded + Transient Burst,[],[]
surge_moderate,Fixed (tuned),fixed,105,2,52.53,131.0,166.0,109.7,1097,106.86,182.0,14.101,32.573,90,10.6,0.78,Bounded + Transient Burst,[],[]
surge_moderate,Fixed (tuned),fixed,108,2,49.21,112.0,151.0,107.6,1076,96.79,175.0,12.773,29.505,90,10.14,0.78,Bounded + Transient Burst,[],[]
surge_moderate,Fixed (tuned),fixed,110,2,46.29,101.35,143.0,112.5,1125,92.72,182.0,12.283,28.375,90,11.56,0.78,Bounded + Transient Burst,[],[]
surge_moderate,Fixed (tuned),fixed,112,2,50.06,131.0,152.0,107.9,1079,100.41,192.0,13.26,30.632,90,10.46,0.78,Bounded + Transient Burst,[],[]
shifting_demand,"Hybrid (QAOA Raw, 5 seeds)",hybrid_qaoa,104,2,36.79,79.85,184.0,108.8,1088,73.39,116.0,9.679,22.359,189,6.09,0.8,Bounded (Dynamic Split Swap),"[1.0, 1.0, 1.0, 1.0, 1.0, 1.0, 0.8075, 0.797, 1.0, 0.9095, 0.8716, 0.7674, 0.8234, 1.0, 0.9002, 1.0, 0.8908, 0.8741, 0.9095, 0.7989, 0.984, 0.9087, 0.952, 0.8621, 1.0, 0.8463, 0.8051, 1.0, 0.9467, 0.7459, 0.8802, 0.9534, 0.8217, 1.0, 0.8537, 0.7703, 0.8473, 0.7241, 1.0, 0.8488, 1.0, 0.927, 1.0, 0.7987, 0.9149, 1.0, 0.9633, 1.0, 0.6652, 0.8333, 0.9344, 0.961, 0.9381, 0.8983, 0.9023, 0.9736, 0.7349, 0.9238, 0.8047, 0.7878]","[1, 1, 1, 1, 1, 1, 0, 0, 1, 0, 0, 0, 0, 1, 0, 1, 0, 0, 0, 0, 0, 0, 0, 0, 1, 0, 0, 1, 0, 0, 0, 0, 0, 1, 0, 0, 0, 0, 1, 0, 1, 0, 1, 0, 0, 1, 0, 1, 0, 0, 0, 0, 0, 0, 0, 0, 0, 0, 0, 0]"
shifting_demand,"Hybrid (QAOA Raw, 5 seeds)",hybrid_qaoa,100,2,37.23,79.3,192.0,109.2,1092,75.53,117.0,9.888,22.841,186,5.78,0.8,Bounded (Dynamic Split Swap),"[1.0, 0.9882, 1.0, 1.0, 0.7782, 0.9688, 1.0, 1.0, 1.0, 1.0, 1.0, 1.0, 1.0, 1.0, 1.0, 1.0, 1.0, 1.0, 1.0, 1.0, 1.0, 1.0, 1.0, 0.872, 1.0, 0.9291, 0.8697, 1.0, 0.7431, 0.7529, 0.9565, 0.9757, 0.8426, 0.9372, 0.9626, 0.9554, 1.0, 1.0, 1.0, 0.9654, 0.9506, 1.0, 0.8403, 0.8697, 0.5647, 0.8919, 1.0, 0.8289, 0.771, 0.9805, 1.0, 1.0, 1.0, 0.9756, 0.889, 0.9, 0.9928, 1.0, 1.0, 0.9173]","[1, 0, 1, 1, 0, 0, 1, 1, 1, 1, 1, 1, 1, 1, 1, 1, 1, 1, 1, 1, 1, 1, 1, 0, 1, 0, 0, 1, 0, 0, 0, 0, 0, 0, 0, 0, 1, 1, 1, 0, 0, 1, 0, 0, 0, 0, 1, 0, 0, 0, 1, 1, 1, 0, 0, 0, 0, 1, 1, 0]"
surge_moderate,Fixed (tuned),fixed,113,2,48.24,115.0,155.0,111.8,1118,97.81,195.0,12.916,29.837,90,10.05,0.78,Bounded + Transient Burst,[],[]
surge_moderate,Fixed (tuned),fixed,114,2,50.91,118.1,154.0,109.3,1093,100.94,179.0,13.339,30.813,90,9.45,0.78,Bounded + Transient Burst,[],[]
surge_moderate,Fixed (tuned),fixed,111,2,52.69,136.0,171.0,110.7,1107,107.82,198.0,14.238,32.89,90,11.24,0.78,Bounded + Transient Burst,[],[]
surge_moderate,Fixed (tuned),fixed,115,2,56.88,144.0,183.0,110.8,1108,116.89,204.0,15.408,35.592,90,9.61,0.78,Bounded + Transient Burst,[],[]
surge_moderate,Fixed (tuned),fixed,117,2,47.08,107.0,140.0,111.5,1115,94.03,165.0,12.451,28.762,90,10.46,0.78,Bounded + Transient Burst,[],[]
surge_moderate,Fixed (tuned),fixed,118,2,51.61,120.4,156.0,112.1,1121,109.0,177.0,14.371,33.197,90,10.55,0.78,Bounded + Transient Burst,[],[]
surge_moderate,Fixed (tuned),fixed,119,2,54.18,130.0,161.0,112.2,1122,111.46,202.0,14.701,33.96,90,9.72,0.78,Bounded + Transient Burst,[],[]
surge_moderate,Rule-Based (tuned),rule_based,101,2,51.0,121.0,160.0,107.5,1075,102.38,189.0,13.475,31.126,187,5.16,0.78,Bounded + Transient Burst,[],[]
surge_moderate,Rule-Based (tuned),rule_based,100,2,52.17,118.0,146.0,108.8,1088,106.43,196.0,13.913,32.138,191,5.48,0.78,Bounded + Transient Burst,[],[]
surge_moderate,Fixed (tuned),fixed,116,2,47.43,103.5,136.0,109.9,1099,95.63,172.0,12.605,29.117,90,10.87,0.78,Bounded + Transient Burst,[],[]
surge_moderate,Rule-Based (tuned),rule_based,102,2,51.98,113.0,132.0,104.6,1046,101.36,192.0,13.343,30.822,180,6.07,0.78,Bounded + Transient Burst,[],[]
surge_moderate,Rule-Based (tuned),rule_based,103,2,56.1,122.0,162.0,106.3,1063,113.3,207.0,14.847,34.296,187,5.48,0.78,Bounded + Transient Burst,[],[]
surge_moderate,Rule-Based (tuned),rule_based,106,2,49.0,109.0,155.0,105.6,1056,95.52,163.0,12.521,28.924,190,5.55,0.78,Bounded + Transient Burst,[],[]
surge_moderate,Rule-Based (tuned),rule_based,105,2,48.41,115.45,139.0,108.5,1085,98.21,189.0,12.824,29.623,181,5.98,0.78,Bounded + Transient Burst,[],[]
surge_moderate,Rule-Based (tuned),rule_based,110,2,47.9,108.8,157.0,109.1,1091,95.89,190.0,12.613,29.135,197,6.1,0.78,Bounded + Transient Burst,[],[]
surge_moderate,Rule-Based (tuned),rule_based,109,2,49.72,124.0,151.0,110.6,1106,100.81,190.0,13.203,30.498,187,5.09,0.78,Bounded + Transient Burst,[],[]
surge_moderate,Rule-Based (tuned),rule_based,107,2,56.76,127.4,168.0,107.9,1079,115.52,210.0,15.048,34.761,185,6.41,0.78,Bounded + Transient Burst,[],[]
surge_moderate,Rule-Based (tuned),rule_based,108,2,55.45,116.9,179.0,104.7,1047,108.77,196.0,14.33,33.103,187,6.45,0.78,Bounded + Transient Burst,[],[]
surge_moderate,Rule-Based (tuned),rule_based,104,2,52.82,119.0,154.0,108.5,1085,109.19,199.0,14.366,33.185,185,7.08,0.78,Bounded + Transient Burst,[],[]
surge_moderate,Rule-Based (tuned),rule_based,112,2,58.91,127.0,171.0,103.3,1033,117.38,219.0,15.395,35.562,184,5.09,0.78,Bounded + Transient Burst,[],[]
surge_moderate,Rule-Based (tuned),rule_based,113,2,49.02,116.1,153.0,110.1,1101,98.97,193.0,13.071,30.194,190,5.59,0.78,Bounded + Transient Burst,[],[]
surge_moderate,Rule-Based (tuned),rule_based,111,2,54.17,126.0,160.0,108.5,1085,110.64,206.0,14.493,33.479,183,5.69,0.78,Bounded + Transient Burst,[],[]
surge_moderate,Rule-Based (tuned),rule_based,114,2,54.12,116.65,153.0,107.1,1071,106.55,190.0,14.046,32.446,184,4.92,0.78,Bounded + Transient Burst,[],[]
surge_moderate,Rule-Based (tuned),rule_based,116,2,53.72,118.0,146.0,106.0,1060,107.91,189.0,14.17,32.733,191,5.84,0.78,Bounded + Transient Burst,[],[]
surge_moderate,Rule-Based (tuned),rule_based,117,2,50.35,116.0,164.0,108.6,1086,100.08,181.0,13.236,30.576,189,5.35,0.78,Bounded + Transient Burst,[],[]
surge_moderate,Rule-Based (tuned),rule_based,115,2,55.36,133.4,188.0,108.2,1082,113.4,200.0,14.922,34.469,184,4.5,0.78,Bounded + Transient Burst,[],[]
surge_moderate,Rule-Based (tuned),rule_based,118,2,47.61,105.0,128.0,111.1,1111,100.33,180.0,13.225,30.55,187,5.54,0.78,Bounded + Transient Burst,[],[]
surge_moderate,Max-Pressure (tuned),max_pressure,101,2,47.42,119.75,157.0,108.6,1086,95.54,181.0,12.498,28.871,185,6.18,0.78,Bounded + Transient Burst,[],[]
surge_moderate,Rule-Based (tuned),rule_based,119,2,54.42,140.0,181.0,108.9,1089,111.87,203.0,14.718,33.998,190,5.39,0.78,Bounded + Transient Burst,[],[]
surge_moderate,Max-Pressure (tuned),max_pressure,102,2,47.62,115.35,136.0,105.8,1058,93.32,180.0,12.211,28.207,179,5.05,0.78,Bounded + Transient Burst,[],[]
surge_moderate,Max-Pressure (tuned),max_pressure,104,2,48.77,121.2,166.0,108.8,1088,100.83,190.0,13.19,30.469,179,6.14,0.78,Bounded + Transient Burst,[],[]
surge_moderate,Max-Pressure (tuned),max_pressure,107,2,51.39,127.0,157.0,109.7,1097,105.25,199.0,13.75,31.762,185,6.52,0.78,Bounded + Transient Burst,[],[]
surge_moderate,Max-Pressure (tuned),max_pressure,106,2,47.3,115.0,159.0,105.4,1054,92.71,164.0,12.13,28.021,190,5.42,0.78,Bounded + Transient Burst,[],[]
surge_moderate,Max-Pressure (tuned),max_pressure,105,2,45.09,119.6,154.0,109.7,1097,91.76,174.0,11.973,27.658,185,5.08,0.78,Bounded + Transient Burst,[],[]
surge_moderate,Max-Pressure (tuned),max_pressure,108,2,54.47,128.0,205.0,104.6,1046,107.51,187.0,14.101,32.573,191,6.06,0.78,Bounded + Transient Burst,[],[]
surge_moderate,Max-Pressure (tuned),max_pressure,100,2,47.46,112.0,151.0,110.5,1105,96.87,189.0,12.625,29.164,185,6.36,0.78,Bounded + Transient Burst,[],[]
surge_moderate,Max-Pressure (tuned),max_pressure,109,2,49.56,144.0,178.0,111.3,1113,100.71,191.0,13.183,30.453,187,5.1,0.78,Bounded + Transient Burst,[],[]
surge_moderate,Max-Pressure (tuned),max_pressure,111,2,50.19,132.0,169.0,109.0,1090,103.09,194.0,13.451,31.071,191,5.78,0.78,Bounded + Transient Burst,[],[]
surge_moderate,Max-Pressure (tuned),max_pressure,103,2,48.29,113.0,160.0,108.8,1088,97.84,196.0,12.78,29.521,185,4.53,0.78,Bounded + Transient Burst,[],[]
surge_moderate,Max-Pressure (tuned),max_pressure,113,2,44.09,117.1,157.0,110.6,1106,89.82,180.0,11.748,27.138,191,5.28,0.78,Bounded + Transient Burst,[],[]
surge_moderate,Max-Pressure (tuned),max_pressure,112,2,50.15,130.15,164.0,105.7,1057,100.08,190.0,13.127,30.324,187,4.94,0.78,Bounded + Transient Burst,[],[]
surge_moderate,Max-Pressure (tuned),max_pressure,116,2,45.81,111.0,144.0,107.9,1079,92.64,169.0,12.093,27.935,189,5.32,0.78,Bounded + Transient Burst,[],[]
surge_moderate,Max-Pressure (tuned),max_pressure,115,2,51.97,148.0,198.0,108.7,1087,107.21,190.0,13.939,32.199,189,5.84,0.78,Bounded + Transient Burst,[],[]
surge_moderate,Max-Pressure (tuned),max_pressure,114,2,49.15,123.0,148.0,107.9,1079,97.23,179.0,12.713,29.367,187,5.01,0.78,Bounded + Transient Burst,[],[]
surge_moderate,Max-Pressure (tuned),max_pressure,118,2,49.47,116.0,147.0,110.3,1103,104.82,176.0,13.71,31.67,189,5.67,0.78,Bounded + Transient Burst,[],[]
surge_moderate,Max-Pressure (tuned),max_pressure,119,2,51.13,132.35,191.0,110.2,1102,105.16,197.0,13.793,31.862,192,5.89,0.78,Bounded + Transient Burst,[],[]
surge_moderate,Max-Pressure (tuned),max_pressure,117,2,48.52,122.0,146.0,109.3,1093,96.53,185.0,12.681,29.293,185,5.01,0.78,Bounded + Transient Burst,[],[]
surge_moderate,Hybrid (uncoupled),hybrid_bf,102,2,62.19,126.0,148.0,103.0,1030,121.44,219.0,15.975,36.901,198,4.64,0.78,Bounded + Transient Burst,[],[]
surge_moderate,Max-Pressure (tuned),max_pressure,110,2,47.24,125.0,163.0,109.6,1096,94.5,187.0,12.397,28.636,189,5.34,0.78,Bounded + Transient Burst,[],[]
surge_moderate,Hybrid (uncoupled),hybrid_bf,101,2,63.75,126.4,164.0,104.3,1043,128.11,218.0,16.817,38.847,195,4.98,0.78,Bounded + Transient Burst,[],[]
surge_moderate,Hybrid (uncoupled),hybrid_bf,103,2,61.95,124.0,151.0,105.9,1059,124.29,227.0,16.327,37.716,199,4.52,0.78,Bounded + Transient Burst,[],[]
surge_moderate,Hybrid (uncoupled),hybrid_bf,105,2,58.5,126.0,148.0,106.1,1061,117.7,199.0,15.483,35.765,191,5.26,0.78,Bounded + Transient Burst,[],[]
surge_moderate,Hybrid (uncoupled),hybrid_bf,104,2,62.4,129.0,171.0,107.2,1072,128.5,217.0,16.778,38.758,187,5.76,0.78,Bounded + Transient Burst,[],[]
surge_moderate,Hybrid (uncoupled),hybrid_bf,107,2,65.82,135.0,174.0,106.4,1064,133.17,236.0,17.479,40.377,184,6.01,0.78,Bounded + Transient Burst,[],[]
surge_moderate,Hybrid (uncoupled),hybrid_bf,106,2,56.89,113.0,164.0,104.0,1040,110.53,177.0,14.564,33.643,199,5.69,0.78,Bounded + Transient Burst,[],[]
surge_moderate,Hybrid (uncoupled),hybrid_bf,100,2,61.5,122.0,151.0,105.9,1059,124.43,208.0,16.385,37.85,193,4.5,0.78,Bounded + Transient Burst,[],[]
surge_moderate,Hybrid (uncoupled),hybrid_bf,109,2,61.96,137.0,161.0,108.1,1081,125.06,211.0,16.453,38.006,199,5.11,0.78,Bounded + Transient Burst,[],[]
surge_moderate,Hybrid (uncoupled),hybrid_bf,111,2,66.53,136.0,181.0,106.1,1061,135.91,233.0,17.8,41.118,174,5.87,0.78,Bounded + Transient Burst,[],[]
surge_moderate,Hybrid (uncoupled),hybrid_bf,113,2,59.93,123.0,157.0,108.0,1080,120.52,226.0,15.929,36.797,199,4.55,0.78,Bounded + Transient Burst,[],[]
surge_moderate,Hybrid (uncoupled),hybrid_bf,112,2,62.37,133.0,165.0,102.7,1027,124.36,218.0,16.326,37.713,198,5.68,0.78,Bounded + Transient Burst,[],[]
surge_moderate,Hybrid (uncoupled),hybrid_bf,114,2,63.34,120.0,142.0,104.5,1045,124.59,214.0,16.383,37.844,204,3.92,0.78,Bounded + Transient Burst,[],[]
surge_moderate,Hybrid (uncoupled),hybrid_bf,108,2,62.49,130.0,197.0,102.4,1024,122.69,203.0,16.123,37.244,194,6.06,0.78,Bounded + Transient Burst,[],[]
surge_moderate,Hybrid (uncoupled),hybrid_bf,115,2,71.07,165.6,242.0,104.7,1047,145.12,236.0,19.093,44.106,192,5.37,0.78,Bounded + Transient Burst,[],[]
surge_moderate,Hybrid (uncoupled),hybrid_bf,116,2,58.83,118.7,152.0,105.1,1051,117.98,201.0,15.517,35.845,194,4.84,0.78,Bounded + Transient Burst,[],[]
surge_moderate,Hybrid (uncoupled),hybrid_bf,110,2,57.16,113.0,144.0,108.0,1080,113.82,199.0,15.026,34.711,209,4.66,0.78,Bounded + Transient Burst,[],[]
surge_moderate,Hybrid (uncoupled),hybrid_bf,118,2,61.08,123.0,160.0,107.6,1076,128.28,203.0,16.871,38.972,189,5.26,0.78,Bounded + Transient Burst,[],[]
surge_moderate,Hybrid (uncoupled),hybrid_bf,119,2,65.94,149.45,195.0,106.4,1064,135.33,224.0,17.761,41.028,210,4.44,0.78,Bounded + Transient Burst,[],[]
surge_moderate,Hybrid Controller (Brute-Force),hybrid_bf,100,2,53.75,106.0,130.0,109.0,1090,108.66,204.0,14.345,33.136,198,5.79,0.78,Bounded + Transient Burst,[],[]
surge_moderate,Hybrid Controller (Brute-Force),hybrid_bf,102,2,54.74,108.0,146.0,105.3,1053,106.93,197.0,14.061,32.481,198,4.88,0.78,Bounded + Transient Burst,[],[]
surge_moderate,Hybrid Controller (Brute-Force),hybrid_bf,104,2,57.39,115.75,152.0,107.1,1071,118.33,201.0,15.38,35.527,198,5.3,0.78,Bounded + Transient Burst,[],[]
surge_moderate,Hybrid (uncoupled),hybrid_bf,117,2,59.24,117.0,148.0,106.7,1067,118.4,202.0,15.481,35.761,188,4.64,0.78,Bounded + Transient Burst,[],[]
surge_moderate,Hybrid Controller (Brute-Force),hybrid_bf,105,2,55.62,117.0,146.0,107.5,1075,112.04,193.0,14.733,34.034,208,5.35,0.78,Bounded + Transient Burst,[],[]
surge_moderate,Hybrid Controller (Brute-Force),hybrid_bf,107,2,57.13,121.2,151.0,109.3,1093,115.51,208.0,15.198,35.106,204,5.33,0.78,Bounded + Transient Burst,[],[]
surge_moderate,Hybrid Controller (Brute-Force),hybrid_bf,108,2,60.64,120.0,195.0,103.5,1035,119.03,202.0,15.659,36.172,206,6.61,0.78,Bounded + Transient Burst,[],[]
surge_moderate,Hybrid Controller (Brute-Force),hybrid_bf,101,2,58.14,126.0,169.0,106.5,1065,116.6,202.0,15.388,35.546,200,4.67,0.78,Bounded + Transient Burst,[],[]
surge_moderate,Hybrid Controller (Brute-Force),hybrid_bf,109,2,57.36,118.3,144.0,109.4,1094,116.42,202.0,15.233,35.189,204,5.16,0.78,Bounded + Transient Burst,[],[]
surge_moderate,Hybrid Controller (Brute-Force),hybrid_bf,110,2,55.11,105.9,144.0,108.1,1081,109.74,198.0,14.489,33.469,208,4.21,0.78,Bounded + Transient Burst,[],[]
surge_moderate,Hybrid Controller (Brute-Force),hybrid_bf,103,2,55.16,102.5,162.0,107.7,1077,111.03,199.0,14.598,33.722,214,4.34,0.78,Bounded + Transient Burst,[],[]
surge_moderate,Hybrid Controller (Brute-Force),hybrid_bf,106,2,52.57,104.0,155.0,105.0,1050,102.28,165.0,13.458,31.088,204,4.85,0.78,Bounded + Transient Burst,[],[]
surge_moderate,Hybrid Controller (Brute-Force),hybrid_bf,111,2,57.0,116.0,164.0,108.6,1086,116.36,211.0,15.315,35.378,200,5.03,0.78,Bounded + Transient Burst,[],[]
surge_moderate,Hybrid Controller (Brute-Force),hybrid_bf,113,2,56.27,113.0,149.0,109.1,1091,113.3,216.0,14.943,34.518,210,4.23,0.78,Bounded + Transient Burst,[],[]
surge_moderate,Hybrid Controller (Brute-Force),hybrid_bf,114,2,52.98,101.0,163.0,108.0,1080,104.19,186.0,13.762,31.79,200,4.29,0.78,Bounded + Transient Burst,[],[]
surge_moderate,Hybrid Controller (Brute-Force),hybrid_bf,116,2,50.09,100.0,129.0,107.6,1076,100.85,172.0,13.234,30.571,204,5.32,0.78,Bounded + Transient Burst,[],[]
surge_moderate,Hybrid Controller (Brute-Force),hybrid_bf,117,2,54.29,96.0,122.0,108.0,1080,108.39,200.0,14.249,32.915,201,3.96,0.78,Bounded + Transient Burst,[],[]
surge_moderate,Hybrid Controller (Brute-Force),hybrid_bf,115,2,63.77,139.0,194.0,106.5,1065,130.24,219.0,17.104,39.511,200,5.74,0.78,Bounded + Transient Burst,[],[]
surge_moderate,Hybrid Controller (Brute-Force),hybrid_bf,118,2,57.56,112.0,153.0,108.1,1081,120.72,201.0,15.912,36.758,200,5.03,0.78,Bounded + Transient Burst,[],[]
surge_moderate,Hybrid Controller (Brute-Force),hybrid_bf,112,2,56.75,109.0,139.0,104.2,1042,113.1,191.0,14.857,34.319,194,5.71,0.78,Bounded + Transient Burst,[],[]
surge_moderate,Hybrid Controller (Brute-Force),hybrid_bf,119,2,62.13,143.0,186.0,107.4,1074,127.5,220.0,16.72,38.624,206,5.06,0.78,Bounded + Transient Burst,[],[]
surge_moderate,"Hybrid (QAOA Raw, 5 seeds)",hybrid_qaoa,101,2,65.03,130.2,197.0,103.7,1037,129.73,220.0,17.009,39.29,162,5.93,0.78,Bounded + Transient Burst,"[1.0, 1.0, 1.0, 0.8217, 0.7801, 0.9415, 0.9818, 0.7214, 1.0, 0.6521, 1.0, 0.7519, 0.6477, 1.0, 0.6, 1.0, 0.8983, 1.0, 1.0, 0.7968, 0.9101, 0.9317, 0.9545, 0.8075, 0.9126, 0.9835, 0.9819, 1.0, 1.0, 0.5112, 1.0, 1.0, 0.8203, 0.6852, 0.6834, 0.953, 0.964, 1.0, 0.988, 1.0]","[1, 1, 1, 0, 0, 0, 0, 0, 1, 0, 1, 0, 0, 1, 0, 1, 0, 1, 1, 0, 0, 0, 0, 0, 0, 0, 0, 1, 1, 0, 1, 1, 0, 0, 0, 0, 0, 1, 0, 1]"
surge_moderate,"Hybrid (QAOA Raw, 5 seeds)",hybrid_qaoa,100,2,58.73,121.5,178.0,105.7,1057,118.98,203.0,15.545,35.909,169,5.9,0.78,Bounded + Transient Burst,"[1.0, 0.5587, 1.0, 0.969, 1.0, 1.0, 1.0, 1.0, 0.9667, 1.0, 1.0, 1.0, 1.0, 1.0, 1.0, 1.0, 1.0, 1.0, 1.0, 0.894, 0.9282, 1.0, 0.7581, 0.6768, 0.8618, 0.8725, 0.834, 1.0, 0.702, 1.0, 0.659, 1.0, 0.9619, 1.0, 1.0, 0.8103, 0.8221, 0.7837, 0.8143, 0.7644]","[1, 0, 1, 0, 1, 1, 1, 1, 0, 1, 1, 1, 1, 1, 1, 1, 1, 1, 1, 0, 0, 1, 0, 0, 0, 0, 0, 1, 0, 1, 0, 1, 0, 1, 1, 0, 0, 0, 0, 0]"
rush_hour,Fixed-Timing Baseline,fixed,100,2,116.54,289.0,322.0,100.7,1007,329.03,589.0,41.254,95.298,114,6.96,1.2,Oversaturated (Arterial Dominance),[],[]
surge_moderate,"Hybrid (QAOA Raw, 5 seeds)",hybrid_qaoa,104,2,63.58,142.0,164.0,105.8,1058,130.79,216.0,17.195,39.72,155,6.63,0.78,Bounded + Transient Burst,"[1.0, 1.0, 0.6633, 0.8035, 1.0, 1.0, 0.8467, 0.9461, 1.0, 0.7146, 0.9053, 0.7194, 0.8426, 0.7896, 1.0, 0.9832, 1.0, 1.0, 0.7667, 0.6709, 0.5883, 0.8874, 0.8911, 0.8028, 0.5939, 0.7067, 0.6373, 0.8438, 0.8976, 0.7243, 1.0, 0.8103, 0.9518, 0.8393, 1.0, 0.7449, 0.9251, 0.9528, 1.0, 0.9375]","[1, 1, 0, 0, 1, 1, 0, 0, 1, 0, 0, 0, 0, 0, 1, 0, 1, 1, 0, 0, 0, 0, 0, 0, 0, 0, 0, 0, 0, 0, 1, 0, 0, 0, 1, 0, 0, 0, 1, 0]"
rush_hour,Fixed-Timing Baseline,fixed,101,2,113.57,283.0,306.0,98.6,986,313.15,576.0,39.195,90.541,114,7.64,1.2,Oversaturated (Arterial Dominance),[],[]
surge_moderate,"Hybrid (QAOA Raw, 5 seeds)",hybrid_qaoa,103,2,63.16,122.0,158.0,105.2,1052,127.08,219.0,16.745,38.68,151,5.1,0.78,Bounded + Transient Burst,"[1.0, 1.0, 0.7882, 0.7692, 0.9746, 0.7939, 0.7364, 0.793, 1.0, 0.8326, 0.6208, 1.0, 0.7707, 0.7456, 0.7476, 0.7925, 1.0, 1.0, 1.0, 1.0, 0.4928, 1.0, 0.9071, 0.6474, 0.9827, 0.766, 0.7073, 0.9387, 1.0, 0.905, 1.0, 0.8829, 0.8466, 1.0, 0.9135, 0.9071, 0.8255, 0.9365, 0.9423, 0.961]","[1, 1, 0, 0, 0, 0, 0, 0, 1, 0, 0, 1, 0, 0, 0, 0, 1, 1, 1, 1, 0, 1, 0, 0, 0, 0, 0, 0, 1, 0, 1, 0, 0, 1, 0, 0, 0, 0, 0, 0]"
rush_hour,Fixed-Timing Baseline,fixed,102,2,115.72,288.0,326.0,98.4,984,326.24,612.0,40.913,94.508,114,7.57,1.2,Oversaturated (Arterial Dominance),[],[]
rush_hour,Fixed-Timing Baseline,fixed,103,2,108.08,269.0,305.0,103.0,1030,300.88,554.0,37.661,86.996,114,9.16,1.2,Oversaturated (Arterial Dominance),[],[]
surge_moderate,"Hybrid (QAOA Polish, 5 seeds)",hybrid_qaoa,101,2,59.58,124.0,155.0,105.9,1059,119.34,202.0,15.729,36.334,190,4.84,0.78,Bounded + Transient Burst,"[1.0, 1.0, 1.0, 1.0, 1.0, 1.0, 0.9819, 1.0, 1.0, 1.0, 1.0, 1.0, 1.0, 1.0, 1.0, 1.0, 1.0, 1.0, 1.0, 1.0, 1.0, 1.0, 1.0, 1.0, 1.0, 1.0, 0.83, 1.0, 1.0, 1.0, 1.0, 1.0, 1.0, 1.0, 0.9982, 1.0, 0.8745, 1.0, 1.0, 1.0]","[1, 1, 1, 1, 1, 1, 0, 1, 1, 1, 1, 1, 1, 1, 1, 1, 1, 1, 1, 1, 1, 1, 1, 1, 1, 1, 0, 1, 1, 1, 1, 1, 1, 1, 0, 1, 0, 1, 1, 1]"
surge_moderate,"Hybrid (QAOA Polish, 5 seeds)",hybrid_qaoa,102,2,56.31,119.0,160.0,103.9,1039,109.91,196.0,14.504,33.504,184,5.55,0.78,Bounded + Transient Burst,"[1.0, 1.0, 1.0, 1.0, 1.0, 1.0, 1.0, 1.0, 1.0, 1.0, 0.93, 1.0, 1.0, 1.0, 1.0, 1.0, 1.0, 1.0, 1.0, 1.0, 1.0, 1.0, 1.0, 1.0, 0.9167, 1.0, 1.0, 0.9834, 0.9979, 1.0, 1.0, 1.0, 1.0, 1.0, 1.0, 1.0, 0.8659, 1.0, 1.0, 1.0]","[1, 1, 1, 1, 1, 1, 1, 1, 1, 1, 0, 1, 1, 1, 1, 1, 1, 1, 1, 1, 1, 1, 1, 1, 0, 1, 1, 0, 0, 1, 1, 1, 1, 1, 1, 1, 0, 1, 1, 1]"
surge_moderate,"Hybrid (QAOA Raw, 5 seeds)",hybrid_qaoa,102,2,64.48,128.0,158.0,101.7,1017,125.7,222.0,16.522,38.165,153,6.27,0.78,Bounded + Transient Burst,"[1.0, 1.0, 1.0, 0.7735, 1.0, 0.893, 1.0, 0.8743, 0.944, 0.719, 1.0, 1.0, 0.9419, 0.9326, 0.869, 0.6839, 0.9604, 0.6576, 1.0, 1.0, 1.0, 0.9637, 1.0, 1.0, 1.0, 0.8496, 0.8835, 0.9114, 0.8909, 0.749, 0.9837, 0.8323, 0.8937, 0.7403, 0.9417, 0.9944, 0.8841, 1.0, 0.9648, 0.9259]","[1, 1, 1, 0, 1, 0, 1, 0, 0, 0, 1, 1, 0, 0, 0, 0, 0, 0, 1, 1, 1, 0, 1, 1, 1, 0, 0, 0, 0, 0, 0, 0, 0, 0, 0, 0, 0, 1, 0, 0]"
rush_hour,Fixed-Timing Baseline,fixed,104,2,109.82,277.3,307.0,101.9,1019,311.36,576.0,38.926,89.92,114,7.61,1.2,Oversaturated (Arterial Dominance),[],[]
rush_hour,Fixed-Timing Baseline,fixed,106,2,109.88,265.0,287.0,99.3,993,299.18,557.0,37.553,86.748,114,7.74,1.2,Oversaturated (Arterial Dominance),[],[]
rush_hour,Fixed-Timing Baseline,fixed,107,2,113.27,280.5,306.0,103.5,1035,323.52,593.0,40.552,93.676,114,6.27,1.2,Oversaturated (Arterial Dominance),[],[]
surge_moderate,"Hybrid (QAOA Polish, 5 seeds)",hybrid_qaoa,100,2,55.18,105.0,138.0,108.5,1085,111.55,204.0,14.714,33.99,202,5.33,0.78,Bounded + Transient Burst,"[1.0, 1.0, 1.0, 1.0, 0.9545, 1.0, 1.0, 1.0, 1.0, 1.0, 1.0, 1.0, 1.0, 1.0, 1.0, 1.0, 1.0, 1.0, 1.0, 1.0, 1.0, 1.0, 1.0, 1.0, 1.0, 1.0, 1.0, 1.0, 1.0, 1.0, 1.0, 1.0, 1.0, 1.0, 1.0, 1.0, 1.0, 1.0, 1.0, 1.0]","[1, 1, 1, 1, 0, 1, 1, 1, 1, 1, 1, 1, 1, 1, 1, 1, 1, 1, 1, 1, 1, 1, 1, 1, 1, 1, 1, 1, 1, 1, 1, 1, 1, 1, 1, 1, 1, 1, 1, 1]"
rush_hour,Fixed-Timing Baseline,fixed,105,2,113.56,275.35,310.0,100.6,1006,316.91,593.0,39.719,91.752,114,6.27,1.2,Oversaturated (Arterial Dominance),[],[]
rush_hour,Fixed-Timing Baseline,fixed,108,2,117.04,277.65,322.0,98.5,985,320.99,582.0,40.263,93.007,114,7.47,1.2,Oversaturated (Arterial Dominance),[],[]
rush_hour,Fixed-Timing Baseline,fixed,109,2,117.59,287.0,329.0,102.7,1027,339.42,619.0,42.594,98.392,114,7.69,1.2,Oversaturated (Arterial Dominance),[],[]
surge_moderate,"Hybrid (QAOA Polish, 5 seeds)",hybrid_qaoa,104,2,56.75,114.0,143.0,107.6,1076,117.11,198.0,15.196,35.104,196,5.02,0.78,Bounded + Transient Burst,"[1.0, 1.0, 1.0, 1.0, 1.0, 1.0, 1.0, 1.0, 0.9113, 1.0, 0.9173, 1.0, 0.9694, 1.0, 1.0, 1.0, 1.0, 1.0, 1.0, 1.0, 0.9978, 1.0, 1.0, 1.0, 1.0, 1.0, 1.0, 1.0, 1.0, 1.0, 1.0, 1.0, 1.0, 1.0, 1.0, 1.0, 1.0, 1.0, 1.0, 1.0]","[1, 1, 1, 1, 1, 1, 1, 1, 0, 1, 0, 1, 0, 1, 1, 1, 1, 1, 1, 1, 0, 1, 1, 1, 1, 1, 1, 1, 1, 1, 1, 1, 1, 1, 1, 1, 1, 1, 1, 1]"
rush_hour,Fixed-Timing Baseline,fixed,111,2,112.1,277.15,312.0,101.6,1016,313.98,577.0,39.31,90.807,114,8.49,1.2,Oversaturated (Arterial Dominance),[],[]
rush_hour,Fixed-Timing Baseline,fixed,110,2,110.4,278.0,309.0,101.2,1012,305.04,554.0,38.175,88.184,114,7.82,1.2,Oversaturated (Arterial Dominance),[],[]
rush_hour,Fixed-Timing Baseline,fixed,112,2,114.87,279.0,323.0,98.2,982,316.16,589.0,39.617,91.516,114,7.58,1.2,Oversaturated (Arterial Dominance),[],[]
rush_hour,Fixed-Timing Baseline,fixed,113,2,110.26,274.0,303.0,102.1,1021,306.9,562.0,38.418,88.746,114,7.66,1.2,Oversaturated (Arterial Dominance),[],[]
rush_hour,Fixed-Timing Baseline,fixed,114,2,118.2,286.0,314.0,102.3,1023,338.73,606.0,42.499,98.173,114,6.95,1.2,Oversaturated (Arterial Dominance),[],[]
rush_hour,Fixed-Timing Baseline,fixed,115,2,114.73,280.0,313.0,100.9,1009,318.75,571.0,39.951,92.287,114,8.02,1.2,Oversaturated (Arterial Dominance),[],[]
rush_hour,Fixed-Timing Baseline,fixed,116,2,112.61,271.0,298.0,100.7,1007,317.18,585.0,39.765,91.857,114,9.31,1.2,Oversaturated (Arterial Dominance),[],[]
rush_hour,Fixed-Timing Baseline,fixed,117,2,119.18,294.0,332.0,100.8,1008,335.69,593.0,42.058,97.153,114,8.05,1.2,Oversaturated (Arterial Dominance),[],[]
rush_hour,Fixed-Timing Baseline,fixed,118,2,115.38,285.55,315.0,101.3,1013,333.0,618.0,41.792,96.539,114,7.55,1.2,Oversaturated (Arterial Dominance),[],[]
rush_hour,Fixed (tuned),fixed,101,2,82.65,148.0,171.0,116.7,1167,224.02,386.0,28.524,65.891,78,15.24,1.2,Oversaturated (Arterial Dominance),[],[]
rush_hour,Fixed (tuned),fixed,100,2,90.47,160.0,193.0,117.1,1171,251.04,422.0,32.026,73.981,78,12.68,1.2,Oversaturated (Arterial Dominance),[],[]
rush_hour,Fixed (tuned),fixed,102,2,89.47,168.0,230.0,116.2,1162,248.22,429.0,31.634,73.074,78,11.99,1.2,Oversaturated (Arterial Dominance),[],[]
rush_hour,Fixed-Timing Baseline,fixed,119,2,111.54,276.0,330.0,104.9,1049,319.44,575.0,40.105,92.642,114,7.24,1.2,Oversaturated (Arterial Dominance),[],[]
rush_hour,Fixed (tuned),fixed,105,2,87.41,158.0,180.0,117.3,1173,239.22,404.0,30.574,70.625,78,12.67,1.2,Oversaturated (Arterial Dominance),[],[]
surge_moderate,"Hybrid (QAOA Polish, 5 seeds)",hybrid_qaoa,103,2,56.4,107.0,162.0,107.4,1074,113.29,199.0,14.926,34.48,202,4.25,0.78,Bounded + Transient Burst,"[1.0, 1.0, 1.0, 1.0, 1.0, 1.0, 1.0, 1.0, 1.0, 1.0, 1.0, 1.0, 1.0, 1.0, 1.0, 1.0, 1.0, 1.0, 1.0, 1.0, 1.0, 0.8872, 0.9542, 1.0, 1.0, 1.0, 0.9551, 0.9622, 1.0, 1.0, 1.0, 1.0, 1.0, 0.8105, 1.0, 0.98, 1.0, 1.0, 1.0, 1.0]","[1, 1, 1, 1, 1, 1, 1, 1, 1, 1, 1, 1, 1, 1, 1, 1, 1, 1, 1, 1, 1, 0, 0, 1, 1, 1, 0, 0, 1, 1, 1, 1, 1, 0, 1, 0, 1, 1, 1, 1]"
rush_hour,Fixed (tuned),fixed,103,2,86.3,166.0,225.0,117.0,1170,234.67,398.0,30.071,69.464,78,12.93,1.2,Oversaturated (Arterial Dominance),[],[]
rush_hour,Fixed (tuned),fixed,104,2,83.9,148.0,193.0,118.1,1181,232.12,414.0,29.738,68.694,78,14.68,1.2,Oversaturated (Arterial Dominance),[],[]
rush_hour,Fixed (tuned),fixed,106,2,83.0,157.0,214.0,115.5,1155,221.75,383.0,28.369,65.532,78,13.4,1.2,Oversaturated (Arterial Dominance),[],[]
rush_hour,Fixed (tuned),fixed,107,2,92.41,163.0,203.0,117.3,1173,258.19,439.0,33.083,76.421,78,13.07,1.2,Oversaturated (Arterial Dominance),[],[]
rush_hour,Fixed (tuned),fixed,108,2,86.86,167.65,195.0,116.2,1162,234.56,389.0,29.881,69.026,78,14.61,1.2,Oversaturated (Arterial Dominance),[],[]
rush_hour,Fixed (tuned),fixed,109,2,93.53,168.0,207.0,117.8,1178,265.46,452.0,33.879,78.261,78,14.93,1.2,Oversaturated (Arterial Dominance),[],[]
rush_hour,Fixed (tuned),fixed,110,2,82.4,144.25,175.0,117.6,1176,222.85,380.0,28.492,65.817,78,11.81,1.2,Oversaturated (Arterial Dominance),[],[]
rush_hour,Fixed (tuned),fixed,111,2,86.89,152.15,196.0,116.8,1168,238.31,410.0,30.47,70.386,78,14.07,1.2,Oversaturated (Arterial Dominance),[],[]
rush_hour,Fixed (tuned),fixed,112,2,83.75,158.0,205.0,116.0,1160,226.63,397.0,28.885,66.725,78,13.87,1.2,Oversaturated (Arterial Dominance),[],[]
rush_hour,Fixed (tuned),fixed,113,2,87.08,156.0,225.0,117.9,1179,236.72,389.0,30.341,70.088,78,13.93,1.2,Oversaturated (Arterial Dominance),[],[]
rush_hour,Fixed (tuned),fixed,115,2,88.77,161.0,225.0,115.6,1156,242.09,411.0,30.913,71.409,78,12.43,1.2,Oversaturated (Arterial Dominance),[],[]
rush_hour,Fixed (tuned),fixed,114,2,95.43,168.0,192.0,117.7,1177,268.41,441.0,34.312,79.262,78,10.55,1.2,Oversaturated (Arterial Dominance),[],[]
rush_hour,Fixed (tuned),fixed,116,2,84.94,147.0,170.0,117.0,1170,234.74,419.0,29.992,69.282,78,11.48,1.2,Oversaturated (Arterial Dominance),[],[]
rush_hour,Fixed (tuned),fixed,117,2,92.46,163.65,189.0,117.0,1170,255.23,421.0,32.629,75.374,78,13.45,1.2,Oversaturated (Arterial Dominance),[],[]
rush_hour,Fixed (tuned),fixed,118,2,89.51,165.55,233.0,117.6,1176,254.27,454.0,32.424,74.898,78,12.56,1.2,Oversaturated (Arterial Dominance),[],[]
rush_hour,Fixed (tuned),fixed,119,2,95.26,191.0,302.0,116.6,1166,267.21,452.0,34.251,79.121,78,10.6,1.2,Oversaturated (Arterial Dominance),[],[]
rush_hour,Rule-Based (tuned),rule_based,100,2,103.76,238.0,362.0,105.7,1057,285.74,537.0,36.756,84.905,93,14.93,1.2,Oversaturated (Arterial Dominance),[],[]
rush_hour,Rule-Based (tuned),rule_based,101,2,97.86,214.0,340.0,106.2,1062,262.32,507.0,34.121,78.82,91,15.22,1.2,Oversaturated (Arterial Dominance),[],[]
rush_hour,Rule-Based (tuned),rule_based,102,2,111.56,284.45,478.0,99.5,995,305.53,597.0,39.467,91.169,80,24.45,1.2,Oversaturated (Arterial Dominance),[],[]
rush_hour,Rule-Based (tuned),rule_based,103,2,102.53,238.9,402.0,105.1,1051,276.69,524.0,35.886,82.896,105,11.14,1.2,Oversaturated (Arterial Dominance),[],[]
rush_hour,Rule-Based (tuned),rule_based,104,2,103.08,226.55,351.0,103.7,1037,282.12,573.0,36.88,85.194,97,17.95,1.2,Oversaturated (Arterial Dominance),[],[]
rush_hour,Rule-Based (tuned),rule_based,106,2,95.48,205.2,368.0,105.9,1059,252.89,490.0,32.865,75.917,100,11.95,1.2,Oversaturated (Arterial Dominance),[],[]
rush_hour,Rule-Based (tuned),rule_based,105,2,104.15,236.65,377.0,106.1,1061,280.99,527.0,36.755,84.904,93,12.23,1.2,Oversaturated (Arterial Dominance),[],[]
rush_hour,Rule-Based (tuned),rule_based,107,2,103.68,227.45,377.0,106.2,1062,287.91,550.0,37.141,85.796,96,13.87,1.2,Oversaturated (Arterial Dominance),[],[]
rush_hour,Rule-Based (tuned),rule_based,108,2,101.02,243.0,312.0,108.3,1083,269.81,467.0,34.796,80.379,97,11.97,1.2,Oversaturated (Arterial Dominance),[],[]
rush_hour,Rule-Based (tuned),rule_based,109,2,113.12,291.15,413.0,102.6,1026,316.71,614.0,41.228,95.236,85,18.34,1.2,Oversaturated (Arterial Dominance),[],[]
rush_hour,Rule-Based (tuned),rule_based,111,2,102.11,225.0,379.0,104.5,1045,278.96,534.0,35.807,82.715,93,19.69,1.2,Oversaturated (Arterial Dominance),[],[]
rush_hour,Rule-Based (tuned),rule_based,112,2,98.62,221.0,411.0,105.0,1050,263.82,510.0,34.188,78.974,89,14.73,1.2,Oversaturated (Arterial Dominance),[],[]
rush_hour,Rule-Based (tuned),rule_based,113,2,102.13,235.0,324.0,108.3,1083,274.56,498.0,35.881,82.885,101,14.69,1.2,Oversaturated (Arterial Dominance),[],[]
rush_hour,Rule-Based (tuned),rule_based,110,2,98.32,232.6,338.0,107.3,1073,262.8,498.0,34.28,79.188,99,12.95,1.2,Oversaturated (Arterial Dominance),[],[]
rush_hour,Rule-Based (tuned),rule_based,115,2,103.64,237.2,370.0,104.2,1042,280.48,533.0,36.275,83.794,96,17.36,1.2,Oversaturated (Arterial Dominance),[],[]
rush_hour,Rule-Based (tuned),rule_based,114,2,118.67,277.0,412.0,103.7,1037,329.12,593.0,42.985,99.296,89,16.65,1.2,Oversaturated (Arterial Dominance),[],[]
rush_hour,Rule-Based (tuned),rule_based,116,2,97.8,207.1,327.0,107.4,1074,268.83,525.0,34.751,80.275,97,13.34,1.2,Oversaturated (Arterial Dominance),[],[]
rush_hour,Rule-Based (tuned),rule_based,117,2,115.44,274.75,380.0,101.0,1010,314.11,596.0,41.198,95.168,88,17.36,1.2,Oversaturated (Arterial Dominance),[],[]
rush_hour,Rule-Based (tuned),rule_based,118,2,106.64,262.0,396.0,106.0,1060,298.01,583.0,38.887,89.83,93,13.67,1.2,Oversaturated (Arterial Dominance),[],[]
rush_hour,Rule-Based (tuned),rule_based,119,2,113.81,279.0,437.0,103.8,1038,315.38,590.0,41.176,95.116,99,15.81,1.2,Oversaturated (Arterial Dominance),[],[]
rush_hour,Max-Pressure (tuned),max_pressure,102,2,102.98,234.0,331.0,104.4,1044,282.99,548.0,36.431,84.156,89,16.89,1.2,Oversaturated (Arterial Dominance),[],[]
rush_hour,Max-Pressure (tuned),max_pressure,101,2,97.05,182.3,258.0,107.8,1078,258.89,497.0,33.968,78.466,103,14.96,1.2,Oversaturated (Arterial Dominance),[],[]
rush_hour,Max-Pressure (tuned),max_pressure,100,2,98.63,188.4,289.0,109.9,1099,271.04,494.0,34.913,80.65,102,12.14,1.2,Oversaturated (Arterial Dominance),[],[]
rush_hour,Max-Pressure (tuned),max_pressure,104,2,102.87,207.7,321.0,103.4,1034,283.38,569.0,36.643,84.645,106,15.4,1.2,Oversaturated (Arterial Dominance),[],[]
rush_hour,Max-Pressure (tuned),max_pressure,105,2,101.99,203.0,323.0,108.2,1082,275.72,504.0,35.946,83.035,103,12.87,1.2,Oversaturated (Arterial Dominance),[],[]
rush_hour,Max-Pressure (tuned),max_pressure,103,2,102.0,202.3,366.0,105.9,1059,275.75,509.0,35.542,82.103,108,8.91,1.2,Oversaturated (Arterial Dominance),[],[]
rush_hour,Max-Pressure (tuned),max_pressure,106,2,92.35,182.95,316.0,109.0,1090,244.55,452.0,31.645,73.1,106,15.37,1.2,Oversaturated (Arterial Dominance),[],[]
rush_hour,Max-Pressure (tuned),max_pressure,107,2,104.45,211.0,366.0,107.4,1074,289.88,538.0,37.391,86.374,102,11.56,1.2,Oversaturated (Arterial Dominance),[],[]
rush_hour,Max-Pressure (tuned),max_pressure,108,2,100.07,217.0,294.0,109.3,1093,267.69,462.0,34.58,79.881,104,11.92,1.2,Oversaturated (Arterial Dominance),[],[]
rush_hour,Max-Pressure (tuned),max_pressure,109,2,108.17,229.5,373.0,105.6,1056,304.35,578.0,39.205,90.564,96,16.05,1.2,Oversaturated (Arterial Dominance),[],[]
rush_hour,Max-Pressure (tuned),max_pressure,110,2,96.73,187.7,299.0,107.8,1078,259.51,486.0,33.618,77.658,109,12.12,1.2,Oversaturated (Arterial Dominance),[],[]
rush_hour,Max-Pressure (tuned),max_pressure,111,2,102.88,197.0,328.0,105.3,1053,280.83,528.0,36.144,83.494,104,11.98,1.2,Oversaturated (Arterial Dominance),[],[]
rush_hour,Max-Pressure (tuned),max_pressure,112,2,101.16,195.0,370.0,105.3,1053,270.91,507.0,34.98,80.803,100,13.54,1.2,Oversaturated (Arterial Dominance),[],[]
rush_hour,Max-Pressure (tuned),max_pressure,114,2,112.33,232.95,342.0,107.1,1071,312.75,554.0,40.487,93.526,100,11.72,1.2,Oversaturated (Arterial Dominance),[],[]
rush_hour,Max-Pressure (tuned),max_pressure,113,2,100.64,203.3,288.0,109.2,1092,271.73,488.0,35.312,81.572,108,12.92,1.2,Oversaturated (Arterial Dominance),[],[]
rush_hour,Max-Pressure (tuned),max_pressure,115,2,101.32,208.0,316.0,107.9,1079,274.82,493.0,35.395,81.763,110,12.23,1.2,Oversaturated (Arterial Dominance),[],[]
rush_hour,Max-Pressure (tuned),max_pressure,116,2,93.6,168.0,246.0,110.1,1101,256.16,493.0,33.155,76.587,105,10.72,1.2,Oversaturated (Arterial Dominance),[],[]
rush_hour,Max-Pressure (tuned),max_pressure,117,2,108.74,208.15,295.0,106.3,1063,296.6,538.0,38.615,89.201,99,12.86,1.2,Oversaturated (Arterial Dominance),[],[]
rush_hour,Max-Pressure (tuned),max_pressure,118,2,102.65,208.2,336.0,108.6,1086,288.31,551.0,37.343,86.263,99,11.36,1.2,Oversaturated (Arterial Dominance),[],[]
rush_hour,Max-Pressure (tuned),max_pressure,119,2,108.53,247.0,395.0,103.6,1036,303.34,582.0,39.022,90.141,106,15.33,1.2,Oversaturated (Arterial Dominance),[],[]
rush_hour,Hybrid (uncoupled),hybrid_bf,100,2,107.98,220.0,348.0,104.2,1042,297.21,552.0,38.226,88.301,108,11.44,1.2,Oversaturated (Arterial Dominance),[],[]
rush_hour,Hybrid (uncoupled),hybrid_bf,101,2,105.02,227.4,333.0,103.2,1032,281.56,521.0,36.243,83.721,110,10.82,1.2,Oversaturated (Arterial Dominance),[],[]
rush_hour,Hybrid (uncoupled),hybrid_bf,103,2,107.67,245.0,366.0,103.6,1036,290.92,533.0,37.516,86.662,124,6.38,1.2,Oversaturated (Arterial Dominance),[],[]
rush_hour,Hybrid (uncoupled),hybrid_bf,102,2,110.93,254.5,351.0,100.9,1009,304.52,582.0,39.22,90.597,102,10.79,1.2,Oversaturated (Arterial Dominance),[],[]
rush_hour,Hybrid (uncoupled),hybrid_bf,106,2,93.07,184.65,324.0,108.3,1083,247.81,466.0,32.016,73.956,109,8.2,1.2,Oversaturated (Arterial Dominance),[],[]
rush_hour,Hybrid (uncoupled),hybrid_bf,104,2,105.65,227.0,346.0,104.3,1043,289.21,572.0,37.916,87.586,117,10.03,1.2,Oversaturated (Arterial Dominance),[],[]
rush_hour,Hybrid (uncoupled),hybrid_bf,107,2,107.62,228.0,324.0,107.1,1071,299.37,541.0,38.528,89.001,117,8.9,1.2,Oversaturated (Arterial Dominance),[],[]
rush_hour,Hybrid (uncoupled),hybrid_bf,105,2,104.1,221.85,356.0,105.1,1051,282.36,533.0,36.644,84.648,108,8.35,1.2,Oversaturated (Arterial Dominance),[],[]
rush_hour,Hybrid (uncoupled),hybrid_bf,109,2,117.65,264.05,380.0,100.9,1009,332.78,632.0,42.875,99.042,105,11.7,1.2,Oversaturated (Arterial Dominance),[],[]
rush_hour,Hybrid (uncoupled),hybrid_bf,110,2,102.71,208.0,334.0,105.3,1053,275.18,510.0,35.629,82.303,114,8.91,1.2,Oversaturated (Arterial Dominance),[],[]
rush_hour,Hybrid (uncoupled),hybrid_bf,111,2,105.17,201.0,286.0,105.8,1058,286.59,528.0,36.996,85.46,122,9.66,1.2,Oversaturated (Arterial Dominance),[],[]
rush_hour,Hybrid (uncoupled),hybrid_bf,113,2,109.25,237.2,337.0,105.7,1057,294.13,519.0,38.189,88.217,117,9.61,1.2,Oversaturated (Arterial Dominance),[],[]
rush_hour,Hybrid (uncoupled),hybrid_bf,112,2,97.27,209.45,346.0,106.0,1060,261.11,498.0,33.547,77.493,103,10.18,1.2,Oversaturated (Arterial Dominance),[],[]
rush_hour,Hybrid (uncoupled),hybrid_bf,114,2,114.96,242.65,370.0,105.1,1051,319.75,580.0,41.59,96.073,107,7.92,1.2,Oversaturated (Arterial Dominance),[],[]
rush_hour,Hybrid (uncoupled),hybrid_bf,115,2,103.1,229.45,345.0,105.4,1054,277.89,520.0,36.016,83.197,111,10.21,1.2,Oversaturated (Arterial Dominance),[],[]
rush_hour,Hybrid (uncoupled),hybrid_bf,116,2,96.02,192.6,261.0,108.3,1083,264.74,506.0,33.907,78.325,112,10.72,1.2,Oversaturated (Arterial Dominance),[],[]
rush_hour,Hybrid (uncoupled),hybrid_bf,117,2,116.17,258.0,366.0,101.7,1017,318.79,586.0,41.253,95.295,103,9.79,1.2,Oversaturated (Arterial Dominance),[],[]
rush_hour,Hybrid (uncoupled),hybrid_bf,108,2,103.73,230.25,321.0,106.5,1065,276.44,491.0,35.867,82.852,106,8.81,1.2,Oversaturated (Arterial Dominance),[],[]
rush_hour,Hybrid (uncoupled),hybrid_bf,118,2,111.96,246.55,361.0,104.6,1046,315.17,584.0,40.555,93.681,109,9.55,1.2,Oversaturated (Arterial Dominance),[],[]
rush_hour,Hybrid Controller (Brute-Force),hybrid_bf,100,2,93.06,204.0,279.0,114.2,1142,259.12,469.0,33.15,76.575,108,12.31,1.2,Oversaturated (Arterial Dominance),[],[]
rush_hour,Hybrid (uncoupled),hybrid_bf,119,2,116.25,248.0,359.0,102.1,1021,324.51,604.0,41.928,96.855,122,8.77,1.2,Oversaturated (Arterial Dominance),[],[]
rush_hour,Hybrid Controller (Brute-Force),hybrid_bf,102,2,95.64,223.5,307.0,111.6,1116,262.12,475.0,33.815,78.112,106,10.75,1.2,Oversaturated (Arterial Dominance),[],[]
rush_hour,Hybrid Controller (Brute-Force),hybrid_bf,103,2,94.49,210.15,307.0,112.2,1122,258.16,463.0,33.134,76.539,114,8.49,1.2,Oversaturated (Arterial Dominance),[],[]
rush_hour,Hybrid Controller (Brute-Force),hybrid_bf,104,2,93.1,193.0,259.0,109.9,1099,256.1,496.0,32.997,76.224,115,10.67,1.2,Oversaturated (Arterial Dominance),[],[]
rush_hour,Hybrid Controller (Brute-Force),hybrid_bf,101,2,92.68,203.4,278.0,110.5,1105,247.5,448.0,31.985,73.886,106,11.03,1.2,Oversaturated (Arterial Dominance),[],[]
rush_hour,Hybrid Controller (Brute-Force),hybrid_bf,105,2,97.31,219.35,305.0,110.2,1102,264.05,484.0,34.036,78.622,109,8.17,1.2,Oversaturated (Arterial Dominance),[],[]
rush_hour,Hybrid Controller (Brute-Force),hybrid_bf,106,2,90.26,211.0,326.0,111.9,1119,238.18,419.0,30.848,71.258,110,10.1,1.2,Oversaturated (Arterial Dominance),[],[]
rush_hour,Hybrid Controller (Brute-Force),hybrid_bf,107,2,97.95,215.5,283.0,112.2,1122,271.73,490.0,35.066,81.001,122,10.16,1.2,Oversaturated (Arterial Dominance),[],[]
rush_hour,Hybrid Controller (Brute-Force),hybrid_bf,108,2,92.81,226.0,307.0,112.0,1120,246.45,428.0,31.925,73.747,100,11.58,1.2,Oversaturated (Arterial Dominance),[],[]
rush_hour,Hybrid Controller (Brute-Force),hybrid_bf,110,2,88.28,192.5,282.0,113.8,1138,239.68,436.0,30.722,70.967,120,8.94,1.2,Oversaturated (Arterial Dominance),[],[]
rush_hour,Hybrid Controller (Brute-Force),hybrid_bf,109,2,107.15,232.0,329.0,109.8,1098,304.83,551.0,39.049,90.204,104,13.86,1.2,Oversaturated (Arterial Dominance),[],[]
rush_hour,Hybrid Controller (Brute-Force),hybrid_bf,111,2,92.96,198.0,284.0,112.2,1122,254.35,471.0,32.845,75.873,116,10.06,1.2,Oversaturated (Arterial Dominance),[],[]
rush_hour,Hybrid Controller (Brute-Force),hybrid_bf,112,2,89.39,204.0,263.0,111.9,1119,239.08,447.0,30.831,71.219,110,10.87,1.2,Oversaturated (Arterial Dominance),[],[]
rush_hour,Hybrid Controller (Brute-Force),hybrid_bf,113,2,95.52,211.65,293.0,112.0,1120,256.88,448.0,33.285,76.889,110,10.79,1.2,Oversaturated (Arterial Dominance),[],[]
rush_hour,Hybrid Controller (Brute-Force),hybrid_bf,114,2,106.66,238.0,332.0,110.7,1107,295.9,511.0,38.348,88.585,106,10.65,1.2,Oversaturated (Arterial Dominance),[],[]
rush_hour,Hybrid Controller (Brute-Force),hybrid_bf,116,2,92.9,202.0,285.0,112.6,1126,254.02,469.0,32.802,75.774,114,11.26,1.2,Oversaturated (Arterial Dominance),[],[]
rush_hour,Hybrid Controller (Brute-Force),hybrid_bf,115,2,100.43,217.7,291.0,109.2,1092,270.26,475.0,34.971,80.783,104,10.12,1.2,Oversaturated (Arterial Dominance),[],[]
rush_hour,Hybrid Controller (Brute-Force),hybrid_bf,117,2,101.01,218.0,284.0,111.2,1112,275.85,487.0,35.644,82.339,112,12.35,1.2,Oversaturated (Arterial Dominance),[],[]
rush_hour,Hybrid Controller (Brute-Force),hybrid_bf,118,2,98.83,227.55,326.0,112.0,1120,276.93,510.0,35.799,82.695,110,9.95,1.2,Oversaturated (Arterial Dominance),[],[]
rush_hour,Hybrid Controller (Brute-Force),hybrid_bf,119,2,108.33,233.65,363.0,109.7,1097,304.66,536.0,39.192,90.534,120,9.32,1.2,Oversaturated (Arterial Dominance),[],[]
rush_hour,"Hybrid (QAOA Raw, 5 seeds)",hybrid_qaoa,101,2,115.25,219.0,324.0,101.1,1011,307.5,562.0,40.286,93.06,91,14.52,1.2,Oversaturated (Arterial Dominance),"[1.0, 0.5707, 0.833, 1.0, 1.0, 0.9057, 0.941, 0.7256, 0.8163, 0.7125, 0.7081, 0.5175, 1.0, 0.7508, 0.6282, 0.6913, 0.7246, 0.8452, 0.988, 0.8949, 0.9012, 0.9571, 0.9699, 0.8154, 0.7351, 0.6552, 0.7807, 0.6754, 0.6541, 1.0, 1.0, 0.9821, 0.9953, 0.5553, 0.5904, 0.7446, 0.8161, 0.7758, 0.7567, 0.6545]","[1, 0, 0, 1, 1, 0, 0, 0, 0, 0, 0, 0, 1, 0, 0, 0, 0, 0, 0, 0, 0, 0, 0, 0, 0, 0, 0, 0, 0, 1, 1, 0, 0, 0, 0, 0, 0, 0, 0, 0]"
surge_accident,Fixed-Timing Baseline,fixed,100,2,114.49,297.0,347.0,115.1,1151,359.02,625.0,45.185,104.378,114,6.96,1.3,Oversaturated + Bottleneck Incident,[],[]
rush_hour,"Hybrid (QAOA Raw, 5 seeds)",hybrid_qaoa,104,2,109.06,232.0,324.0,104.7,1047,298.54,548.0,38.657,89.298,98,13.37,1.2,Oversaturated (Arterial Dominance),"[1.0, 1.0, 1.0, 0.9665, 0.9979, 0.7329, 0.8384, 0.8486, 0.9961, 1.0, 1.0, 0.8528, 0.7272, 0.7743, 0.7421, 0.6051, 0.9097, 0.7296, 0.8571, 1.0, 0.6785, 0.7371, 0.6383, 0.9154, 0.8337, 1.0, 0.8196, 1.0, 1.0, 1.0, 1.0, 0.9006, 0.6651, 0.7585, 1.0, 1.0, 1.0, 0.6898, 0.7409, 1.0]","[1, 1, 1, 0, 0, 0, 0, 0, 0, 1, 1, 0, 0, 0, 0, 0, 0, 0, 0, 1, 0, 0, 0, 0, 0, 1, 0, 1, 1, 1, 1, 0, 0, 0, 1, 1, 1, 0, 0, 1]"
rush_hour,"Hybrid (QAOA Raw, 5 seeds)",hybrid_qaoa,102,2,105.75,239.0,293.0,105.7,1057,290.19,534.0,37.388,86.366,94,11.86,1.2,Oversaturated (Arterial Dominance),"[1.0, 1.0, 1.0, 1.0, 0.8348, 0.637, 0.8725, 0.8875, 0.6763, 0.7857, 0.9108, 1.0, 1.0, 0.7344, 0.9793, 1.0, 0.8375, 0.9131, 0.87, 1.0, 1.0, 0.956, 0.9568, 0.779, 0.8842, 0.7918, 1.0, 1.0, 0.909, 0.7525, 0.4509, 0.7674, 0.8417, 0.7131, 0.7023, 0.6922, 0.681, 0.81, 1.0, 1.0]","[1, 1, 1, 1, 0, 0, 0, 0, 0, 0, 0, 1, 1, 0, 0, 1, 0, 0, 0, 1, 1, 0, 0, 0, 0, 0, 1, 1, 0, 0, 0, 0, 0, 0, 0, 0, 0, 0, 1, 1]"
surge_accident,Fixed-Timing Baseline,fixed,101,2,110.95,290.0,337.0,112.3,1123,341.66,618.0,42.925,99.157,114,7.64,1.3,Oversaturated + Bottleneck Incident,[],[]
rush_hour,"Hybrid (QAOA Polish, 5 seeds)",hybrid_qaoa,102,2,96.04,228.0,308.0,110.4,1104,263.11,487.0,33.955,78.437,102,10.31,1.2,Oversaturated (Arterial Dominance),"[1.0, 1.0, 1.0, 1.0, 0.853, 1.0, 1.0, 1.0, 1.0, 0.9631, 1.0, 1.0, 1.0, 1.0, 1.0, 1.0, 1.0, 1.0, 1.0, 1.0, 1.0, 1.0, 1.0, 1.0, 1.0, 1.0, 1.0, 0.7347, 1.0, 1.0, 1.0, 1.0, 1.0, 1.0, 1.0, 1.0, 1.0, 1.0, 0.9688, 1.0]","[1, 1, 1, 1, 0, 1, 1, 1, 1, 0, 1, 1, 1, 1, 1, 1, 1, 1, 1, 1, 1, 1, 1, 1, 1, 1, 1, 0, 1, 1, 1, 1, 1, 1, 1, 1, 1, 1, 0, 1]"
surge_accident,Fixed-Timing Baseline,fixed,102,2,114.29,296.0,337.0,109.9,1099,352.7,648.0,44.372,102.499,114,7.57,1.3,Oversaturated + Bottleneck Incident,[],[]
rush_hour,"Hybrid (QAOA Polish, 5 seeds)",hybrid_qaoa,100,2,95.37,220.9,325.0,111.6,1116,265.89,493.0,33.972,78.476,100,14.66,1.2,Oversaturated (Arterial Dominance),"[1.0, 1.0, 1.0, 1.0, 1.0, 1.0, 1.0, 1.0, 1.0, 1.0, 1.0, 1.0, 1.0, 1.0, 1.0, 1.0, 0.9919, 0.5667, 1.0, 1.0, 1.0, 0.9536, 1.0, 1.0, 1.0, 1.0, 0.9942, 0.9093, 1.0, 0.8936, 0.8963, 1.0, 1.0, 0.8322, 1.0, 0.9982, 1.0, 0.906, 0.7707, 0.9605]","[1, 1, 1, 1, 1, 1, 1, 1, 1, 1, 1, 1, 1, 1, 1, 1, 0, 0, 1, 1, 1, 0, 1, 1, 1, 1, 0, 0, 1, 0, 0, 1, 1, 0, 1, 0, 1, 0, 0, 0]"
surge_accident,Fixed-Timing Baseline,fixed,103,2,107.58,281.6,326.0,115.3,1153,331.75,592.0,41.717,96.367,114,9.16,1.3,Oversaturated + Bottleneck Incident,[],[]
surge_accident,Fixed-Timing Baseline,fixed,104,2,108.38,289.2,350.0,115.0,1150,340.97,627.0,42.796,98.86,114,7.61,1.3,Oversaturated + Bottleneck Incident,[],[]
surge_accident,Fixed-Timing Baseline,fixed,106,2,109.49,274.0,324.0,111.9,1119,331.1,596.0,41.728,96.391,114,7.74,1.3,Oversaturated + Bottleneck Incident,[],[]
surge_accident,Fixed-Timing Baseline,fixed,105,2,111.95,290.0,349.0,113.3,1133,344.87,621.0,43.388,100.227,114,6.27,1.3,Oversaturated + Bottleneck Incident,[],[]
rush_hour,"Hybrid (QAOA Raw, 5 seeds)",hybrid_qaoa,100,2,106.92,222.0,331.0,106.4,1064,293.25,529.0,37.851,87.436,91,12.01,1.2,Oversaturated (Arterial Dominance),"[1.0, 0.7983, 1.0, 1.0, 1.0, 0.7026, 0.7611, 0.7036, 0.9074, 1.0, 1.0, 0.9952, 1.0, 0.7884, 1.0, 1.0, 1.0, 0.6416, 1.0, 0.9678, 0.6772, 1.0, 0.9142, 0.7689, 0.6761, 0.5352, 0.8393, 1.0, 0.8505, 1.0, 1.0, 1.0, 0.704, 1.0, 0.9869, 0.6332, 0.7803, 0.7025, 0.8919, 0.715]","[1, 0, 1, 1, 1, 0, 0, 0, 0, 1, 1, 0, 1, 0, 1, 1, 1, 0, 1, 0, 0, 1, 0, 0, 0, 0, 0, 1, 0, 1, 1, 1, 0, 1, 0, 0, 0, 0, 0, 0]"
surge_accident,Fixed-Timing Baseline,fixed,107,2,113.0,289.5,342.0,114.5,1145,353.42,626.0,44.47,102.726,114,6.27,1.3,Oversaturated + Bottleneck Incident,[],[]
surge_accident,Fixed-Timing Baseline,fixed,108,2,115.75,288.0,340.0,111.4,1114,351.62,616.0,44.268,102.26,114,7.47,1.3,Oversaturated + Bottleneck Incident,[],[]
surge_accident,Fixed-Timing Baseline,fixed,109,2,116.39,298.0,375.0,116.2,1162,371.26,649.0,46.764,108.025,114,7.69,1.3,Oversaturated + Bottleneck Incident,[],[]
rush_hour,"Hybrid (QAOA Raw, 5 seeds)",hybrid_qaoa,103,2,103.45,232.0,358.0,105.0,1050,278.74,528.0,36.275,83.796,111,10.62,1.2,Oversaturated (Arterial Dominance),"[1.0, 1.0, 1.0, 1.0, 1.0, 1.0, 1.0, 1.0, 1.0, 1.0, 1.0, 1.0, 1.0, 1.0, 1.0, 0.8302, 0.823, 1.0, 1.0, 0.7757, 0.8472, 1.0, 1.0, 1.0, 1.0, 0.8568, 0.8239, 0.7288, 0.7539, 0.6025, 0.8415, 1.0, 1.0, 0.8875, 0.8024, 0.7543, 0.7279, 0.7056, 0.943, 0.6836]","[1, 1, 1, 1, 1, 1, 1, 1, 1, 1, 1, 1, 1, 1, 1, 0, 0, 1, 1, 0, 0, 1, 1, 1, 1, 0, 0, 0, 0, 0, 0, 1, 1, 0, 0, 0, 0, 0, 0, 0]"
surge_accident,Fixed-Timing Baseline,fixed,110,2,109.33,291.0,357.0,114.1,1141,335.68,595.0,42.178,97.432,114,7.82,1.3,Oversaturated + Bottleneck Incident,[],[]
rush_hour,"Hybrid (QAOA Polish, 5 seeds)",hybrid_qaoa,103,2,96.22,227.65,304.0,111.0,1110,259.51,467.0,33.528,77.449,122,8.64,1.2,Oversaturated (Arterial Dominance),"[1.0, 1.0, 1.0, 1.0, 1.0, 1.0, 1.0, 1.0, 1.0, 1.0, 1.0, 1.0, 1.0, 1.0, 1.0, 1.0, 1.0, 1.0, 1.0, 1.0, 1.0, 1.0, 1.0, 1.0, 1.0, 0.9831, 0.9015, 1.0, 1.0, 1.0, 1.0, 1.0, 1.0, 1.0, 1.0, 1.0, 0.9701, 1.0, 1.0, 1.0]","[1, 1, 1, 1, 1, 1, 1, 1, 1, 1, 1, 1, 1, 1, 1, 1, 1, 1, 1, 1, 1, 1, 1, 1, 1, 0, 0, 1, 1, 1, 1, 1, 1, 1, 1, 1, 0, 1, 1, 1]"
surge_accident,Fixed-Timing Baseline,fixed,111,2,111.68,283.0,337.0,112.9,1129,343.87,613.0,43.233,99.867,114,8.49,1.3,Oversaturated + Bottleneck Incident,[],[]
surge_accident,Fixed-Timing Baseline,fixed,112,2,112.21,291.4,324.0,112.3,1123,343.64,615.0,43.213,99.822,114,7.58,1.3,Oversaturated + Bottleneck Incident,[],[]
surge_accident,Fixed-Timing Baseline,fixed,113,2,110.73,285.0,353.0,117.3,1173,345.97,597.0,43.555,100.612,114,7.66,1.3,Oversaturated + Bottleneck Incident,[],[]
surge_accident,Fixed-Timing Baseline,fixed,115,2,114.56,292.05,329.0,115.4,1154,359.66,626.0,45.314,104.674,114,8.02,1.3,Oversaturated + Bottleneck Incident,[],[]
surge_accident,Fixed-Timing Baseline,fixed,116,2,111.64,288.8,351.0,113.2,1132,347.91,633.0,43.786,101.145,114,9.31,1.3,Oversaturated + Bottleneck Incident,[],[]
surge_accident,Fixed-Timing Baseline,fixed,114,2,117.42,297.2,348.0,114.1,1141,368.15,636.0,46.367,107.109,114,6.95,1.3,Oversaturated + Bottleneck Incident,[],[]
rush_hour,"Hybrid (QAOA Polish, 5 seeds)",hybrid_qaoa,104,2,99.29,227.0,309.0,109.8,1098,270.6,497.0,35.194,81.298,106,11.14,1.2,Oversaturated (Arterial Dominance),"[1.0, 1.0, 1.0, 0.9689, 0.8291, 1.0, 1.0, 1.0, 1.0, 1.0, 1.0, 1.0, 1.0, 1.0, 1.0, 0.9205, 1.0, 1.0, 1.0, 1.0, 0.9725, 1.0, 1.0, 0.9943, 1.0, 1.0, 1.0, 1.0, 1.0, 1.0, 0.9747, 1.0, 1.0, 1.0, 0.8717, 1.0, 1.0, 1.0, 1.0, 0.8402]","[1, 1, 1, 0, 0, 1, 1, 1, 1, 1, 1, 1, 1, 1, 1, 0, 1, 1, 1, 1, 0, 1, 1, 0, 1, 1, 1, 1, 1, 1, 0, 1, 1, 1, 0, 1, 1, 1, 1, 0]"
surge_accident,Fixed-Timing Baseline,fixed,118,2,113.83,296.0,339.0,114.2,1142,363.48,668.0,45.783,105.76,114,7.55,1.3,Oversaturated + Bottleneck Incident,[],[]
surge_accident,Fixed-Timing Baseline,fixed,117,2,116.09,305.0,359.0,115.4,1154,366.94,635.0,46.151,106.61,114,8.05,1.3,Oversaturated + Bottleneck Incident,[],[]
surge_accident,Fixed-Timing Baseline,fixed,119,2,112.77,293.0,369.0,116.9,1169,359.01,639.0,45.307,104.659,114,7.24,1.3,Oversaturated + Bottleneck Incident,[],[]
surge_accident,Fixed (tuned),fixed,100,2,107.88,257.0,304.0,119.4,1194,336.51,582.0,42.577,98.353,114,6.98,1.3,Oversaturated + Bottleneck Incident,[],[]
surge_accident,Fixed (tuned),fixed,103,2,104.5,236.8,277.0,117.7,1177,319.74,568.0,40.522,93.607,114,8.83,1.3,Oversaturated + Bottleneck Incident,[],[]
surge_accident,Fixed (tuned),fixed,101,2,103.62,250.0,299.0,116.9,1169,317.69,572.0,40.09,92.609,114,8.49,1.3,Oversaturated + Bottleneck Incident,[],[]
surge_accident,Fixed (tuned),fixed,104,2,102.94,248.0,308.0,118.6,1186,321.68,591.0,40.651,93.904,114,8.21,1.3,Oversaturated + Bottleneck Incident,[],[]
surge_accident,Fixed (tuned),fixed,102,2,106.65,262.0,294.0,114.9,1149,327.64,598.0,41.404,95.643,114,8.46,1.3,Oversaturated + Bottleneck Incident,[],[]
surge_accident,Fixed (tuned),fixed,107,2,107.66,250.0,301.0,118.7,1187,334.85,584.0,42.372,97.878,114,6.52,1.3,Oversaturated + Bottleneck Incident,[],[]
surge_accident,Fixed (tuned),fixed,108,2,109.03,254.0,304.0,115.5,1155,329.74,568.0,41.698,96.322,114,6.87,1.3,Oversaturated + Bottleneck Incident,[],[]
surge_accident,Fixed (tuned),fixed,106,2,103.43,229.0,285.0,115.2,1152,310.71,563.0,39.418,91.055,114,8.19,1.3,Oversaturated + Bottleneck Incident,[],[]
surge_accident,Fixed (tuned),fixed,110,2,102.38,250.0,311.0,118.4,1184,312.57,552.0,39.498,91.239,114,8.23,1.3,Oversaturated + Bottleneck Incident,[],[]
surge_accident,Fixed (tuned),fixed,109,2,112.51,257.0,331.0,119.6,1196,356.54,612.0,45.202,104.418,114,7.87,1.3,Oversaturated + Bottleneck Incident,[],[]
surge_accident,Fixed (tuned),fixed,111,2,105.56,247.0,294.0,117.3,1173,323.29,569.0,40.863,94.393,114,8.04,1.3,Oversaturated + Bottleneck Incident,[],[]
surge_accident,Fixed (tuned),fixed,114,2,112.65,258.0,316.0,118.1,1181,351.31,596.0,44.485,102.761,114,6.58,1.3,Oversaturated + Bottleneck Incident,[],[]
surge_accident,Fixed (tuned),fixed,112,2,105.06,252.4,289.0,117.2,1172,320.27,563.0,40.459,93.46,114,7.9,1.3,Oversaturated + Bottleneck Incident,[],[]
surge_accident,Fixed (tuned),fixed,113,2,108.06,251.55,307.0,119.5,1195,335.12,575.0,42.505,98.186,114,7.96,1.3,Oversaturated + Bottleneck Incident,[],[]
surge_accident,Fixed (tuned),fixed,115,2,111.15,246.05,295.0,117.3,1173,346.59,607.0,43.966,101.561,114,7.56,1.3,Oversaturated + Bottleneck Incident,[],[]
surge_accident,Fixed (tuned),fixed,116,2,105.82,245.0,300.0,117.6,1176,327.69,589.0,41.507,95.88,114,9.16,1.3,Oversaturated + Bottleneck Incident,[],[]
surge_accident,Fixed (tuned),fixed,105,2,105.45,251.0,309.0,117.5,1175,323.19,569.0,40.867,94.403,114,6.39,1.3,Oversaturated + Bottleneck Incident,[],[]
surge_accident,Fixed (tuned),fixed,118,2,107.41,252.0,298.0,118.6,1186,341.43,624.0,43.205,99.803,114,7.74,1.3,Oversaturated + Bottleneck Incident,[],[]
surge_accident,Fixed (tuned),fixed,117,2,109.71,264.0,316.0,119.6,1196,344.76,593.0,43.618,100.757,114,8.27,1.3,Oversaturated + Bottleneck Incident,[],[]
surge_accident,Fixed (tuned),fixed,119,2,109.0,244.0,332.0,120.1,1201,344.79,607.0,43.795,101.167,114,7.41,1.3,Oversaturated + Bottleneck Incident,[],[]
surge_accident,Rule-Based (tuned),rule_based,102,2,141.91,339.9,527.0,87.0,870,425.61,894.0,55.596,128.427,91,39.77,1.3,Oversaturated + Bottleneck Incident,[],[]
surge_accident,Rule-Based (tuned),rule_based,101,2,135.13,320.75,479.0,91.6,916,404.67,842.0,52.791,121.946,101,22.8,1.3,Oversaturated + Bottleneck Incident,[],[]
surge_accident,Rule-Based (tuned),rule_based,100,2,147.21,359.25,539.0,88.8,888,448.11,908.0,58.754,135.723,100,37.06,1.3,Oversaturated + Bottleneck Incident,[],[]
surge_accident,Rule-Based (tuned),rule_based,104,2,137.51,335.6,465.0,90.6,906,419.09,891.0,54.912,126.846,103,23.2,1.3,Oversaturated + Bottleneck Incident,[],[]
surge_accident,Rule-Based (tuned),rule_based,103,2,132.72,324.1,420.0,95.3,953,397.89,806.0,51.878,119.839,130,11.27,1.3,Oversaturated + Bottleneck Incident,[],[]
surge_accident,Rule-Based (tuned),rule_based,105,2,134.23,320.05,453.0,93.9,939,401.8,821.0,52.5,121.275,104,19.1,1.3,Oversaturated + Bottleneck Incident,[],[]
surge_accident,Rule-Based (tuned),rule_based,106,2,138.13,343.0,496.0,90.5,905,404.69,833.0,53.349,123.236,120,19.02,1.3,Oversaturated + Bottleneck Incident,[],[]
surge_accident,Rule-Based (tuned),rule_based,108,2,141.18,318.0,415.0,97.2,972,415.27,769.0,54.622,126.177,115,11.61,1.3,Oversaturated + Bottleneck Incident,[],[]
surge_accident,Rule-Based (tuned),rule_based,107,2,132.55,285.0,419.0,100.0,1000,401.82,794.0,52.843,122.068,111,15.62,1.3,Oversaturated + Bottleneck Incident,[],[]
surge_accident,Rule-Based (tuned),rule_based,110,2,144.77,358.0,506.0,87.0,870,431.35,882.0,56.364,130.2,114,26.7,1.3,Oversaturated + Bottleneck Incident,[],[]
surge_accident,Rule-Based (tuned),rule_based,111,2,139.77,330.0,463.0,90.3,903,418.08,858.0,54.698,126.353,111,22.65,1.3,Oversaturated + Bottleneck Incident,[],[]
surge_accident,Rule-Based (tuned),rule_based,109,2,148.41,370.95,493.0,89.9,899,461.0,923.0,60.091,138.81,98,24.07,1.3,Oversaturated + Bottleneck Incident,[],[]
surge_accident,Rule-Based (tuned),rule_based,112,2,143.93,354.05,495.0,88.4,884,425.73,876.0,56.294,130.038,96,30.54,1.3,Oversaturated + Bottleneck Incident,[],[]
surge_accident,Rule-Based (tuned),rule_based,113,2,144.4,329.0,469.0,92.9,929,437.69,862.0,57.47,132.756,113,25.11,1.3,Oversaturated + Bottleneck Incident,[],[]
surge_accident,Rule-Based (tuned),rule_based,114,2,151.1,361.0,494.0,90.7,907,457.43,900.0,60.674,140.156,90,26.93,1.3,Oversaturated + Bottleneck Incident,[],[]
surge_accident,Rule-Based (tuned),rule_based,115,2,139.57,307.15,414.0,95.3,953,426.26,845.0,55.767,128.822,120,17.4,1.3,Oversaturated + Bottleneck Incident,[],[]
surge_accident,Rule-Based (tuned),rule_based,116,2,128.82,276.0,420.0,100.0,1000,390.08,781.0,50.984,117.774,113,15.85,1.3,Oversaturated + Bottleneck Incident,[],[]
surge_accident,Rule-Based (tuned),rule_based,117,2,148.37,338.85,513.0,89.9,899,455.48,905.0,59.478,137.395,111,13.93,1.3,Oversaturated + Bottleneck Incident,[],[]
surge_accident,Rule-Based (tuned),rule_based,118,2,137.42,302.45,459.0,96.5,965,425.33,867.0,55.946,129.235,106,12.34,1.3,Oversaturated + Bottleneck Incident,[],[]
surge_accident,Rule-Based (tuned),rule_based,119,2,145.48,342.0,542.0,93.9,939,448.2,898.0,59.387,137.183,114,28.25,1.3,Oversaturated + Bottleneck Incident,[],[]
surge_accident,Max-Pressure (tuned),max_pressure,100,2,134.52,286.0,423.0,97.8,978,410.08,816.0,53.627,123.879,114,17.81,1.3,Oversaturated + Bottleneck Incident,[],[]
surge_accident,Max-Pressure (tuned),max_pressure,101,2,127.01,271.05,431.0,98.2,982,380.48,778.0,49.675,114.75,115,17.31,1.3,Oversaturated + Bottleneck Incident,[],[]
surge_accident,Max-Pressure (tuned),max_pressure,102,2,134.99,300.0,499.0,91.4,914,407.23,843.0,52.707,121.753,99,30.59,1.3,Oversaturated + Bottleneck Incident,[],[]
surge_accident,Max-Pressure (tuned),max_pressure,103,2,126.84,264.35,358.0,100.4,1004,381.15,750.0,49.44,114.207,129,8.97,1.3,Oversaturated + Bottleneck Incident,[],[]
surge_accident,Max-Pressure (tuned),max_pressure,104,2,130.65,295.0,434.0,95.3,953,397.31,848.0,52.288,120.786,118,21.14,1.3,Oversaturated + Bottleneck Incident,[],[]
surge_accident,Max-Pressure (tuned),max_pressure,105,2,123.36,255.2,344.0,102.7,1027,369.13,732.0,48.221,111.39,121,10.59,1.3,Oversaturated + Bottleneck Incident,[],[]
surge_accident,Max-Pressure (tuned),max_pressure,106,2,120.0,252.2,369.0,103.7,1037,351.61,700.0,46.318,106.996,128,10.45,1.3,Oversaturated + Bottleneck Incident,[],[]
surge_accident,Max-Pressure (tuned),max_pressure,108,2,128.4,270.15,340.0,104.1,1041,378.52,698.0,49.592,114.557,124,9.38,1.3,Oversaturated + Bottleneck Incident,[],[]
surge_accident,Max-Pressure (tuned),max_pressure,107,2,123.94,250.8,340.0,103.9,1039,377.7,746.0,49.162,113.564,124,9.26,1.3,Oversaturated + Bottleneck Incident,[],[]
rush_hour,"Hybrid (QAOA Polish, 5 seeds)",hybrid_qaoa,101,2,92.44,219.0,310.0,108.8,1088,250.93,482.0,32.109,74.172,106,11.93,1.2,Oversaturated (Arterial Dominance),"[1.0, 1.0, 1.0, 0.9792, 0.9985, 0.6856, 1.0, 0.9584, 1.0, 1.0, 1.0, 1.0, 1.0, 1.0, 1.0, 1.0, 1.0, 1.0, 1.0, 1.0, 0.9837, 1.0, 1.0, 1.0, 1.0, 1.0, 1.0, 0.9167, 1.0, 1.0, 1.0, 1.0, 0.8836, 1.0, 1.0, 1.0, 1.0, 1.0, 1.0, 1.0]","[1, 1, 1, 0, 0, 0, 1, 0, 1, 1, 1, 1, 1, 1, 1, 1, 1, 1, 1, 1, 0, 1, 1, 1, 1, 1, 1, 0, 1, 1, 1, 1, 0, 1, 1, 1, 1, 1, 1, 1]"
surge_accident,Max-Pressure (tuned),max_pressure,110,2,128.37,292.0,394.0,96.1,961,384.75,782.0,49.722,114.858,119,19.47,1.3,Oversaturated + Bottleneck Incident,[],[]
surge_accident,Max-Pressure (tuned),max_pressure,111,2,126.17,258.0,389.0,99.3,993,379.6,757.0,49.065,113.341,122,11.92,1.3,Oversaturated + Bottleneck Incident,[],[]
surge_accident,Max-Pressure (tuned),max_pressure,109,2,140.84,327.5,402.0,96.0,960,436.12,871.0,57.305,132.374,113,18.64,1.3,Oversaturated + Bottleneck Incident,[],[]
surge_accident,Max-Pressure (tuned),max_pressure,112,2,132.61,282.0,432.0,95.4,954,394.71,800.0,51.542,119.063,112,14.83,1.3,Oversaturated + Bottleneck Incident,[],[]
surge_accident,Max-Pressure (tuned),max_pressure,113,2,134.28,293.0,377.0,99.1,991,406.07,802.0,53.505,123.596,125,13.81,1.3,Oversaturated + Bottleneck Incident,[],[]
surge_accident,Max-Pressure (tuned),max_pressure,115,2,128.96,248.2,354.0,104.8,1048,393.39,749.0,51.498,118.959,131,8.43,1.3,Oversaturated + Bottleneck Incident,[],[]
surge_accident,Max-Pressure (tuned),max_pressure,116,2,120.87,239.0,357.0,105.0,1050,366.91,727.0,47.732,110.261,128,11.39,1.3,Oversaturated + Bottleneck Incident,[],[]
surge_accident,Max-Pressure (tuned),max_pressure,114,2,138.1,295.4,419.0,96.4,964,420.59,829.0,55.026,127.109,106,20.92,1.3,Oversaturated + Bottleneck Incident,[],[]
surge_accident,Hybrid (uncoupled),hybrid_bf,102,2,142.38,306.0,430.0,90.3,903,426.55,859.0,55.75,128.781,117,10.73,1.3,Oversaturated + Bottleneck Incident,[],[]
surge_accident,Max-Pressure (tuned),max_pressure,118,2,128.94,260.0,396.0,101.9,1019,398.65,815.0,52.55,121.39,114,11.1,1.3,Oversaturated + Bottleneck Incident,[],[]
surge_accident,Max-Pressure (tuned),max_pressure,119,2,137.31,311.95,471.0,97.8,978,427.27,844.0,55.597,128.428,126,18.38,1.3,Oversaturated + Bottleneck Incident,[],[]
surge_accident,Max-Pressure (tuned),max_pressure,117,2,137.94,295.0,424.0,95.2,952,424.01,849.0,55.205,127.523,113,16.3,1.3,Oversaturated + Bottleneck Incident,[],[]
surge_accident,Hybrid (uncoupled),hybrid_bf,101,2,138.38,293.0,426.0,93.8,938,412.4,828.0,54.306,125.447,125,8.72,1.3,Oversaturated + Bottleneck Incident,[],[]
surge_accident,Hybrid (uncoupled),hybrid_bf,100,2,141.54,298.0,398.0,95.7,957,431.58,831.0,56.174,129.761,127,10.81,1.3,Oversaturated + Bottleneck Incident,[],[]
surge_accident,Hybrid (uncoupled),hybrid_bf,104,2,138.65,307.0,408.0,91.8,918,427.32,859.0,54.75,126.471,126,12.13,1.3,Oversaturated + Bottleneck Incident,[],[]
surge_accident,Hybrid (uncoupled),hybrid_bf,103,2,139.83,321.0,425.0,94.4,944,416.04,826.0,54.998,127.046,136,6.38,1.3,Oversaturated + Bottleneck Incident,[],[]
surge_accident,Hybrid (uncoupled),hybrid_bf,106,2,135.78,278.1,371.0,96.8,968,398.49,772.0,52.5,121.274,138,7.43,1.3,Oversaturated + Bottleneck Incident,[],[]
surge_accident,Hybrid (uncoupled),hybrid_bf,105,2,136.96,290.0,427.0,94.3,943,410.99,816.0,53.537,123.671,124,8.58,1.3,Oversaturated + Bottleneck Incident,[],[]
surge_accident,Hybrid (uncoupled),hybrid_bf,107,2,136.01,281.0,364.0,99.2,992,409.95,809.0,54.435,125.744,128,7.62,1.3,Oversaturated + Bottleneck Incident,[],[]
surge_accident,Hybrid (uncoupled),hybrid_bf,111,2,136.25,295.0,414.0,97.3,973,405.13,794.0,53.503,123.591,134,7.95,1.3,Oversaturated + Bottleneck Incident,[],[]
surge_accident,Hybrid (uncoupled),hybrid_bf,110,2,139.97,311.0,378.0,94.0,940,416.85,816.0,54.62,126.172,133,9.88,1.3,Oversaturated + Bottleneck Incident,[],[]
surge_accident,Hybrid (uncoupled),hybrid_bf,109,2,153.86,343.0,453.0,91.6,916,476.89,915.0,62.501,144.378,126,9.49,1.3,Oversaturated + Bottleneck Incident,[],[]
surge_accident,Hybrid (uncoupled),hybrid_bf,108,2,142.31,302.75,397.0,96.7,967,417.33,779.0,55.217,127.552,124,8.58,1.3,Oversaturated + Bottleneck Incident,[],[]
surge_accident,Hybrid (uncoupled),hybrid_bf,112,2,140.6,290.0,382.0,93.4,934,419.76,815.0,54.46,125.804,129,10.78,1.3,Oversaturated + Bottleneck Incident,[],[]
surge_accident,Hybrid (uncoupled),hybrid_bf,113,2,145.28,309.0,425.0,95.2,952,438.19,844.0,57.949,133.862,134,10.94,1.3,Oversaturated + Bottleneck Incident,[],[]
surge_accident,Hybrid (uncoupled),hybrid_bf,115,2,138.44,284.55,378.0,98.6,986,424.79,805.0,55.068,127.208,136,9.6,1.3,Oversaturated + Bottleneck Incident,[],[]
surge_accident,Hybrid (uncoupled),hybrid_bf,114,2,150.41,320.7,433.0,92.9,929,458.64,858.0,59.73,137.975,123,9.45,1.3,Oversaturated + Bottleneck Incident,[],[]
surge_accident,Hybrid (uncoupled),hybrid_bf,116,2,134.59,277.0,428.0,99.7,997,404.76,798.0,53.686,124.014,126,8.97,1.3,Oversaturated + Bottleneck Incident,[],[]
surge_accident,Hybrid (uncoupled),hybrid_bf,118,2,140.03,297.0,397.0,97.2,972,434.17,858.0,56.947,131.548,126,8.91,1.3,Oversaturated + Bottleneck Incident,[],[]
surge_accident,Hybrid (uncoupled),hybrid_bf,119,2,144.76,320.95,434.0,97.5,975,446.71,853.0,58.804,135.837,139,9.06,1.3,Oversaturated + Bottleneck Incident,[],[]
surge_accident,Hybrid Controller (Brute-Force),hybrid_bf,101,2,123.4,242.0,314.0,107.7,1077,371.64,680.0,48.015,110.914,130,8.29,1.3,Oversaturated + Bottleneck Incident,[],[]
surge_accident,Hybrid Controller (Brute-Force),hybrid_bf,100,2,121.21,236.0,295.0,111.2,1112,370.46,664.0,47.839,110.508,134,8.76,1.3,Oversaturated + Bottleneck Incident,[],[]
surge_accident,Hybrid (uncoupled),hybrid_bf,117,2,148.02,326.2,424.0,90.3,903,458.44,888.0,58.848,135.938,126,10.29,1.3,Oversaturated + Bottleneck Incident,[],[]
surge_accident,Hybrid Controller (Brute-Force),hybrid_bf,102,2,117.32,250.0,340.0,109.4,1094,356.04,667.0,45.808,105.816,116,9.66,1.3,Oversaturated + Bottleneck Incident,[],[]
surge_accident,Hybrid Controller (Brute-Force),hybrid_bf,103,2,120.35,242.0,310.0,109.8,1098,360.77,647.0,46.669,107.805,138,8.07,1.3,Oversaturated + Bottleneck Incident,[],[]
surge_accident,Hybrid Controller (Brute-Force),hybrid_bf,104,2,120.35,230.0,280.0,110.1,1101,368.39,688.0,47.794,110.403,140,8.2,1.3,Oversaturated + Bottleneck Incident,[],[]
surge_accident,Hybrid Controller (Brute-Force),hybrid_bf,105,2,119.34,231.0,311.0,110.9,1109,360.5,651.0,46.516,107.452,132,7.28,1.3,Oversaturated + Bottleneck Incident,[],[]
surge_accident,Hybrid Controller (Brute-Force),hybrid_bf,106,2,113.28,225.8,316.0,109.3,1093,336.29,639.0,43.424,100.31,134,7.64,1.3,Oversaturated + Bottleneck Incident,[],[]
surge_accident,Hybrid Controller (Brute-Force),hybrid_bf,111,2,119.08,227.0,331.0,109.9,1099,356.59,643.0,46.096,106.483,132,8.47,1.3,Oversaturated + Bottleneck Incident,[],[]
surge_accident,Hybrid Controller (Brute-Force),hybrid_bf,110,2,117.78,234.75,300.0,110.6,1106,353.69,645.0,45.697,105.56,142,7.11,1.3,Oversaturated + Bottleneck Incident,[],[]
surge_accident,Hybrid Controller (Brute-Force),hybrid_bf,108,2,119.49,237.5,304.0,110.9,1109,356.37,628.0,45.966,106.18,130,9.29,1.3,Oversaturated + Bottleneck Incident,[],[]
surge_accident,Hybrid Controller (Brute-Force),hybrid_bf,107,2,119.35,237.5,309.0,110.6,1106,363.25,665.0,46.969,108.499,134,7.83,1.3,Oversaturated + Bottleneck Incident,[],[]
surge_accident,Hybrid Controller (Brute-Force),hybrid_bf,109,2,130.27,260.65,323.0,109.5,1095,405.01,713.0,52.341,120.908,132,8.51,1.3,Oversaturated + Bottleneck Incident,[],[]
surge_accident,Hybrid Controller (Brute-Force),hybrid_bf,113,2,129.01,258.0,308.0,108.9,1089,392.1,681.0,50.742,117.215,142,7.89,1.3,Oversaturated + Bottleneck Incident,[],[]
surge_accident,Hybrid Controller (Brute-Force),hybrid_bf,112,2,121.95,245.0,329.0,108.1,1081,362.81,654.0,46.966,108.49,124,8.48,1.3,Oversaturated + Bottleneck Incident,[],[]
surge_accident,Hybrid Controller (Brute-Force),hybrid_bf,115,2,125.03,241.0,315.0,110.4,1104,382.6,676.0,49.458,114.247,140,8.29,1.3,Oversaturated + Bottleneck Incident,[],[]
surge_accident,Hybrid Controller (Brute-Force),hybrid_bf,114,2,127.25,249.7,336.0,110.8,1108,392.21,687.0,50.532,116.728,128,7.39,1.3,Oversaturated + Bottleneck Incident,[],[]
surge_accident,Hybrid Controller (Brute-Force),hybrid_bf,116,2,117.61,229.8,310.0,110.5,1105,356.98,660.0,46.13,106.56,134,8.02,1.3,Oversaturated + Bottleneck Incident,[],[]
surge_accident,Hybrid Controller (Brute-Force),hybrid_bf,117,2,124.18,234.0,282.0,111.6,1116,381.84,673.0,49.37,114.044,138,5.79,1.3,Oversaturated + Bottleneck Incident,[],[]
surge_accident,Hybrid Controller (Brute-Force),hybrid_bf,118,2,122.41,247.0,324.0,110.9,1109,381.32,702.0,49.236,113.734,136,8.19,1.3,Oversaturated + Bottleneck Incident,[],[]
surge_accident,Hybrid Controller (Brute-Force),hybrid_bf,119,2,133.27,269.0,341.0,107.0,1070,414.25,739.0,53.545,123.689,142,8.38,1.3,Oversaturated + Bottleneck Incident,[],[]
surge_accident,"Hybrid (QAOA Raw, 5 seeds)",hybrid_qaoa,100,2,136.11,257.0,351.0,103.6,1036,415.59,743.0,53.719,124.092,108,11.2,1.3,Oversaturated + Bottleneck Incident,"[1.0, 0.728, 0.7208, 1.0, 1.0, 1.0, 0.8215, 0.8274, 0.8857, 0.6374, 1.0, 1.0, 1.0, 0.8784, 1.0, 0.9058, 0.5971, 0.8902, 0.9608, 0.8361, 1.0, 1.0, 0.7734, 0.6325, 0.7071, 1.0, 1.0, 1.0, 0.96, 0.5727, 1.0, 1.0, 1.0, 1.0, 0.6688, 1.0, 1.0, 1.0, 0.9059, 1.0]","[1, 0, 0, 1, 1, 1, 0, 0, 0, 0, 1, 1, 1, 0, 1, 0, 0, 0, 0, 0, 1, 1, 0, 0, 0, 1, 1, 1, 0, 0, 1, 1, 1, 1, 0, 1, 1, 1, 0, 1]"
surge_accident,"Hybrid (QAOA Polish, 5 seeds)",hybrid_qaoa,104,2,126.26,243.0,293.0,108.4,1084,384.03,711.0,50.364,116.342,138,7.12,1.3,Oversaturated + Bottleneck Incident,"[1.0, 1.0, 1.0, 0.9443, 1.0, 0.9684, 1.0, 1.0, 1.0, 0.9338, 0.7801, 0.9873, 1.0, 1.0, 1.0, 1.0, 1.0, 0.8162, 1.0, 1.0, 0.9813, 1.0, 1.0, 0.9844, 1.0, 0.9665, 1.0, 1.0, 1.0, 1.0, 1.0, 0.9452, 0.9795, 1.0, 1.0, 0.991, 1.0, 0.9869, 1.0, 0.8222]","[1, 1, 1, 0, 1, 0, 1, 1, 1, 0, 0, 0, 1, 1, 1, 1, 1, 0, 1, 1, 0, 1, 1, 0, 1, 0, 1, 1, 1, 1, 1, 0, 0, 1, 1, 0, 1, 0, 1, 0]"
surge_accident,"Hybrid (QAOA Raw, 5 seeds)",hybrid_qaoa,103,2,120.53,243.0,314.0,108.5,1085,361.97,660.0,46.739,107.967,142,7.17,1.3,Oversaturated + Bottleneck Incident,"[1.0, 0.5928, 1.0, 0.9552, 0.9071, 1.0, 0.8675, 1.0, 1.0, 0.9858, 0.9248, 1.0, 1.0, 1.0, 1.0, 1.0, 1.0, 1.0, 1.0, 1.0, 1.0, 1.0, 1.0, 1.0, 1.0, 1.0, 1.0, 1.0, 1.0, 1.0, 1.0, 1.0, 1.0, 1.0, 1.0, 0.9653, 1.0, 1.0, 0.9806, 1.0]","[1, 0, 1, 0, 0, 1, 0, 1, 1, 0, 0, 1, 1, 1, 1, 1, 1, 1, 1, 1, 1, 1, 1, 1, 1, 1, 1, 1, 1, 1, 1, 1, 1, 1, 1, 0, 1, 1, 0, 1]"
moderate_load,Hybrid (+Lookahead),hybrid_bf,100,2,25.37,47.0,82.0,101.0,1010,45.55,64.0,6.015,13.894,221,3.44,0.72,Bounded (75-80% Saturation),[],[]
moderate_load,Hybrid (+Lookahead),hybrid_bf,101,2,25.8,45.0,62.0,99.3,993,45.73,65.0,6.025,13.917,212,3.26,0.72,Bounded (75-80% Saturation),[],[]
moderate_load,Hybrid (+Lookahead),hybrid_bf,102,2,26.92,48.5,79.0,97.8,978,46.99,76.0,6.168,14.248,223,4.26,0.72,Bounded (75-80% Saturation),[],[]
surge_accident,"Hybrid (QAOA Raw, 5 seeds)",hybrid_qaoa,101,2,125.27,256.0,344.0,104.2,1042,376.23,701.0,48.465,111.954,114,12.24,1.3,Oversaturated + Bottleneck Incident,"[1.0, 0.7048, 0.8874, 0.926, 0.5738, 0.9582, 1.0, 1.0, 1.0, 0.8684, 1.0, 0.8774, 0.8037, 0.8361, 0.8098, 0.6954, 0.7735, 0.9288, 0.6635, 1.0, 1.0, 0.9389, 0.8968, 0.8587, 0.721, 0.8406, 0.8246, 0.8076, 1.0, 0.8404, 0.9375, 1.0, 1.0, 0.797, 1.0, 1.0, 0.9408, 0.6451, 0.8997, 0.9038]","[1, 0, 0, 0, 0, 0, 1, 1, 1, 0, 1, 0, 0, 0, 0, 0, 0, 0, 0, 1, 1, 0, 0, 0, 0, 0, 0, 0, 1, 0, 0, 1, 1, 0, 1, 1, 0, 0, 0, 0]"
moderate_load,Hybrid (+Lookahead),hybrid_bf,103,2,28.58,53.0,75.0,98.4,984,50.67,69.0,6.655,15.373,219,3.16,0.72,Bounded (75-80% Saturation),[],[]
surge_accident,"Hybrid (QAOA Polish, 5 seeds)",hybrid_qaoa,101,2,121.82,248.0,312.0,107.6,1076,367.65,681.0,47.402,109.5,122,9.07,1.3,Oversaturated + Bottleneck Incident,"[1.0, 1.0, 0.9259, 0.9527, 1.0, 1.0, 1.0, 0.8916, 0.8491, 1.0, 1.0, 1.0, 1.0, 1.0, 1.0, 1.0, 1.0, 0.9178, 1.0, 1.0, 1.0, 1.0, 1.0, 1.0, 1.0, 0.8064, 1.0, 1.0, 1.0, 1.0, 1.0, 1.0, 0.9323, 1.0, 0.8727, 1.0, 1.0, 1.0, 0.923, 1.0]","[1, 1, 0, 0, 1, 1, 1, 0, 0, 1, 1, 1, 1, 1, 1, 1, 1, 0, 1, 1, 1, 1, 1, 1, 1, 0, 1, 1, 1, 1, 1, 1, 0, 1, 0, 1, 1, 1, 0, 1]"
moderate_load,Hybrid (+Lookahead),hybrid_bf,104,2,26.33,51.0,68.0,99.1,991,47.64,81.0,6.254,14.448,218,4.11,0.72,Bounded (75-80% Saturation),[],[]
surge_accident,"Hybrid (QAOA Raw, 5 seeds)",hybrid_qaoa,104,2,132.94,248.0,311.0,102.4,1024,406.82,768.0,52.94,122.291,108,10.93,1.3,Oversaturated + Bottleneck Incident,"[1.0, 0.6318, 0.8078, 0.9227, 0.8363, 1.0, 1.0, 0.7922, 0.594, 0.8129, 0.6969, 0.8138, 0.8672, 0.9056, 0.8669, 0.7652, 0.7131, 0.4709, 1.0, 1.0, 1.0, 1.0, 0.5383, 0.6904, 0.7181, 1.0, 1.0, 1.0, 1.0, 0.5926, 0.6176, 0.7601, 0.8447, 1.0, 1.0, 0.9104, 0.739, 1.0, 0.945, 1.0]","[1, 0, 0, 0, 0, 1, 1, 0, 0, 0, 0, 0, 0, 0, 0, 0, 0, 0, 1, 1, 1, 1, 0, 0, 0, 1, 1, 1, 1, 0, 0, 0, 0, 1, 1, 0, 0, 1, 0, 1]"
surge_accident,"Hybrid (QAOA Raw, 5 seeds)",hybrid_qaoa,102,2,127.08,281.7,356.0,102.9,1029,381.61,718.0,49.337,113.968,103,12.7,1.3,Oversaturated + Bottleneck Incident,"[1.0, 1.0, 1.0, 0.7944, 1.0, 0.7099, 0.8844, 1.0, 0.9713, 0.9718, 0.7482, 0.8745, 0.7865, 1.0, 1.0, 1.0, 0.928, 0.8896, 0.6462, 0.7202, 0.8904, 0.7647, 0.6257, 1.0, 0.9246, 1.0, 1.0, 1.0, 0.8953, 0.9599, 1.0, 1.0, 0.9212, 1.0, 1.0, 1.0, 1.0, 0.9451, 0.9134, 0.7788]","[1, 1, 1, 0, 1, 0, 0, 1, 0, 0, 0, 0, 0, 1, 1, 1, 0, 0, 0, 0, 0, 0, 0, 1, 0, 1, 1, 1, 0, 0, 1, 1, 0, 1, 1, 1, 1, 0, 0, 0]"
moderate_load,Hybrid (+Lookahead),hybrid_bf,105,2,26.41,48.0,61.0,99.2,992,46.83,73.0,6.157,14.222,219,3.77,0.72,Bounded (75-80% Saturation),[],[]
surge_accident,"Hybrid (QAOA Polish, 5 seeds)",hybrid_qaoa,102,2,115.79,253.0,344.0,109.3,1093,347.51,654.0,44.954,103.843,116,10.17,1.3,Oversaturated + Bottleneck Incident,"[1.0, 1.0, 1.0, 0.9467, 1.0, 1.0, 1.0, 1.0, 1.0, 1.0, 1.0, 1.0, 0.8636, 1.0, 1.0, 1.0, 0.8314, 1.0, 1.0, 0.9601, 0.8432, 0.6305, 1.0, 1.0, 0.9066, 0.9765, 1.0, 1.0, 0.9843, 0.9772, 1.0, 1.0, 1.0, 1.0, 1.0, 0.8648, 1.0, 1.0, 1.0, 0.9462]","[1, 1, 1, 0, 1, 1, 1, 1, 1, 1, 1, 1, 0, 1, 1, 1, 0, 1, 1, 0, 0, 0, 1, 1, 0, 0, 1, 1, 0, 0, 1, 1, 1, 1, 1, 0, 1, 1, 1, 0]"
surge_accident,"Hybrid (QAOA Polish, 5 seeds)",hybrid_qaoa,103,2,115.14,238.0,312.0,111.8,1118,345.01,627.0,44.648,103.138,138,7.48,1.3,Oversaturated + Bottleneck Incident,"[1.0, 1.0, 1.0, 1.0, 1.0, 0.8417, 1.0, 1.0, 1.0, 1.0, 1.0, 1.0, 0.9454, 1.0, 1.0, 1.0, 1.0, 1.0, 1.0, 1.0, 1.0, 1.0, 0.9143, 1.0, 1.0, 1.0, 1.0, 1.0, 1.0, 0.9064, 1.0, 1.0, 1.0, 1.0, 1.0, 1.0, 1.0, 1.0, 1.0, 0.8934]","[1, 1, 1, 1, 1, 0, 1, 1, 1, 1, 1, 1, 0, 1, 1, 1, 1, 1, 1, 1, 1, 1, 0, 1, 1, 1, 1, 1, 1, 0, 1, 1, 1, 1, 1, 1, 1, 1, 1, 0]"
surge_accident,"Hybrid (QAOA Polish, 5 seeds)",hybrid_qaoa,100,2,119.76,235.0,325.0,111.8,1118,369.09,675.0,47.53,109.795,128,9.12,1.3,Oversaturated + Bottleneck Incident,"[1.0, 1.0, 1.0, 0.6411, 0.4771, 1.0, 1.0, 1.0, 1.0, 1.0, 1.0, 1.0, 1.0, 1.0, 1.0, 1.0, 1.0, 0.9351, 0.7736, 1.0, 1.0, 1.0, 1.0, 1.0, 0.995, 0.9323, 1.0, 0.8784, 1.0, 1.0, 1.0, 0.8456, 1.0, 1.0, 1.0, 1.0, 1.0, 0.974, 0.7851, 1.0]","[1, 1, 1, 0, 0, 1, 1, 1, 1, 1, 1, 1, 1, 1, 1, 1, 1, 0, 0, 1, 1, 1, 1, 1, 0, 0, 1, 0, 1, 1, 1, 0, 1, 1, 1, 1, 1, 0, 0, 1]"
moderate_load,Hybrid (+Lookahead),hybrid_bf,106,2,25.44,47.0,62.0,96.4,964,43.52,75.0,5.727,13.229,217,3.9,0.72,Bounded (75-80% Saturation),[],[]
moderate_load,Hybrid (+Lookahead),hybrid_bf,107,2,26.48,51.0,76.0,99.5,995,46.65,71.0,6.161,14.233,209,4.73,0.72,Bounded (75-80% Saturation),[],[]
moderate_load,Hybrid (+Lookahead),hybrid_bf,108,2,29.05,51.0,86.0,97.7,977,50.28,78.0,6.637,15.332,216,3.9,0.72,Bounded (75-80% Saturation),[],[]
moderate_load,Hybrid (+Lookahead),hybrid_bf,110,2,24.9,47.0,66.0,99.3,993,43.96,67.0,5.806,13.411,219,3.91,0.72,Bounded (75-80% Saturation),[],[]
moderate_load,Hybrid (+Lookahead),hybrid_bf,109,2,26.57,49.0,68.0,101.5,1015,47.17,68.0,6.24,14.414,226,4.05,0.72,Bounded (75-80% Saturation),[],[]
moderate_load,Hybrid (+Lookahead),hybrid_bf,111,2,27.13,50.0,73.0,101.0,1010,49.17,77.0,6.482,14.972,214,3.53,0.72,Bounded (75-80% Saturation),[],[]
moderate_load,Hybrid (+Lookahead),hybrid_bf,112,2,26.79,49.0,76.0,96.9,969,47.08,74.0,6.186,14.289,212,3.59,0.72,Bounded (75-80% Saturation),[],[]
moderate_load,Hybrid (+Lookahead),hybrid_bf,114,2,25.85,49.0,63.0,98.7,987,45.11,68.0,5.951,13.748,228,3.69,0.72,Bounded (75-80% Saturation),[],[]
moderate_load,Hybrid (+Lookahead),hybrid_bf,113,2,27.69,53.6,77.0,101.7,1017,49.9,73.0,6.577,15.193,225,4.02,0.72,Bounded (75-80% Saturation),[],[]
moderate_load,Hybrid (+Lookahead),hybrid_bf,116,2,25.7,47.0,70.0,99.4,994,45.84,77.0,6.059,13.997,222,3.7,0.72,Bounded (75-80% Saturation),[],[]
moderate_load,Hybrid (+Lookahead),hybrid_bf,115,2,28.42,56.0,86.0,100.9,1009,50.42,81.0,6.689,15.452,222,4.22,0.72,Bounded (75-80% Saturation),[],[]
moderate_load,Hybrid (+Lookahead),hybrid_bf,117,2,26.06,47.0,72.0,100.4,1004,46.1,64.0,6.103,14.099,214,3.93,0.72,Bounded (75-80% Saturation),[],[]
moderate_load,Hybrid (+Lookahead),hybrid_bf,118,2,26.79,48.0,72.0,102.3,1023,50.11,81.0,6.56,15.153,218,3.7,0.72,Bounded (75-80% Saturation),[],[]
moderate_load,Hybrid (+Lookahead),hybrid_bf,119,2,28.61,64.0,91.0,103.0,1030,52.27,76.0,6.886,15.906,227,3.62,0.72,Bounded (75-80% Saturation),[],[]
moderate_load,Hybrid (+DownstreamSpace),hybrid_bf,100,2,25.07,47.0,63.0,100.8,1008,45.1,68.0,5.901,13.631,201,4.65,0.72,Bounded (75-80% Saturation),[],[]
moderate_load,Hybrid (+DownstreamSpace),hybrid_bf,105,2,26.16,48.0,75.0,98.8,988,46.72,75.0,6.081,14.046,207,4.34,0.72,Bounded (75-80% Saturation),[],[]
moderate_load,Hybrid (+DownstreamSpace),hybrid_bf,104,2,28.54,52.0,74.0,98.5,985,51.69,90.0,6.755,15.604,215,3.74,0.72,Bounded (75-80% Saturation),[],[]
moderate_load,Hybrid (+DownstreamSpace),hybrid_bf,107,2,26.05,51.0,75.0,99.0,990,45.74,75.0,6.044,13.961,190,4.27,0.72,Bounded (75-80% Saturation),[],[]
moderate_load,Hybrid (+DownstreamSpace),hybrid_bf,106,2,25.25,45.0,61.0,96.6,966,43.19,73.0,5.696,13.157,195,4.66,0.72,Bounded (75-80% Saturation),[],[]
moderate_load,Hybrid (+DownstreamSpace),hybrid_bf,103,2,26.82,50.0,82.0,99.1,991,47.47,74.0,6.277,14.5,187,4.98,0.72,Bounded (75-80% Saturation),[],[]
moderate_load,Hybrid (+DownstreamSpace),hybrid_bf,108,2,28.25,57.0,78.0,98.1,981,49.17,78.0,6.49,14.993,231,3.18,0.72,Bounded (75-80% Saturation),[],[]
moderate_load,Hybrid (+DownstreamSpace),hybrid_bf,109,2,25.41,53.0,70.0,102.0,1020,45.44,70.0,5.986,13.827,183,5.33,0.72,Bounded (75-80% Saturation),[],[]
moderate_load,Hybrid (+DownstreamSpace),hybrid_bf,102,2,26.48,46.0,70.0,98.2,982,46.35,73.0,6.062,14.002,199,4.1,0.72,Bounded (75-80% Saturation),[],[]
moderate_load,Hybrid (+DownstreamSpace),hybrid_bf,112,2,26.03,48.0,66.0,96.7,967,45.61,73.0,5.993,13.843,200,4.59,0.72,Bounded (75-80% Saturation),[],[]
moderate_load,Hybrid (+DownstreamSpace),hybrid_bf,101,2,26.07,48.0,71.0,99.5,995,46.5,72.0,6.101,14.093,209,3.89,0.72,Bounded (75-80% Saturation),[],[]
moderate_load,Hybrid (+DownstreamSpace),hybrid_bf,111,2,27.6,51.0,69.0,102.0,1020,49.86,78.0,6.594,15.231,202,4.61,0.72,Bounded (75-80% Saturation),[],[]
moderate_load,Hybrid (+DownstreamSpace),hybrid_bf,113,2,26.99,49.75,76.0,101.8,1018,48.87,73.0,6.393,14.769,219,3.55,0.72,Bounded (75-80% Saturation),[],[]
moderate_load,Hybrid (+DownstreamSpace),hybrid_bf,114,2,24.89,46.0,67.0,99.3,993,43.24,75.0,5.696,13.158,189,4.43,0.72,Bounded (75-80% Saturation),[],[]
moderate_load,Hybrid (+DownstreamSpace),hybrid_bf,116,2,24.94,48.0,67.0,98.9,989,44.63,80.0,5.881,13.585,237,4.15,0.72,Bounded (75-80% Saturation),[],[]
moderate_load,Hybrid (+DownstreamSpace),hybrid_bf,117,2,25.26,47.35,63.0,100.1,1001,44.95,72.0,5.918,13.67,204,4.86,0.72,Bounded (75-80% Saturation),[],[]
moderate_load,Hybrid (+DownstreamSpace),hybrid_bf,115,2,27.03,49.0,69.0,99.4,994,48.11,72.0,6.35,14.668,200,4.17,0.72,Bounded (75-80% Saturation),[],[]
moderate_load,Hybrid (+DownstreamSpace),hybrid_bf,110,2,26.62,48.65,67.0,99.3,993,46.85,74.0,6.199,14.319,207,4.05,0.72,Bounded (75-80% Saturation),[],[]
moderate_load,Hybrid (+DownstreamSpace),hybrid_bf,119,2,29.91,63.0,99.0,102.7,1027,54.63,81.0,7.171,16.565,240,3.47,0.72,Bounded (75-80% Saturation),[],[]
moderate_load,Hybrid (+WaitWeighted),hybrid_bf,102,2,26.48,46.0,70.0,98.2,982,46.35,73.0,6.062,14.002,199,4.1,0.72,Bounded (75-80% Saturation),[],[]
moderate_load,Hybrid (+WaitWeighted),hybrid_bf,101,2,24.92,45.0,71.0,99.3,993,44.57,69.0,5.826,13.458,205,4.01,0.72,Bounded (75-80% Saturation),[],[]
moderate_load,Hybrid (+WaitWeighted),hybrid_bf,103,2,26.65,48.0,66.0,98.8,988,47.43,71.0,6.183,14.282,184,4.23,0.72,Bounded (75-80% Saturation),[],[]
moderate_load,Hybrid (+DownstreamSpace),hybrid_bf,118,2,27.24,50.0,73.0,102.4,1024,50.95,86.0,6.682,15.435,214,3.78,0.72,Bounded (75-80% Saturation),[],[]
moderate_load,Hybrid (+WaitWeighted),hybrid_bf,104,2,29.45,58.0,74.0,98.5,985,53.52,84.0,6.944,16.04,234,4.14,0.72,Bounded (75-80% Saturation),[],[]
moderate_load,Hybrid (+WaitWeighted),hybrid_bf,100,2,25.84,49.0,63.0,100.6,1006,46.3,68.0,6.116,14.127,198,4.45,0.72,Bounded (75-80% Saturation),[],[]
moderate_load,Hybrid (+WaitWeighted),hybrid_bf,105,2,26.37,49.0,75.0,98.8,988,47.09,75.0,6.13,14.159,209,4.26,0.72,Bounded (75-80% Saturation),[],[]
moderate_load,Hybrid (+WaitWeighted),hybrid_bf,106,2,24.42,45.0,66.0,96.7,967,41.69,72.0,5.491,12.685,185,4.22,0.72,Bounded (75-80% Saturation),[],[]
moderate_load,Hybrid (+WaitWeighted),hybrid_bf,107,2,26.05,51.0,75.0,99.0,990,45.74,75.0,6.044,13.961,190,4.27,0.72,Bounded (75-80% Saturation),[],[]
moderate_load,Hybrid (+WaitWeighted),hybrid_bf,108,2,28.17,57.0,78.0,98.1,981,49.27,78.0,6.486,14.982,233,3.18,0.72,Bounded (75-80% Saturation),[],[]
moderate_load,Hybrid (+WaitWeighted),hybrid_bf,109,2,26.84,51.0,72.0,101.8,1018,47.95,73.0,6.304,14.563,197,4.14,0.72,Bounded (75-80% Saturation),[],[]
moderate_load,Hybrid (+WaitWeighted),hybrid_bf,111,2,26.59,47.0,65.0,101.6,1016,48.07,75.0,6.335,14.634,200,5.27,0.72,Bounded (75-80% Saturation),[],[]
moderate_load,Hybrid (+WaitWeighted),hybrid_bf,113,2,27.28,50.0,80.0,100.5,1005,49.33,76.0,6.468,14.942,221,4.03,0.72,Bounded (75-80% Saturation),[],[]
moderate_load,Hybrid (+WaitWeighted),hybrid_bf,110,2,26.23,47.7,72.0,99.7,997,46.36,74.0,6.103,14.098,207,4.18,0.72,Bounded (75-80% Saturation),[],[]
moderate_load,Hybrid (+WaitWeighted),hybrid_bf,112,2,26.4,50.0,76.0,96.1,961,46.34,71.0,6.053,13.983,198,4.59,0.72,Bounded (75-80% Saturation),[],[]
moderate_load,Hybrid (+WaitWeighted),hybrid_bf,115,2,26.59,51.0,74.0,99.9,999,47.22,71.0,6.257,14.454,201,4.54,0.72,Bounded (75-80% Saturation),[],[]
moderate_load,Hybrid (+WaitWeighted),hybrid_bf,116,2,24.25,44.0,71.0,99.8,998,43.76,69.0,5.674,13.107,219,4.58,0.72,Bounded (75-80% Saturation),[],[]
moderate_load,Hybrid (+WaitWeighted),hybrid_bf,114,2,24.89,46.0,67.0,99.3,993,43.24,75.0,5.696,13.158,189,4.43,0.72,Bounded (75-80% Saturation),[],[]
moderate_load,Hybrid (+WaitWeighted),hybrid_bf,117,2,27.25,50.0,69.0,99.4,994,48.36,75.0,6.394,14.77,200,4.51,0.72,Bounded (75-80% Saturation),[],[]
moderate_load,Hybrid (+WaitWeighted),hybrid_bf,119,2,30.02,64.0,99.0,102.7,1027,54.79,81.0,7.245,16.736,216,3.67,0.72,Bounded (75-80% Saturation),[],[]
moderate_load,Hybrid (+WaitWeighted),hybrid_bf,118,2,27.17,49.0,73.0,101.8,1018,50.88,81.0,6.623,15.298,210,3.88,0.72,Bounded (75-80% Saturation),[],[]
rush_hour,Hybrid (+Lookahead),hybrid_bf,100,2,94.92,215.0,278.0,113.8,1138,260.71,463.0,33.602,77.622,114,10.49,1.2,Oversaturated (Arterial Dominance),[],[]
rush_hour,Hybrid (+Lookahead),hybrid_bf,101,2,88.92,212.4,277.0,110.6,1106,237.77,447.0,30.688,70.89,106,10.69,1.2,Oversaturated (Arterial Dominance),[],[]
rush_hour,Hybrid (+Lookahead),hybrid_bf,102,2,100.39,252.0,331.0,108.5,1085,274.23,506.0,35.493,81.988,98,11.8,1.2,Oversaturated (Arterial Dominance),[],[]
rush_hour,Hybrid (+Lookahead),hybrid_bf,103,2,91.82,206.3,317.0,112.3,1123,251.3,462.0,32.198,74.376,118,7.77,1.2,Oversaturated (Arterial Dominance),[],[]
rush_hour,Hybrid (+Lookahead),hybrid_bf,104,2,93.59,207.3,262.0,111.0,1110,256.5,485.0,33.173,76.629,118,11.57,1.2,Oversaturated (Arterial Dominance),[],[]
rush_hour,Hybrid (+Lookahead),hybrid_bf,105,2,91.81,216.0,316.0,112.7,1127,253.3,464.0,32.318,74.654,104,9.29,1.2,Oversaturated (Arterial Dominance),[],[]
rush_hour,Hybrid (+Lookahead),hybrid_bf,106,2,89.07,213.0,324.0,110.4,1104,234.95,434.0,30.442,70.321,106,10.73,1.2,Oversaturated (Arterial Dominance),[],[]
rush_hour,Hybrid (+Lookahead),hybrid_bf,107,2,96.6,211.0,271.0,113.8,1138,267.62,474.0,34.584,79.889,114,9.52,1.2,Oversaturated (Arterial Dominance),[],[]
rush_hour,Hybrid (+Lookahead),hybrid_bf,108,2,91.79,224.0,298.0,112.4,1124,245.43,425.0,31.596,72.986,103,10.62,1.2,Oversaturated (Arterial Dominance),[],[]
rush_hour,Hybrid (+Lookahead),hybrid_bf,109,2,106.97,236.0,336.0,110.2,1102,304.42,547.0,38.983,90.05,100,14.42,1.2,Oversaturated (Arterial Dominance),[],[]
rush_hour,Hybrid (+Lookahead),hybrid_bf,110,2,92.35,209.25,274.0,111.9,1119,246.87,437.0,31.934,73.768,112,9.04,1.2,Oversaturated (Arterial Dominance),[],[]
rush_hour,Hybrid (+Lookahead),hybrid_bf,112,2,91.33,207.95,288.0,111.2,1112,247.99,463.0,31.703,73.233,100,11.32,1.2,Oversaturated (Arterial Dominance),[],[]
rush_hour,Hybrid (+Lookahead),hybrid_bf,111,2,93.09,212.15,283.0,112.0,1120,252.33,458.0,32.643,75.406,110,10.38,1.2,Oversaturated (Arterial Dominance),[],[]
rush_hour,Hybrid (+Lookahead),hybrid_bf,113,2,97.99,223.65,302.0,111.4,1114,263.16,454.0,34.144,78.873,110,11.25,1.2,Oversaturated (Arterial Dominance),[],[]
rush_hour,Hybrid (+Lookahead),hybrid_bf,114,2,107.73,246.15,344.0,111.2,1112,299.13,515.0,38.736,89.481,112,9.38,1.2,Oversaturated (Arterial Dominance),[],[]
rush_hour,Hybrid (+Lookahead),hybrid_bf,115,2,100.79,225.0,293.0,108.8,1088,271.12,479.0,35.099,81.078,104,10.69,1.2,Oversaturated (Arterial Dominance),[],[]
rush_hour,Hybrid (+Lookahead),hybrid_bf,116,2,90.85,200.1,299.0,113.0,1130,252.65,476.0,32.282,74.57,108,8.94,1.2,Oversaturated (Arterial Dominance),[],[]
rush_hour,Hybrid (+Lookahead),hybrid_bf,118,2,100.36,234.0,345.0,111.5,1115,285.99,528.0,36.576,84.49,104,10.79,1.2,Oversaturated (Arterial Dominance),[],[]
rush_hour,Hybrid (+Lookahead),hybrid_bf,117,2,101.34,235.0,316.0,111.6,1116,280.69,495.0,35.987,83.131,102,9.95,1.2,Oversaturated (Arterial Dominance),[],[]
rush_hour,Hybrid (+Lookahead),hybrid_bf,119,2,107.01,240.65,357.0,109.6,1096,301.7,537.0,38.715,89.432,108,10.81,1.2,Oversaturated (Arterial Dominance),[],[]
rush_hour,Hybrid (+DownstreamSpace),hybrid_bf,100,2,93.06,204.0,279.0,114.2,1142,259.12,469.0,33.15,76.575,108,12.31,1.2,Oversaturated (Arterial Dominance),[],[]
rush_hour,Hybrid (+DownstreamSpace),hybrid_bf,102,2,95.64,223.5,307.0,111.6,1116,262.12,475.0,33.815,78.112,106,10.75,1.2,Oversaturated (Arterial Dominance),[],[]
rush_hour,Hybrid (+DownstreamSpace),hybrid_bf,103,2,94.57,213.15,315.0,112.1,1121,258.12,464.0,33.162,76.603,118,8.23,1.2,Oversaturated (Arterial Dominance),[],[]
rush_hour,Hybrid (+DownstreamSpace),hybrid_bf,104,2,93.1,193.0,259.0,109.9,1099,256.1,496.0,32.997,76.224,115,10.67,1.2,Oversaturated (Arterial Dominance),[],[]
rush_hour,Hybrid (+DownstreamSpace),hybrid_bf,101,2,92.68,203.4,278.0,110.5,1105,247.5,448.0,31.985,73.886,106,11.03,1.2,Oversaturated (Arterial Dominance),[],[]
rush_hour,Hybrid (+DownstreamSpace),hybrid_bf,105,2,97.31,219.35,305.0,110.2,1102,264.05,484.0,34.036,78.622,109,8.17,1.2,Oversaturated (Arterial Dominance),[],[]
rush_hour,Hybrid (+DownstreamSpace),hybrid_bf,107,2,97.95,215.5,283.0,112.2,1122,271.73,490.0,35.066,81.001,122,10.16,1.2,Oversaturated (Arterial Dominance),[],[]
rush_hour,Hybrid (+DownstreamSpace),hybrid_bf,109,2,107.15,232.0,329.0,109.8,1098,304.83,551.0,39.049,90.204,104,13.86,1.2,Oversaturated (Arterial Dominance),[],[]
rush_hour,Hybrid (+DownstreamSpace),hybrid_bf,108,2,92.81,226.0,307.0,112.0,1120,246.45,428.0,31.925,73.747,100,11.58,1.2,Oversaturated (Arterial Dominance),[],[]
rush_hour,Hybrid (+DownstreamSpace),hybrid_bf,110,2,88.28,192.5,282.0,113.8,1138,239.68,436.0,30.722,70.967,120,8.94,1.2,Oversaturated (Arterial Dominance),[],[]
rush_hour,Hybrid (+DownstreamSpace),hybrid_bf,111,2,94.61,201.0,284.0,109.2,1092,256.71,486.0,33.175,76.634,114,10.69,1.2,Oversaturated (Arterial Dominance),[],[]
rush_hour,Hybrid (+DownstreamSpace),hybrid_bf,106,2,90.26,211.0,326.0,111.9,1119,238.18,419.0,30.848,71.258,110,10.1,1.2,Oversaturated (Arterial Dominance),[],[]
rush_hour,Hybrid (+DownstreamSpace),hybrid_bf,114,2,106.66,238.0,332.0,110.7,1107,295.9,511.0,38.348,88.585,106,10.65,1.2,Oversaturated (Arterial Dominance),[],[]
rush_hour,Hybrid (+DownstreamSpace),hybrid_bf,112,2,89.39,204.0,263.0,111.9,1119,239.08,447.0,30.831,71.219,110,10.87,1.2,Oversaturated (Arterial Dominance),[],[]
rush_hour,Hybrid (+DownstreamSpace),hybrid_bf,117,2,101.01,218.0,284.0,111.2,1112,275.85,487.0,35.644,82.339,112,12.35,1.2,Oversaturated (Arterial Dominance),[],[]
rush_hour,Hybrid (+DownstreamSpace),hybrid_bf,116,2,92.9,202.0,285.0,112.6,1126,254.02,469.0,32.802,75.774,114,11.26,1.2,Oversaturated (Arterial Dominance),[],[]
rush_hour,Hybrid (+DownstreamSpace),hybrid_bf,119,2,107.49,228.0,348.0,110.0,1100,302.5,533.0,38.886,89.828,120,9.47,1.2,Oversaturated (Arterial Dominance),[],[]
rush_hour,Hybrid (+DownstreamSpace),hybrid_bf,118,2,99.31,227.55,326.0,112.1,1121,278.18,509.0,35.973,83.098,110,9.31,1.2,Oversaturated (Arterial Dominance),[],[]
rush_hour,Hybrid (+WaitWeighted),hybrid_bf,100,2,93.06,204.0,279.0,114.2,1142,259.12,469.0,33.15,76.575,108,12.31,1.2,Oversaturated (Arterial Dominance),[],[]
rush_hour,Hybrid (+WaitWeighted),hybrid_bf,102,2,95.64,223.5,307.0,111.6,1116,262.12,475.0,33.815,78.112,106,10.75,1.2,Oversaturated (Arterial Dominance),[],[]
rush_hour,Hybrid (+WaitWeighted),hybrid_bf,103,2,94.49,210.15,307.0,112.2,1122,258.16,463.0,33.134,76.539,114,8.49,1.2,Oversaturated (Arterial Dominance),[],[]
rush_hour,Hybrid (+DownstreamSpace),hybrid_bf,113,2,95.52,211.65,293.0,112.0,1120,256.88,448.0,33.285,76.889,110,10.79,1.2,Oversaturated (Arterial Dominance),[],[]
rush_hour,Hybrid (+WaitWeighted),hybrid_bf,107,2,97.95,215.5,283.0,112.2,1122,271.73,490.0,35.066,81.001,122,10.16,1.2,Oversaturated (Arterial Dominance),[],[]
rush_hour,Hybrid (+WaitWeighted),hybrid_bf,104,2,93.1,193.0,259.0,109.9,1099,256.1,496.0,32.997,76.224,115,10.67,1.2,Oversaturated (Arterial Dominance),[],[]
rush_hour,Hybrid (+WaitWeighted),hybrid_bf,105,2,97.31,219.35,305.0,110.2,1102,264.05,484.0,34.036,78.622,109,8.17,1.2,Oversaturated (Arterial Dominance),[],[]
rush_hour,Hybrid (+WaitWeighted),hybrid_bf,106,2,90.26,211.0,326.0,111.9,1119,238.18,419.0,30.848,71.258,110,10.1,1.2,Oversaturated (Arterial Dominance),[],[]
rush_hour,Hybrid (+DownstreamSpace),hybrid_bf,115,2,100.43,217.7,291.0,109.2,1092,270.26,475.0,34.971,80.783,104,10.12,1.2,Oversaturated (Arterial Dominance),[],[]
rush_hour,Hybrid (+WaitWeighted),hybrid_bf,108,2,92.81,226.0,307.0,112.0,1120,246.45,428.0,31.925,73.747,100,11.58,1.2,Oversaturated (Arterial Dominance),[],[]
rush_hour,Hybrid (+WaitWeighted),hybrid_bf,101,2,92.68,203.4,278.0,110.5,1105,247.5,448.0,31.985,73.886,106,11.03,1.2,Oversaturated (Arterial Dominance),[],[]
rush_hour,Hybrid (+WaitWeighted),hybrid_bf,110,2,88.28,192.5,282.0,113.8,1138,239.68,436.0,30.722,70.967,120,8.94,1.2,Oversaturated (Arterial Dominance),[],[]
rush_hour,Hybrid (+WaitWeighted),hybrid_bf,109,2,107.15,232.0,329.0,109.8,1098,304.83,551.0,39.049,90.204,104,13.86,1.2,Oversaturated (Arterial Dominance),[],[]
rush_hour,Hybrid (+WaitWeighted),hybrid_bf,113,2,95.52,211.65,293.0,112.0,1120,256.88,448.0,33.285,76.889,110,10.79,1.2,Oversaturated (Arterial Dominance),[],[]
rush_hour,Hybrid (+WaitWeighted),hybrid_bf,115,2,100.43,217.7,291.0,109.2,1092,270.26,475.0,34.971,80.783,104,10.12,1.2,Oversaturated (Arterial Dominance),[],[]
rush_hour,Hybrid (+WaitWeighted),hybrid_bf,112,2,89.39,204.0,263.0,111.9,1119,239.08,447.0,30.831,71.219,110,10.87,1.2,Oversaturated (Arterial Dominance),[],[]
rush_hour,Hybrid (+WaitWeighted),hybrid_bf,117,2,101.01,218.0,284.0,111.2,1112,275.85,487.0,35.644,82.339,112,12.35,1.2,Oversaturated (Arterial Dominance),[],[]
balanced,Fixed-Timing Baseline,fixed,100,3,131.75,243.0,279.0,120.0,1200,475.19,890.0,61.191,141.351,114,6.96,1.4,Oversaturated (Unbounded Queues),[],[]
rush_hour,Hybrid (+WaitWeighted),hybrid_bf,119,2,108.33,233.65,363.0,109.7,1097,304.66,536.0,39.192,90.534,120,9.32,1.2,Oversaturated (Arterial Dominance),[],[]
balanced,Fixed-Timing Baseline,fixed,101,3,118.94,226.0,261.0,120.1,1201,410.55,795.0,52.755,121.864,114,7.64,1.4,Oversaturated (Unbounded Queues),[],[]
rush_hour,Hybrid (+WaitWeighted),hybrid_bf,116,2,92.9,202.0,285.0,112.6,1126,254.02,469.0,32.802,75.774,114,11.26,1.2,Oversaturated (Arterial Dominance),[],[]
balanced,Fixed-Timing Baseline,fixed,102,3,127.67,239.0,285.0,118.8,1188,455.68,878.0,58.615,135.401,114,7.57,1.4,Oversaturated (Unbounded Queues),[],[]
balanced,Fixed-Timing Baseline,fixed,103,3,128.87,242.0,295.0,119.7,1197,448.8,824.0,57.878,133.698,114,9.16,1.4,Oversaturated (Unbounded Queues),[],[]
balanced,Fixed-Timing Baseline,fixed,104,3,126.86,240.0,281.0,121.1,1211,451.71,853.0,58.184,134.406,114,7.61,1.4,Oversaturated (Unbounded Queues),[],[]
rush_hour,Hybrid (+WaitWeighted),hybrid_bf,111,2,92.96,198.0,284.0,112.2,1122,254.35,471.0,32.845,75.873,116,10.06,1.2,Oversaturated (Arterial Dominance),[],[]
balanced,Fixed-Timing Baseline,fixed,105,3,132.03,243.0,281.0,120.0,1200,473.07,879.0,60.996,140.9,114,6.27,1.4,Oversaturated (Unbounded Queues),[],[]
rush_hour,Hybrid (+WaitWeighted),hybrid_bf,114,2,106.66,238.0,332.0,110.7,1107,295.9,511.0,38.348,88.585,106,10.65,1.2,Oversaturated (Arterial Dominance),[],[]
balanced,Fixed-Timing Baseline,fixed,107,3,128.51,236.5,274.0,119.6,1196,453.86,855.0,58.574,135.306,114,6.27,1.4,Oversaturated (Unbounded Queues),[],[]
balanced,Fixed-Timing Baseline,fixed,110,3,125.02,233.0,280.0,120.2,1202,439.98,838.0,56.678,130.925,114,7.82,1.4,Oversaturated (Unbounded Queues),[],[]
rush_hour,Hybrid (+WaitWeighted),hybrid_bf,118,2,98.83,227.55,326.0,112.0,1120,276.93,510.0,35.799,82.695,110,9.95,1.2,Oversaturated (Arterial Dominance),[],[]
balanced,Fixed-Timing Baseline,fixed,109,3,136.56,249.7,289.0,119.1,1191,486.6,876.0,62.726,144.896,114,7.69,1.4,Oversaturated (Unbounded Queues),[],[]
balanced,Fixed-Timing Baseline,fixed,112,3,131.46,242.0,298.0,118.7,1187,470.1,888.0,60.588,139.958,114,7.58,1.4,Oversaturated (Unbounded Queues),[],[]
balanced,Fixed-Timing Baseline,fixed,111,3,126.49,234.0,284.0,120.2,1202,454.67,880.0,58.524,135.189,114,8.49,1.4,Oversaturated (Unbounded Queues),[],[]
balanced,Fixed-Timing Baseline,fixed,108,3,128.09,239.5,293.0,119.2,1192,449.28,839.0,57.813,133.547,114,7.47,1.4,Oversaturated (Unbounded Queues),[],[]
balanced,Fixed-Timing Baseline,fixed,106,3,126.13,223.0,270.0,119.7,1197,439.44,824.0,56.646,130.853,114,7.74,1.4,Oversaturated (Unbounded Queues),[],[]
balanced,Fixed-Timing Baseline,fixed,113,3,133.26,247.4,290.0,120.3,1203,484.51,910.0,62.571,144.539,114,7.66,1.4,Oversaturated (Unbounded Queues),[],[]
balanced,Fixed-Timing Baseline,fixed,114,3,130.61,237.0,274.0,119.9,1199,457.62,830.0,58.889,136.034,114,6.95,1.4,Oversaturated (Unbounded Queues),[],[]
balanced,Fixed-Timing Baseline,fixed,115,3,133.46,242.0,281.0,118.7,1187,475.49,880.0,61.305,141.614,114,8.02,1.4,Oversaturated (Unbounded Queues),[],[]
balanced,Fixed-Timing Baseline,fixed,116,3,129.36,238.0,275.0,119.5,1195,466.64,899.0,60.195,139.051,114,9.31,1.4,Oversaturated (Unbounded Queues),[],[]
balanced,Fixed (tuned),fixed,100,3,110.03,402.55,467.0,134.4,1344,412.63,748.0,51.103,118.048,114,9.29,1.4,Oversaturated (Unbounded Queues),[],[]
balanced,Fixed-Timing Baseline,fixed,119,3,132.35,252.0,303.0,118.8,1188,472.17,885.0,60.968,140.835,114,7.24,1.4,Oversaturated (Unbounded Queues),[],[]
balanced,Fixed-Timing Baseline,fixed,118,3,134.14,245.0,282.0,119.7,1197,490.31,922.0,63.164,145.908,114,7.55,1.4,Oversaturated (Unbounded Queues),[],[]
balanced,Fixed-Timing Baseline,fixed,117,3,135.41,243.0,290.0,119.4,1194,490.81,909.0,63.282,146.181,114,8.05,1.4,Oversaturated (Unbounded Queues),[],[]
balanced,Fixed (tuned),fixed,101,3,100.98,380.25,445.0,131.0,1310,363.82,686.0,44.792,103.47,114,9.26,1.4,Oversaturated (Unbounded Queues),[],[]
balanced,Fixed (tuned),fixed,102,3,108.99,381.0,448.0,131.1,1311,403.26,756.0,50.038,115.587,114,9.69,1.4,Oversaturated (Unbounded Queues),[],[]
balanced,Fixed (tuned),fixed,103,3,106.5,392.0,452.0,132.6,1326,387.39,696.0,47.831,110.49,114,10.21,1.4,Oversaturated (Unbounded Queues),[],[]
balanced,Fixed (tuned),fixed,104,3,104.86,390.0,456.0,134.7,1347,389.62,718.0,48.097,111.104,114,9.11,1.4,Oversaturated (Unbounded Queues),[],[]
balanced,Fixed (tuned),fixed,106,3,104.09,395.0,455.0,133.3,1333,379.62,690.0,46.748,107.988,114,9.7,1.4,Oversaturated (Unbounded Queues),[],[]
balanced,Fixed (tuned),fixed,107,3,104.11,383.0,452.0,134.9,1349,384.18,706.0,47.452,109.615,114,8.31,1.4,Oversaturated (Unbounded Queues),[],[]
balanced,Fixed (tuned),fixed,109,3,110.43,396.7,478.0,135.1,1351,409.79,726.0,50.725,117.174,114,9.71,1.4,Oversaturated (Unbounded Queues),[],[]
balanced,Fixed (tuned),fixed,108,3,109.03,387.5,464.0,130.4,1304,397.98,731.0,49.208,113.67,114,9.73,1.4,Oversaturated (Unbounded Queues),[],[]
balanced,Fixed (tuned),fixed,105,3,106.7,393.0,457.0,135.3,1353,398.52,728.0,49.295,113.871,114,8.59,1.4,Oversaturated (Unbounded Queues),[],[]
balanced,Fixed (tuned),fixed,111,3,106.67,388.0,452.0,133.9,1339,398.82,743.0,49.355,114.009,114,9.28,1.4,Oversaturated (Unbounded Queues),[],[]
balanced,Fixed (tuned),fixed,110,3,104.42,396.05,464.0,133.6,1336,384.43,704.0,47.337,109.349,114,9.65,1.4,Oversaturated (Unbounded Queues),[],[]
balanced,Fixed (tuned),fixed,113,3,106.06,389.0,458.0,137.6,1376,402.14,739.0,49.8,115.039,114,9.04,1.4,Oversaturated (Unbounded Queues),[],[]
balanced,Fixed (tuned),fixed,114,3,107.78,395.0,458.0,133.2,1332,393.38,701.0,48.598,112.262,114,10.07,1.4,Oversaturated (Unbounded Queues),[],[]
balanced,Fixed (tuned),fixed,112,3,109.48,384.35,462.0,133.8,1338,407.17,743.0,50.458,116.558,114,9.31,1.4,Oversaturated (Unbounded Queues),[],[]
balanced,Fixed (tuned),fixed,115,3,112.43,396.0,454.0,132.7,1327,416.33,745.0,51.641,119.29,114,9.97,1.4,Oversaturated (Unbounded Queues),[],[]
balanced,Fixed (tuned),fixed,117,3,108.84,399.0,454.0,136.6,1366,411.02,741.0,50.865,117.498,114,8.86,1.4,Oversaturated (Unbounded Queues),[],[]
balanced,Fixed (tuned),fixed,116,3,106.28,390.35,464.0,134.5,1345,399.81,751.0,49.457,114.245,114,10.37,1.4,Oversaturated (Unbounded Queues),[],[]
balanced,Fixed (tuned),fixed,118,3,110.51,399.0,464.0,135.1,1351,419.85,768.0,52.036,120.204,114,9.6,1.4,Oversaturated (Unbounded Queues),[],[]
balanced,Rule-Based (tuned),rule_based,100,3,139.75,289.3,352.0,113.0,1130,496.66,985.0,65.685,151.732,97,9.92,1.4,Oversaturated (Unbounded Queues),[],[]
balanced,Fixed (tuned),fixed,119,3,109.1,384.4,459.0,134.0,1340,405.25,733.0,50.259,116.099,114,9.92,1.4,Oversaturated (Unbounded Queues),[],[]
balanced,Rule-Based (tuned),rule_based,102,3,138.33,299.75,389.0,100.4,1004,490.41,1082.0,64.122,148.121,86,13.23,1.4,Oversaturated (Unbounded Queues),[],[]
balanced,Rule-Based (tuned),rule_based,103,3,128.74,272.0,329.0,113.8,1138,451.26,888.0,57.962,133.892,99,8.99,1.4,Oversaturated (Unbounded Queues),[],[]
balanced,Rule-Based (tuned),rule_based,104,3,129.47,280.6,353.0,118.1,1181,454.37,908.0,60.103,138.838,99,9.87,1.4,Oversaturated (Unbounded Queues),[],[]
balanced,Rule-Based (tuned),rule_based,101,3,123.31,260.0,300.0,115.2,1152,424.39,849.0,54.831,126.659,104,9.27,1.4,Oversaturated (Unbounded Queues),[],[]
balanced,Rule-Based (tuned),rule_based,106,3,127.24,262.0,324.0,117.1,1171,438.96,869.0,57.68,133.242,102,8.19,1.4,Oversaturated (Unbounded Queues),[],[]
balanced,Rule-Based (tuned),rule_based,105,3,137.84,287.0,345.0,112.1,1121,494.48,963.0,63.834,147.456,100,9.15,1.4,Oversaturated (Unbounded Queues),[],[]
balanced,Rule-Based (tuned),rule_based,107,3,130.12,267.0,319.0,115.1,1151,458.6,911.0,59.624,137.73,99,9.94,1.4,Oversaturated (Unbounded Queues),[],[]
balanced,Rule-Based (tuned),rule_based,109,3,141.14,284.0,342.0,113.9,1139,498.65,949.0,65.491,151.283,101,8.66,1.4,Oversaturated (Unbounded Queues),[],[]
balanced,Rule-Based (tuned),rule_based,108,3,134.43,273.0,348.0,115.0,1150,465.43,901.0,61.27,141.533,100,10.4,1.4,Oversaturated (Unbounded Queues),[],[]
balanced,Rule-Based (tuned),rule_based,111,3,128.37,261.4,319.0,119.0,1190,459.57,903.0,59.708,137.926,106,8.82,1.4,Oversaturated (Unbounded Queues),[],[]
balanced,Rule-Based (tuned),rule_based,112,3,142.06,304.0,357.0,109.0,1090,502.26,1008.0,66.104,152.7,92,9.78,1.4,Oversaturated (Unbounded Queues),[],[]
balanced,Rule-Based (tuned),rule_based,113,3,141.56,302.0,366.0,111.2,1112,510.3,1021.0,67.101,155.003,94,12.8,1.4,Oversaturated (Unbounded Queues),[],[]
balanced,Rule-Based (tuned),rule_based,110,3,130.46,270.0,366.0,115.6,1156,457.32,899.0,59.577,137.623,101,9.19,1.4,Oversaturated (Unbounded Queues),[],[]
balanced,Rule-Based (tuned),rule_based,115,3,139.76,295.45,414.0,110.3,1103,490.73,989.0,64.971,150.083,94,13.35,1.4,Oversaturated (Unbounded Queues),[],[]
balanced,Rule-Based (tuned),rule_based,114,3,138.02,292.0,362.0,110.6,1106,480.77,939.0,62.722,144.888,95,11.68,1.4,Oversaturated (Unbounded Queues),[],[]
balanced,Rule-Based (tuned),rule_based,118,3,136.96,274.0,354.0,115.3,1153,494.28,986.0,65.104,150.39,101,10.44,1.4,Oversaturated (Unbounded Queues),[],[]
balanced,Rule-Based (tuned),rule_based,117,3,138.55,289.8,354.0,118.0,1180,495.99,943.0,65.364,150.992,102,9.21,1.4,Oversaturated (Unbounded Queues),[],[]
balanced,Rule-Based (tuned),rule_based,116,3,129.61,254.0,352.0,116.5,1165,465.2,945.0,60.771,140.38,98,10.72,1.4,Oversaturated (Unbounded Queues),[],[]
balanced,Rule-Based (tuned),rule_based,119,3,140.6,305.9,396.0,108.5,1085,501.66,998.0,65.082,150.34,93,10.87,1.4,Oversaturated (Unbounded Queues),[],[]
balanced,Max-Pressure (tuned),max_pressure,101,3,121.7,246.0,285.0,119.4,1194,416.77,812.0,54.251,125.32,106,9.42,1.4,Oversaturated (Unbounded Queues),[],[]
balanced,Max-Pressure (tuned),max_pressure,102,3,130.24,276.0,322.0,112.6,1126,464.3,945.0,59.94,138.461,101,9.67,1.4,Oversaturated (Unbounded Queues),[],[]
balanced,Max-Pressure (tuned),max_pressure,103,3,125.34,268.0,315.0,119.0,1190,440.39,831.0,56.294,130.038,101,8.5,1.4,Oversaturated (Unbounded Queues),[],[]
balanced,Max-Pressure (tuned),max_pressure,100,3,133.89,286.0,347.0,118.7,1187,477.17,918.0,62.631,144.678,99,7.9,1.4,Oversaturated (Unbounded Queues),[],[]
balanced,Max-Pressure (tuned),max_pressure,105,3,128.01,273.1,334.0,121.2,1212,460.88,867.0,59.141,136.616,101,8.89,1.4,Oversaturated (Unbounded Queues),[],[]
balanced,Max-Pressure (tuned),max_pressure,104,3,128.64,278.0,353.0,119.5,1195,451.44,894.0,59.716,137.944,101,9.9,1.4,Oversaturated (Unbounded Queues),[],[]
balanced,Max-Pressure (tuned),max_pressure,106,3,124.77,263.75,314.0,118.6,1186,434.49,841.0,56.175,129.765,103,7.97,1.4,Oversaturated (Unbounded Queues),[],[]
balanced,Max-Pressure (tuned),max_pressure,107,3,123.69,251.5,316.0,119.9,1199,440.44,852.0,56.375,130.225,102,7.86,1.4,Oversaturated (Unbounded Queues),[],[]
balanced,Max-Pressure (tuned),max_pressure,108,3,130.5,270.0,329.0,117.7,1177,453.98,864.0,59.189,136.726,103,10.43,1.4,Oversaturated (Unbounded Queues),[],[]
balanced,Max-Pressure (tuned),max_pressure,109,3,135.14,271.0,315.0,120.4,1204,480.82,873.0,62.223,143.735,105,8.38,1.4,Oversaturated (Unbounded Queues),[],[]
balanced,Max-Pressure (tuned),max_pressure,110,3,126.23,273.3,363.0,118.3,1183,442.52,872.0,57.644,133.159,100,9.77,1.4,Oversaturated (Unbounded Queues),[],[]
balanced,Max-Pressure (tuned),max_pressure,111,3,125.76,255.0,318.0,122.3,1223,447.93,869.0,58.465,135.053,104,7.91,1.4,Oversaturated (Unbounded Queues),[],[]
balanced,Max-Pressure (tuned),max_pressure,112,3,133.41,285.05,340.0,115.2,1152,476.93,929.0,61.665,142.445,97,9.83,1.4,Oversaturated (Unbounded Queues),[],[]
balanced,Max-Pressure (tuned),max_pressure,113,3,133.77,269.0,330.0,121.1,1211,484.82,913.0,63.139,145.85,99,9.78,1.4,Oversaturated (Unbounded Queues),[],[]
balanced,Max-Pressure (tuned),max_pressure,116,3,124.87,250.0,321.0,120.0,1200,453.64,894.0,58.106,134.226,99,10.51,1.4,Oversaturated (Unbounded Queues),[],[]
balanced,Max-Pressure (tuned),max_pressure,115,3,133.0,276.0,348.0,118.7,1187,470.0,893.0,61.388,141.807,102,9.33,1.4,Oversaturated (Unbounded Queues),[],[]
balanced,Max-Pressure (tuned),max_pressure,117,3,136.26,296.0,354.0,120.5,1205,487.75,918.0,64.285,148.498,102,9.07,1.4,Oversaturated (Unbounded Queues),[],[]
balanced,Max-Pressure (tuned),max_pressure,114,3,130.95,269.0,323.0,119.9,1199,457.56,835.0,59.187,136.723,105,8.06,1.4,Oversaturated (Unbounded Queues),[],[]
balanced,Max-Pressure (tuned),max_pressure,118,3,134.87,267.0,343.0,116.8,1168,491.52,956.0,63.659,147.053,105,9.34,1.4,Oversaturated (Unbounded Queues),[],[]
balanced,Max-Pressure (tuned),max_pressure,119,3,132.48,279.4,351.0,119.8,1198,467.67,895.0,61.617,142.336,99,8.24,1.4,Oversaturated (Unbounded Queues),[],[]
balanced,Hybrid (uncoupled),hybrid_bf,101,3,135.27,298.0,371.0,102.4,1024,465.29,982.0,60.301,139.295,124,5.47,1.4,Oversaturated (Unbounded Queues),[],[]
balanced,Hybrid (uncoupled),hybrid_bf,100,3,149.21,335.0,403.0,98.7,987,537.02,1113.0,69.632,160.85,117,8.13,1.4,Oversaturated (Unbounded Queues),[],[]
balanced,Hybrid (uncoupled),hybrid_bf,103,3,141.76,316.0,368.0,102.5,1025,491.54,1016.0,64.295,148.522,121,6.95,1.4,Oversaturated (Unbounded Queues),[],[]
balanced,Hybrid (uncoupled),hybrid_bf,102,3,150.36,324.0,406.0,94.1,941,534.89,1135.0,69.365,160.234,111,9.1,1.4,Oversaturated (Unbounded Queues),[],[]
balanced,Hybrid (uncoupled),hybrid_bf,105,3,142.68,315.0,373.0,105.6,1056,510.08,1038.0,66.393,153.368,119,6.61,1.4,Oversaturated (Unbounded Queues),[],[]
balanced,Hybrid (uncoupled),hybrid_bf,104,3,138.97,311.1,379.0,106.7,1067,492.96,1012.0,64.202,148.308,115,8.85,1.4,Oversaturated (Unbounded Queues),[],[]
balanced,Hybrid (uncoupled),hybrid_bf,106,3,138.97,304.25,374.0,103.0,1030,482.66,1006.0,62.874,145.239,124,7.55,1.4,Oversaturated (Unbounded Queues),[],[]
balanced,Hybrid (uncoupled),hybrid_bf,107,3,135.53,292.0,352.0,106.7,1067,478.98,994.0,62.072,143.386,111,7.28,1.4,Oversaturated (Unbounded Queues),[],[]
balanced,Hybrid (uncoupled),hybrid_bf,108,3,136.93,293.75,358.0,110.1,1101,474.96,945.0,62.259,143.818,116,8.2,1.4,Oversaturated (Unbounded Queues),[],[]
balanced,Hybrid (uncoupled),hybrid_bf,109,3,149.88,316.0,373.0,106.6,1066,526.76,1026.0,69.675,160.95,116,8.82,1.4,Oversaturated (Unbounded Queues),[],[]
balanced,Hybrid (uncoupled),hybrid_bf,110,3,136.63,305.0,384.0,105.2,1052,480.13,1003.0,62.396,144.135,118,8.06,1.4,Oversaturated (Unbounded Queues),[],[]
balanced,Hybrid (uncoupled),hybrid_bf,111,3,128.91,279.45,336.0,115.9,1159,461.42,933.0,59.931,138.441,122,7.67,1.4,Oversaturated (Unbounded Queues),[],[]
balanced,Hybrid (uncoupled),hybrid_bf,112,3,157.55,353.0,430.0,95.5,955,555.53,1145.0,73.488,169.757,110,8.59,1.4,Oversaturated (Unbounded Queues),[],[]
balanced,Hybrid (uncoupled),hybrid_bf,116,3,134.02,284.0,363.0,112.0,1120,483.49,980.0,62.511,144.401,119,6.74,1.4,Oversaturated (Unbounded Queues),[],[]
balanced,Hybrid (uncoupled),hybrid_bf,114,3,147.87,327.1,396.0,101.4,1014,509.15,1045.0,67.66,156.295,119,7.69,1.4,Oversaturated (Unbounded Queues),[],[]
balanced,Hybrid (uncoupled),hybrid_bf,113,3,147.83,327.3,403.0,103.5,1035,536.37,1093.0,69.907,161.484,115,7.68,1.4,Oversaturated (Unbounded Queues),[],[]
balanced,Hybrid (uncoupled),hybrid_bf,115,3,138.8,300.7,388.0,110.6,1106,488.54,983.0,64.372,148.699,127,8.27,1.4,Oversaturated (Unbounded Queues),[],[]
balanced,Hybrid (uncoupled),hybrid_bf,117,3,146.79,318.0,403.0,105.9,1059,531.91,1054.0,68.924,159.214,114,8.37,1.4,Oversaturated (Unbounded Queues),[],[]
balanced,Hybrid (uncoupled),hybrid_bf,118,3,142.62,304.0,355.0,107.7,1077,518.39,1057.0,67.636,156.238,128,6.92,1.4,Oversaturated (Unbounded Queues),[],[]
balanced,Hybrid (uncoupled),hybrid_bf,119,3,146.56,336.0,409.0,100.5,1005,522.77,1078.0,67.841,156.713,117,8.21,1.4,Oversaturated (Unbounded Queues),[],[]
balanced,Hybrid Controller (Brute-Force),hybrid_bf,100,3,135.55,271.0,326.0,115.7,1157,491.0,935.0,62.954,145.423,186,5.61,1.4,Oversaturated (Unbounded Queues),[],[]
balanced,Hybrid Controller (Brute-Force),hybrid_bf,101,3,119.85,250.75,286.0,120.3,1203,410.09,804.0,53.428,123.418,168,5.75,1.4,Oversaturated (Unbounded Queues),[],[]
balanced,Hybrid Controller (Brute-Force),hybrid_bf,102,3,132.39,262.0,305.0,116.0,1160,468.7,916.0,61.074,141.081,164,6.34,1.4,Oversaturated (Unbounded Queues),[],[]
balanced,Hybrid Controller (Brute-Force),hybrid_bf,103,3,127.45,259.0,314.0,118.7,1187,447.61,834.0,57.241,132.226,186,5.39,1.4,Oversaturated (Unbounded Queues),[],[]
balanced,Hybrid Controller (Brute-Force),hybrid_bf,105,3,133.22,277.1,327.0,118.7,1187,480.41,894.0,61.546,142.171,174,4.96,1.4,Oversaturated (Unbounded Queues),[],[]
balanced,Hybrid Controller (Brute-Force),hybrid_bf,106,3,132.55,275.0,326.0,116.9,1169,458.25,866.0,59.824,138.192,192,5.05,1.4,Oversaturated (Unbounded Queues),[],[]
balanced,Hybrid Controller (Brute-Force),hybrid_bf,104,3,130.11,268.85,344.0,118.7,1187,467.68,877.0,59.678,137.857,184,5.96,1.4,Oversaturated (Unbounded Queues),[],[]
balanced,Hybrid Controller (Brute-Force),hybrid_bf,108,3,132.69,257.0,334.0,115.9,1159,467.51,872.0,59.89,138.345,174,5.81,1.4,Oversaturated (Unbounded Queues),[],[]
balanced,Hybrid Controller (Brute-Force),hybrid_bf,107,3,124.63,243.0,293.0,122.6,1226,443.7,829.0,56.802,131.212,162,5.75,1.4,Oversaturated (Unbounded Queues),[],[]
balanced,Hybrid Controller (Brute-Force),hybrid_bf,109,3,137.97,258.0,314.0,118.8,1188,493.6,889.0,63.376,146.398,172,5.94,1.4,Oversaturated (Unbounded Queues),[],[]
balanced,Hybrid Controller (Brute-Force),hybrid_bf,112,3,134.02,276.0,325.0,116.3,1163,475.95,930.0,62.064,143.369,168,5.77,1.4,Oversaturated (Unbounded Queues),[],[]
balanced,Hybrid Controller (Brute-Force),hybrid_bf,110,3,131.06,284.0,352.0,117.6,1176,457.48,874.0,59.706,137.922,184,6.29,1.4,Oversaturated (Unbounded Queues),[],[]
balanced,Hybrid Controller (Brute-Force),hybrid_bf,111,3,129.43,263.0,317.0,120.9,1209,461.0,884.0,60.168,138.989,168,6.42,1.4,Oversaturated (Unbounded Queues),[],[]
balanced,Hybrid Controller (Brute-Force),hybrid_bf,113,3,131.69,270.4,314.0,123.5,1235,482.15,880.0,61.835,142.839,150,7.09,1.4,Oversaturated (Unbounded Queues),[],[]
balanced,Hybrid Controller (Brute-Force),hybrid_bf,115,3,130.47,278.0,331.0,121.5,1215,460.83,869.0,60.22,139.107,168,5.73,1.4,Oversaturated (Unbounded Queues),[],[]
balanced,Hybrid Controller (Brute-Force),hybrid_bf,114,3,131.11,256.6,297.0,120.4,1204,461.12,826.0,59.115,136.556,170,5.24,1.4,Oversaturated (Unbounded Queues),[],[]
moderate_load,Fixed-Timing Baseline,fixed,101,3,37.39,66.0,79.0,96.1,961,66.03,95.0,8.657,19.998,114,7.64,0.72,Bounded (75-80% Saturation),[],[]
moderate_load,Fixed-Timing Baseline,fixed,100,3,37.68,68.0,97.0,98.2,982,67.48,96.0,8.867,20.484,114,6.96,0.72,Bounded (75-80% Saturation),[],[]
balanced,Hybrid Controller (Brute-Force),hybrid_bf,116,3,134.5,267.35,347.0,116.6,1166,488.97,930.0,62.585,144.572,196,5.03,1.4,Oversaturated (Unbounded Queues),[],[]
moderate_load,Fixed-Timing Baseline,fixed,102,3,38.5,70.0,94.0,95.9,959,66.59,109.0,8.769,20.256,114,7.57,0.72,Bounded (75-80% Saturation),[],[]
balanced,Hybrid Controller (Brute-Force),hybrid_bf,117,3,140.36,293.0,347.0,116.3,1163,512.76,944.0,65.593,151.519,190,4.84,1.4,Oversaturated (Unbounded Queues),[],[]
moderate_load,Fixed-Timing Baseline,fixed,104,3,38.08,70.0,112.0,97.1,971,68.14,113.0,8.952,20.68,114,7.61,0.72,Bounded (75-80% Saturation),[],[]
moderate_load,Fixed-Timing Baseline,fixed,103,3,38.62,68.0,93.0,96.0,960,68.3,104.0,8.926,20.62,114,9.16,0.72,Bounded (75-80% Saturation),[],[]
balanced,Hybrid Controller (Brute-Force),hybrid_bf,119,3,132.84,273.0,352.0,117.1,1171,478.08,902.0,61.194,141.358,186,5.3,1.4,Oversaturated (Unbounded Queues),[],[]
moderate_load,Fixed-Timing Baseline,fixed,105,3,37.12,65.0,82.0,97.1,971,65.38,105.0,8.595,19.855,114,6.27,0.72,Bounded (75-80% Saturation),[],[]
moderate_load,Fixed-Timing Baseline,fixed,106,3,38.96,69.0,102.0,93.8,938,66.2,102.0,8.719,20.141,114,7.74,0.72,Bounded (75-80% Saturation),[],[]
moderate_load,Fixed-Timing Baseline,fixed,107,3,38.57,67.0,84.0,97.0,970,67.69,101.0,8.853,20.451,114,6.27,0.72,Bounded (75-80% Saturation),[],[]
balanced,Hybrid Controller (Brute-Force),hybrid_bf,118,3,136.44,271.0,326.0,119.5,1195,494.5,936.0,64.55,149.112,180,5.22,1.4,Oversaturated (Unbounded Queues),[],[]
moderate_load,Fixed-Timing Baseline,fixed,108,3,41.82,79.0,111.0,95.8,958,72.06,105.0,9.49,21.921,114,7.47,0.72,Bounded (75-80% Saturation),[],[]
moderate_load,Fixed-Timing Baseline,fixed,110,3,37.64,68.0,97.0,97.0,970,66.07,113.0,8.707,20.113,114,7.82,0.72,Bounded (75-80% Saturation),[],[]
moderate_load,Fixed-Timing Baseline,fixed,112,3,36.98,67.0,85.0,95.2,952,64.5,101.0,8.406,19.418,114,7.58,0.72,Bounded (75-80% Saturation),[],[]
moderate_load,Fixed-Timing Baseline,fixed,109,3,39.11,68.0,98.0,99.0,990,69.2,100.0,9.17,21.182,114,7.69,0.72,Bounded (75-80% Saturation),[],[]
moderate_load,Fixed-Timing Baseline,fixed,111,3,40.07,70.0,90.0,98.6,986,72.43,109.0,9.483,21.906,114,8.49,0.72,Bounded (75-80% Saturation),[],[]
moderate_load,Fixed-Timing Baseline,fixed,114,3,38.38,66.0,83.0,97.1,971,66.53,105.0,8.751,20.215,114,6.95,0.72,Bounded (75-80% Saturation),[],[]
moderate_load,Fixed-Timing Baseline,fixed,113,3,39.75,70.0,93.0,98.9,989,71.13,108.0,9.416,21.751,114,7.66,0.72,Bounded (75-80% Saturation),[],[]
moderate_load,Fixed-Timing Baseline,fixed,115,3,41.06,72.0,96.0,97.0,970,72.56,113.0,9.572,22.11,114,8.02,0.72,Bounded (75-80% Saturation),[],[]
moderate_load,Fixed-Timing Baseline,fixed,116,3,37.53,68.0,88.0,97.0,970,66.58,106.0,8.79,20.304,114,9.31,0.72,Bounded (75-80% Saturation),[],[]
moderate_load,Fixed-Timing Baseline,fixed,117,3,37.44,68.0,87.0,97.3,973,65.95,102.0,8.694,20.084,114,8.05,0.72,Bounded (75-80% Saturation),[],[]
moderate_load,Fixed-Timing Baseline,fixed,119,3,43.95,98.0,142.0,98.7,987,79.89,118.0,10.539,24.345,114,7.24,0.72,Bounded (75-80% Saturation),[],[]
moderate_load,Fixed-Timing Baseline,fixed,118,3,38.25,69.0,83.0,99.4,994,71.11,115.0,9.307,21.499,114,7.55,0.72,Bounded (75-80% Saturation),[],[]
moderate_load,Fixed (tuned),fixed,100,3,33.63,65.0,93.0,99.3,993,60.41,88.0,7.966,18.402,102,9.98,0.72,Bounded (75-80% Saturation),[],[]
moderate_load,Fixed (tuned),fixed,101,3,33.58,62.0,78.0,97.2,972,60.02,97.0,7.925,18.307,102,8.31,0.72,Bounded (75-80% Saturation),[],[]
moderate_load,Fixed (tuned),fixed,103,3,34.98,65.0,85.0,98.1,981,62.31,95.0,8.232,19.015,102,8.17,0.72,Bounded (75-80% Saturation),[],[]
moderate_load,Fixed (tuned),fixed,106,3,33.89,65.0,94.0,95.0,950,58.15,92.0,7.666,17.709,102,8.52,0.72,Bounded (75-80% Saturation),[],[]
moderate_load,Fixed (tuned),fixed,105,3,33.18,61.0,77.0,98.3,983,59.42,99.0,7.845,18.121,102,8.31,0.72,Bounded (75-80% Saturation),[],[]
moderate_load,Fixed (tuned),fixed,107,3,34.57,62.0,91.0,98.4,984,61.41,94.0,8.104,18.72,102,6.22,0.72,Bounded (75-80% Saturation),[],[]
moderate_load,Fixed (tuned),fixed,102,3,34.92,64.1,87.0,96.4,964,61.03,96.0,8.063,18.625,102,10.51,0.72,Bounded (75-80% Saturation),[],[]
moderate_load,Fixed (tuned),fixed,104,3,34.34,64.0,95.0,98.1,981,62.42,108.0,8.218,18.984,102,9.92,0.72,Bounded (75-80% Saturation),[],[]
moderate_load,Fixed (tuned),fixed,108,3,36.55,71.0,100.0,96.2,962,64.09,93.0,8.456,19.532,102,7.97,0.72,Bounded (75-80% Saturation),[],[]
moderate_load,Fixed (tuned),fixed,111,3,35.53,65.0,81.0,100.3,1003,64.76,95.0,8.552,19.754,102,9.7,0.72,Bounded (75-80% Saturation),[],[]
moderate_load,Fixed (tuned),fixed,110,3,33.78,65.0,85.0,99.2,992,59.98,102.0,7.928,18.314,102,9.04,0.72,Bounded (75-80% Saturation),[],[]
moderate_load,Fixed (tuned),fixed,109,3,34.29,66.0,83.0,100.8,1008,61.8,100.0,8.168,18.868,102,9.33,0.72,Bounded (75-80% Saturation),[],[]
moderate_load,Fixed (tuned),fixed,112,3,34.48,64.0,92.0,95.5,955,60.68,104.0,8.006,18.495,102,8.92,0.72,Bounded (75-80% Saturation),[],[]
moderate_load,Fixed (tuned),fixed,113,3,34.36,63.0,76.0,100.0,1000,62.21,99.0,8.202,18.946,102,8.94,0.72,Bounded (75-80% Saturation),[],[]
moderate_load,Fixed (tuned),fixed,115,3,36.16,65.05,86.0,98.9,989,64.48,104.0,8.517,19.674,102,9.18,0.72,Bounded (75-80% Saturation),[],[]
moderate_load,Fixed (tuned),fixed,114,3,33.03,61.0,79.0,97.9,979,57.88,90.0,7.642,17.653,102,8.1,0.72,Bounded (75-80% Saturation),[],[]
moderate_load,Fixed (tuned),fixed,116,3,34.37,63.95,76.0,98.2,982,61.6,104.0,8.111,18.736,102,7.97,0.72,Bounded (75-80% Saturation),[],[]
moderate_load,Fixed (tuned),fixed,118,3,35.81,68.0,84.0,100.6,1006,67.08,111.0,8.825,20.386,102,10.35,0.72,Bounded (75-80% Saturation),[],[]
moderate_load,Fixed (tuned),fixed,117,3,33.5,65.0,79.0,98.9,989,59.52,93.0,7.869,18.178,102,9.4,0.72,Bounded (75-80% Saturation),[],[]
moderate_load,Fixed (tuned),fixed,119,3,38.07,82.0,127.0,101.2,1012,69.74,109.0,9.205,21.263,102,8.29,0.72,Bounded (75-80% Saturation),[],[]
moderate_load,Rule-Based (tuned),rule_based,100,3,29.25,59.0,83.0,99.9,999,52.61,75.0,6.916,15.976,208,4.38,0.72,Bounded (75-80% Saturation),[],[]
moderate_load,Rule-Based (tuned),rule_based,102,3,31.56,64.8,88.0,97.7,977,54.66,90.0,7.189,16.607,203,4.55,0.72,Bounded (75-80% Saturation),[],[]
moderate_load,Rule-Based (tuned),rule_based,101,3,26.66,50.0,71.0,98.4,984,47.5,72.0,6.21,14.345,195,4.06,0.72,Bounded (75-80% Saturation),[],[]
moderate_load,Rule-Based (tuned),rule_based,103,3,30.2,60.65,86.0,96.6,966,54.01,88.0,7.034,16.248,202,4.67,0.72,Bounded (75-80% Saturation),[],[]
moderate_load,Rule-Based (tuned),rule_based,104,3,30.42,60.0,78.0,98.0,980,55.12,91.0,7.214,16.664,209,5.25,0.72,Bounded (75-80% Saturation),[],[]
moderate_load,Rule-Based (tuned),rule_based,107,3,28.81,56.0,80.0,98.6,986,50.87,77.0,6.652,15.367,200,5.47,0.72,Bounded (75-80% Saturation),[],[]
moderate_load,Rule-Based (tuned),rule_based,105,3,28.65,49.75,71.0,97.9,979,50.97,84.0,6.66,15.385,201,4.52,0.72,Bounded (75-80% Saturation),[],[]
moderate_load,Rule-Based (tuned),rule_based,108,3,35.46,69.0,116.0,97.0,970,61.93,87.0,8.14,18.802,207,5.23,0.72,Bounded (75-80% Saturation),[],[]
moderate_load,Rule-Based (tuned),rule_based,106,3,26.49,52.0,72.0,95.9,959,45.45,74.0,5.968,13.787,193,5.34,0.72,Bounded (75-80% Saturation),[],[]
moderate_load,Rule-Based (tuned),rule_based,110,3,29.64,58.0,90.0,99.5,995,52.32,85.0,6.903,15.947,204,4.97,0.72,Bounded (75-80% Saturation),[],[]
moderate_load,Rule-Based (tuned),rule_based,109,3,31.57,60.35,93.0,100.6,1006,56.16,82.0,7.395,17.083,204,5.57,0.72,Bounded (75-80% Saturation),[],[]
moderate_load,Rule-Based (tuned),rule_based,111,3,30.64,57.0,81.0,100.8,1008,55.72,82.0,7.326,16.924,207,4.91,0.72,Bounded (75-80% Saturation),[],[]
moderate_load,Rule-Based (tuned),rule_based,113,3,27.91,57.0,81.0,100.6,1006,50.41,79.0,6.655,15.373,192,5.24,0.72,Bounded (75-80% Saturation),[],[]
moderate_load,Rule-Based (tuned),rule_based,114,3,28.6,54.0,69.0,98.4,984,49.8,75.0,6.553,15.137,207,4.46,0.72,Bounded (75-80% Saturation),[],[]
moderate_load,Rule-Based (tuned),rule_based,112,3,28.55,51.0,72.0,96.5,965,49.9,80.0,6.554,15.141,203,4.71,0.72,Bounded (75-80% Saturation),[],[]
moderate_load,Rule-Based (tuned),rule_based,115,3,31.88,67.0,112.0,98.8,988,56.55,91.0,7.44,17.185,207,5.0,0.72,Bounded (75-80% Saturation),[],[]
moderate_load,Rule-Based (tuned),rule_based,117,3,27.53,52.0,71.0,99.1,991,48.83,74.0,6.436,14.867,205,4.87,0.72,Bounded (75-80% Saturation),[],[]
moderate_load,Rule-Based (tuned),rule_based,119,3,33.49,79.0,103.0,101.4,1014,61.1,93.0,8.074,18.651,194,4.87,0.72,Bounded (75-80% Saturation),[],[]
moderate_load,Rule-Based (tuned),rule_based,116,3,28.15,52.0,67.0,98.5,985,50.24,80.0,6.586,15.214,207,5.03,0.72,Bounded (75-80% Saturation),[],[]
moderate_load,Max-Pressure (tuned),max_pressure,100,3,27.11,58.0,94.0,100.1,1001,49.08,76.0,6.416,14.82,204,4.39,0.72,Bounded (75-80% Saturation),[],[]
moderate_load,Rule-Based (tuned),rule_based,118,3,31.85,57.0,73.0,100.3,1003,59.81,103.0,7.807,18.033,215,4.0,0.72,Bounded (75-80% Saturation),[],[]
moderate_load,Max-Pressure (tuned),max_pressure,102,3,28.06,57.0,78.0,97.9,979,48.82,84.0,6.41,14.807,203,4.71,0.72,Bounded (75-80% Saturation),[],[]
moderate_load,Max-Pressure (tuned),max_pressure,103,3,27.98,55.55,81.0,97.7,977,49.89,77.0,6.528,15.081,204,4.13,0.72,Bounded (75-80% Saturation),[],[]
moderate_load,Max-Pressure (tuned),max_pressure,101,3,25.89,48.0,62.0,99.0,990,46.02,69.0,6.035,13.94,201,4.15,0.72,Bounded (75-80% Saturation),[],[]
moderate_load,Max-Pressure (tuned),max_pressure,104,3,27.8,58.0,90.0,98.6,986,50.51,90.0,6.629,15.313,205,4.62,0.72,Bounded (75-80% Saturation),[],[]
moderate_load,Max-Pressure (tuned),max_pressure,105,3,25.2,48.0,63.0,99.0,990,44.98,73.0,5.852,13.518,200,5.28,0.72,Bounded (75-80% Saturation),[],[]
moderate_load,Max-Pressure (tuned),max_pressure,106,3,25.4,49.0,76.0,96.3,963,43.36,68.0,5.724,13.222,202,4.67,0.72,Bounded (75-80% Saturation),[],[]
moderate_load,Max-Pressure (tuned),max_pressure,107,3,27.44,54.0,74.0,99.5,995,48.54,71.0,6.323,14.607,201,4.52,0.72,Bounded (75-80% Saturation),[],[]
moderate_load,Max-Pressure (tuned),max_pressure,108,3,31.13,71.0,120.0,97.7,977,54.41,78.0,7.146,16.506,203,4.55,0.72,Bounded (75-80% Saturation),[],[]
moderate_load,Max-Pressure (tuned),max_pressure,111,3,30.09,59.55,88.0,101.0,1010,54.59,81.0,7.154,16.527,198,4.7,0.72,Bounded (75-80% Saturation),[],[]
moderate_load,Max-Pressure (tuned),max_pressure,109,3,27.38,55.0,76.0,102.1,1021,48.64,74.0,6.407,14.8,203,4.58,0.72,Bounded (75-80% Saturation),[],[]
moderate_load,Max-Pressure (tuned),max_pressure,113,3,27.45,56.0,78.0,100.8,1008,49.77,77.0,6.527,15.077,205,4.71,0.72,Bounded (75-80% Saturation),[],[]
moderate_load,Max-Pressure (tuned),max_pressure,112,3,27.27,57.0,82.0,96.8,968,47.73,79.0,6.253,14.444,202,4.06,0.72,Bounded (75-80% Saturation),[],[]
moderate_load,Max-Pressure (tuned),max_pressure,110,3,24.72,49.0,75.0,99.8,998,43.72,77.0,5.767,13.323,202,4.56,0.72,Bounded (75-80% Saturation),[],[]
moderate_load,Max-Pressure (tuned),max_pressure,115,3,27.8,62.0,102.0,99.6,996,49.71,81.0,6.492,14.998,199,4.88,0.72,Bounded (75-80% Saturation),[],[]
moderate_load,Max-Pressure (tuned),max_pressure,114,3,26.33,52.0,75.0,99.2,992,45.83,72.0,6.032,13.933,201,4.54,0.72,Bounded (75-80% Saturation),[],[]
moderate_load,Max-Pressure (tuned),max_pressure,116,3,27.07,51.0,68.0,98.5,985,48.7,80.0,6.359,14.69,207,4.86,0.72,Bounded (75-80% Saturation),[],[]
moderate_load,Max-Pressure (tuned),max_pressure,117,3,27.04,54.0,78.0,99.9,999,48.06,72.0,6.345,14.657,204,4.21,0.72,Bounded (75-80% Saturation),[],[]
moderate_load,Max-Pressure (tuned),max_pressure,118,3,28.85,56.0,84.0,100.9,1009,54.1,95.0,7.058,16.304,205,5.1,0.72,Bounded (75-80% Saturation),[],[]
moderate_load,Max-Pressure (tuned),max_pressure,119,3,32.52,75.0,100.0,102.3,1023,59.41,87.0,7.84,18.111,199,4.82,0.72,Bounded (75-80% Saturation),[],[]
moderate_load,Hybrid (uncoupled),hybrid_bf,100,3,38.13,77.0,120.0,97.8,978,68.03,98.0,8.989,20.765,177,4.95,0.72,Bounded (75-80% Saturation),[],[]
moderate_load,Hybrid (uncoupled),hybrid_bf,101,3,37.66,69.0,91.0,96.6,966,67.0,100.0,8.837,20.414,184,4.92,0.72,Bounded (75-80% Saturation),[],[]
moderate_load,Hybrid (uncoupled),hybrid_bf,102,3,37.96,76.0,105.0,96.1,961,65.9,104.0,8.714,20.13,172,6.08,0.72,Bounded (75-80% Saturation),[],[]
moderate_load,Hybrid (uncoupled),hybrid_bf,104,3,36.98,71.4,106.0,97.0,970,67.12,108.0,8.817,20.368,169,5.38,0.72,Bounded (75-80% Saturation),[],[]
moderate_load,Hybrid (uncoupled),hybrid_bf,106,3,34.34,70.0,93.0,93.9,939,58.95,91.0,7.776,17.963,172,4.51,0.72,Bounded (75-80% Saturation),[],[]
moderate_load,Hybrid (uncoupled),hybrid_bf,107,3,37.11,75.0,104.0,96.7,967,65.34,94.0,8.551,19.754,177,5.54,0.72,Bounded (75-80% Saturation),[],[]
moderate_load,Hybrid (uncoupled),hybrid_bf,103,3,40.61,81.0,104.0,95.2,952,72.08,113.0,9.475,21.887,177,4.4,0.72,Bounded (75-80% Saturation),[],[]
moderate_load,Hybrid (uncoupled),hybrid_bf,108,3,38.88,76.0,122.0,95.8,958,68.0,98.0,8.916,20.596,179,4.59,0.72,Bounded (75-80% Saturation),[],[]
moderate_load,Hybrid (uncoupled),hybrid_bf,105,3,34.35,60.0,85.0,96.9,969,61.63,91.0,8.045,18.584,168,4.83,0.72,Bounded (75-80% Saturation),[],[]
moderate_load,Hybrid (uncoupled),hybrid_bf,109,3,36.46,68.0,113.0,99.8,998,64.95,90.0,8.588,19.838,175,5.15,0.72,Bounded (75-80% Saturation),[],[]
moderate_load,Hybrid (uncoupled),hybrid_bf,110,3,35.52,68.0,99.0,97.3,973,62.6,95.0,8.248,19.052,180,4.18,0.72,Bounded (75-80% Saturation),[],[]
moderate_load,Hybrid (uncoupled),hybrid_bf,111,3,42.01,81.0,128.0,97.1,971,76.79,115.0,10.037,23.185,181,4.48,0.72,Bounded (75-80% Saturation),[],[]
moderate_load,Hybrid (uncoupled),hybrid_bf,112,3,35.15,62.0,79.0,95.4,954,61.7,90.0,8.046,18.587,177,4.91,0.72,Bounded (75-80% Saturation),[],[]
moderate_load,Hybrid (uncoupled),hybrid_bf,113,3,37.73,72.0,107.0,98.3,983,68.17,94.0,8.98,20.745,181,4.64,0.72,Bounded (75-80% Saturation),[],[]
moderate_load,Hybrid (uncoupled),hybrid_bf,115,3,41.1,89.0,134.0,96.0,960,73.06,115.0,9.618,22.217,183,5.15,0.72,Bounded (75-80% Saturation),[],[]
moderate_load,Hybrid (uncoupled),hybrid_bf,117,3,35.02,67.0,86.0,97.9,979,62.6,91.0,8.218,18.983,185,5.39,0.72,Bounded (75-80% Saturation),[],[]
moderate_load,Hybrid (uncoupled),hybrid_bf,114,3,35.73,68.0,97.0,96.7,967,62.18,88.0,8.227,19.004,182,5.06,0.72,Bounded (75-80% Saturation),[],[]
moderate_load,Hybrid (uncoupled),hybrid_bf,118,3,38.98,68.0,84.0,97.9,979,73.1,125.0,9.562,22.089,183,4.38,0.72,Bounded (75-80% Saturation),[],[]
moderate_load,Hybrid (uncoupled),hybrid_bf,116,3,34.96,67.0,92.0,95.8,958,63.53,118.0,8.197,18.934,189,5.07,0.72,Bounded (75-80% Saturation),[],[]
moderate_load,Hybrid Controller (Brute-Force),hybrid_bf,100,3,38.13,77.0,120.0,97.8,978,68.03,98.0,8.989,20.765,177,4.95,0.72,Bounded (75-80% Saturation),[],[]
moderate_load,Hybrid (uncoupled),hybrid_bf,119,3,43.66,101.0,128.0,98.9,989,79.71,120.0,10.536,24.338,179,4.76,0.72,Bounded (75-80% Saturation),[],[]
moderate_load,Hybrid Controller (Brute-Force),hybrid_bf,101,3,37.66,69.0,91.0,96.6,966,67.0,100.0,8.837,20.414,184,4.92,0.72,Bounded (75-80% Saturation),[],[]
moderate_load,Hybrid Controller (Brute-Force),hybrid_bf,102,3,37.96,76.0,105.0,96.1,961,65.9,104.0,8.714,20.13,172,6.08,0.72,Bounded (75-80% Saturation),[],[]
moderate_load,Hybrid Controller (Brute-Force),hybrid_bf,106,3,34.34,70.0,93.0,93.9,939,58.95,91.0,7.776,17.963,172,4.51,0.72,Bounded (75-80% Saturation),[],[]
moderate_load,Hybrid Controller (Brute-Force),hybrid_bf,103,3,40.61,81.0,104.0,95.2,952,72.08,113.0,9.475,21.887,177,4.4,0.72,Bounded (75-80% Saturation),[],[]
moderate_load,Hybrid Controller (Brute-Force),hybrid_bf,104,3,36.98,71.4,106.0,97.0,970,67.12,108.0,8.817,20.368,169,5.38,0.72,Bounded (75-80% Saturation),[],[]
moderate_load,Hybrid Controller (Brute-Force),hybrid_bf,107,3,37.11,75.0,104.0,96.7,967,65.34,94.0,8.551,19.754,177,5.54,0.72,Bounded (75-80% Saturation),[],[]
moderate_load,Hybrid Controller (Brute-Force),hybrid_bf,105,3,34.35,60.0,85.0,96.9,969,61.63,91.0,8.045,18.584,168,4.83,0.72,Bounded (75-80% Saturation),[],[]
moderate_load,Hybrid Controller (Brute-Force),hybrid_bf,108,3,38.88,76.0,122.0,95.8,958,68.0,98.0,8.916,20.596,179,4.59,0.72,Bounded (75-80% Saturation),[],[]
moderate_load,Hybrid Controller (Brute-Force),hybrid_bf,109,3,36.46,68.0,113.0,99.8,998,64.95,90.0,8.588,19.838,175,5.15,0.72,Bounded (75-80% Saturation),[],[]
moderate_load,Hybrid Controller (Brute-Force),hybrid_bf,111,3,42.01,81.0,128.0,97.1,971,76.79,115.0,10.037,23.185,181,4.48,0.72,Bounded (75-80% Saturation),[],[]
moderate_load,Hybrid Controller (Brute-Force),hybrid_bf,112,3,35.15,62.0,79.0,95.4,954,61.7,90.0,8.046,18.587,177,4.91,0.72,Bounded (75-80% Saturation),[],[]
moderate_load,Hybrid Controller (Brute-Force),hybrid_bf,110,3,35.52,68.0,99.0,97.3,973,62.6,95.0,8.248,19.052,180,4.18,0.72,Bounded (75-80% Saturation),[],[]
moderate_load,Hybrid Controller (Brute-Force),hybrid_bf,113,3,37.73,72.0,107.0,98.3,983,68.17,94.0,8.98,20.745,181,4.64,0.72,Bounded (75-80% Saturation),[],[]
moderate_load,Hybrid Controller (Brute-Force),hybrid_bf,114,3,35.73,68.0,97.0,96.7,967,62.18,88.0,8.227,19.004,182,5.06,0.72,Bounded (75-80% Saturation),[],[]
moderate_load,Hybrid Controller (Brute-Force),hybrid_bf,115,3,41.1,89.0,134.0,96.0,960,73.06,115.0,9.618,22.217,183,5.15,0.72,Bounded (75-80% Saturation),[],[]
moderate_load,Hybrid Controller (Brute-Force),hybrid_bf,116,3,34.96,67.0,92.0,95.8,958,63.53,118.0,8.197,18.934,189,5.07,0.72,Bounded (75-80% Saturation),[],[]
moderate_load,Hybrid Controller (Brute-Force),hybrid_bf,118,3,38.98,68.0,84.0,97.9,979,73.1,125.0,9.562,22.089,183,4.38,0.72,Bounded (75-80% Saturation),[],[]
directional_moderate,Fixed-Timing Baseline,fixed,101,3,75.55,179.85,218.0,79.3,793,139.99,267.0,17.192,39.714,114,7.64,0.8,"Bounded (75-85% Saturation, Asymmetric)",[],[]
moderate_load,Hybrid Controller (Brute-Force),hybrid_bf,117,3,35.02,67.0,86.0,97.9,979,62.6,91.0,8.218,18.983,185,5.39,0.72,Bounded (75-80% Saturation),[],[]
directional_moderate,Fixed-Timing Baseline,fixed,100,3,85.46,188.5,250.0,79.9,799,162.75,289.0,20.055,46.327,114,6.96,0.8,"Bounded (75-85% Saturation, Asymmetric)",[],[]
directional_moderate,Fixed-Timing Baseline,fixed,102,3,81.75,192.95,221.0,79.7,797,157.12,309.0,19.294,44.568,114,7.57,0.8,"Bounded (75-85% Saturation, Asymmetric)",[],[]
directional_moderate,Fixed-Timing Baseline,fixed,104,3,75.63,189.0,226.0,82.5,825,144.44,266.0,17.833,41.194,114,7.61,0.8,"Bounded (75-85% Saturation, Asymmetric)",[],[]
directional_moderate,Fixed-Timing Baseline,fixed,103,3,76.85,175.0,202.0,81.4,814,142.73,261.0,17.641,40.75,114,9.16,0.8,"Bounded (75-85% Saturation, Asymmetric)",[],[]
moderate_load,Hybrid Controller (Brute-Force),hybrid_bf,119,3,43.66,101.0,128.0,98.9,989,79.71,120.0,10.536,24.338,179,4.76,0.72,Bounded (75-80% Saturation),[],[]
directional_moderate,Fixed-Timing Baseline,fixed,105,3,86.11,205.0,243.0,80.7,807,167.24,315.0,20.668,47.742,114,6.27,0.8,"Bounded (75-85% Saturation, Asymmetric)",[],[]
directional_moderate,Fixed-Timing Baseline,fixed,108,3,84.89,205.4,269.0,80.7,807,161.32,289.0,19.864,45.885,114,7.47,0.8,"Bounded (75-85% Saturation, Asymmetric)",[],[]
directional_moderate,Fixed-Timing Baseline,fixed,107,3,76.19,173.0,212.0,82.8,828,144.07,269.0,17.811,41.143,114,6.27,0.8,"Bounded (75-85% Saturation, Asymmetric)",[],[]
directional_moderate,Fixed-Timing Baseline,fixed,106,3,76.39,165.0,199.0,78.9,789,137.29,244.0,16.89,39.017,114,7.74,0.8,"Bounded (75-85% Saturation, Asymmetric)",[],[]
directional_moderate,Fixed-Timing Baseline,fixed,110,3,82.04,192.0,218.0,80.1,801,153.37,277.0,19.032,43.965,114,7.82,0.8,"Bounded (75-85% Saturation, Asymmetric)",[],[]
directional_moderate,Fixed-Timing Baseline,fixed,112,3,79.44,191.0,224.0,79.3,793,146.69,281.0,18.129,41.878,114,7.58,0.8,"Bounded (75-85% Saturation, Asymmetric)",[],[]
directional_moderate,Fixed-Timing Baseline,fixed,109,3,83.78,200.35,231.0,83.5,835,162.19,280.0,19.996,46.192,114,7.69,0.8,"Bounded (75-85% Saturation, Asymmetric)",[],[]
directional_moderate,Fixed-Timing Baseline,fixed,113,3,74.98,177.0,218.0,81.8,818,141.16,263.0,17.462,40.338,114,7.66,0.8,"Bounded (75-85% Saturation, Asymmetric)",[],[]
directional_moderate,Fixed-Timing Baseline,fixed,114,3,81.2,183.0,216.0,81.0,810,150.71,268.0,18.568,42.893,114,6.95,0.8,"Bounded (75-85% Saturation, Asymmetric)",[],[]
directional_moderate,Fixed-Timing Baseline,fixed,116,3,81.81,187.9,214.0,80.7,807,156.84,290.0,19.326,44.644,114,9.31,0.8,"Bounded (75-85% Saturation, Asymmetric)",[],[]
directional_moderate,Fixed-Timing Baseline,fixed,117,3,83.77,197.0,220.0,80.9,809,155.15,265.0,19.229,44.419,114,8.05,0.8,"Bounded (75-85% Saturation, Asymmetric)",[],[]
directional_moderate,Fixed-Timing Baseline,fixed,111,3,85.22,203.2,239.0,81.0,810,162.32,294.0,20.017,46.239,114,8.49,0.8,"Bounded (75-85% Saturation, Asymmetric)",[],[]
directional_moderate,Fixed-Timing Baseline,fixed,118,3,87.55,200.0,238.0,80.3,803,171.54,315.0,21.187,48.941,114,7.55,0.8,"Bounded (75-85% Saturation, Asymmetric)",[],[]
directional_moderate,Fixed-Timing Baseline,fixed,119,3,75.4,179.0,239.0,83.2,832,142.64,253.0,17.526,40.486,114,7.24,0.8,"Bounded (75-85% Saturation, Asymmetric)",[],[]
directional_moderate,Fixed-Timing Baseline,fixed,115,3,82.56,187.5,240.0,81.0,810,156.21,280.0,19.282,44.542,114,8.02,0.8,"Bounded (75-85% Saturation, Asymmetric)",[],[]
directional_moderate,Fixed (tuned),fixed,100,3,36.94,71.0,102.0,98.1,981,67.54,104.0,8.741,20.192,90,9.67,0.8,"Bounded (75-85% Saturation, Asymmetric)",[],[]
directional_moderate,Fixed (tuned),fixed,101,3,34.26,69.0,106.0,95.8,958,60.55,98.0,7.843,18.117,90,10.53,0.8,"Bounded (75-85% Saturation, Asymmetric)",[],[]
directional_moderate,Fixed (tuned),fixed,103,3,35.11,77.0,120.0,96.9,969,62.42,93.0,8.092,18.691,90,11.49,0.8,"Bounded (75-85% Saturation, Asymmetric)",[],[]
directional_moderate,Fixed (tuned),fixed,102,3,40.4,76.0,112.0,98.6,986,74.39,124.0,9.534,22.024,90,12.95,0.8,"Bounded (75-85% Saturation, Asymmetric)",[],[]
directional_moderate,Fixed (tuned),fixed,104,3,36.01,75.0,117.0,96.8,968,65.79,115.0,8.53,19.703,90,8.29,0.8,"Bounded (75-85% Saturation, Asymmetric)",[],[]
directional_moderate,Fixed (tuned),fixed,106,3,36.07,77.0,115.0,93.2,932,61.93,99.0,7.999,18.477,90,8.22,0.8,"Bounded (75-85% Saturation, Asymmetric)",[],[]
directional_moderate,Fixed (tuned),fixed,108,3,42.74,78.0,123.0,97.7,977,77.84,124.0,10.02,23.147,90,9.81,0.8,"Bounded (75-85% Saturation, Asymmetric)",[],[]
directional_moderate,Fixed (tuned),fixed,105,3,38.12,75.0,114.0,99.6,996,71.31,114.0,9.183,21.213,90,10.22,0.8,"Bounded (75-85% Saturation, Asymmetric)",[],[]
directional_moderate,Fixed (tuned),fixed,107,3,38.4,84.0,110.0,98.6,986,69.88,108.0,9.003,20.798,90,10.58,0.8,"Bounded (75-85% Saturation, Asymmetric)",[],[]
directional_moderate,Fixed (tuned),fixed,110,3,35.7,72.0,103.0,96.9,969,64.27,105.0,8.299,19.171,90,12.82,0.8,"Bounded (75-85% Saturation, Asymmetric)",[],[]
directional_moderate,Fixed (tuned),fixed,109,3,36.69,74.0,111.0,101.0,1010,67.65,104.0,8.814,20.361,90,11.25,0.8,"Bounded (75-85% Saturation, Asymmetric)",[],[]
directional_moderate,Fixed (tuned),fixed,112,3,37.1,75.0,99.0,95.2,952,66.25,111.0,8.492,19.617,90,10.99,0.8,"Bounded (75-85% Saturation, Asymmetric)",[],[]
directional_moderate,Fixed (tuned),fixed,113,3,34.89,74.0,122.0,97.4,974,63.09,99.0,8.149,18.825,90,11.06,0.8,"Bounded (75-85% Saturation, Asymmetric)",[],[]
directional_moderate,Fixed (tuned),fixed,114,3,36.93,74.0,104.0,98.3,983,65.34,107.0,8.511,19.66,90,9.5,0.8,"Bounded (75-85% Saturation, Asymmetric)",[],[]
directional_moderate,Fixed (tuned),fixed,115,3,36.98,78.0,105.0,97.8,978,67.15,116.0,8.678,20.046,90,11.31,0.8,"Bounded (75-85% Saturation, Asymmetric)",[],[]
directional_moderate,Fixed (tuned),fixed,117,3,35.36,75.0,106.0,97.0,970,62.76,102.0,8.156,18.84,90,10.65,0.8,"Bounded (75-85% Saturation, Asymmetric)",[],[]
directional_moderate,Fixed (tuned),fixed,111,3,38.14,78.0,116.0,99.0,990,69.55,110.0,8.992,20.771,90,12.21,0.8,"Bounded (75-85% Saturation, Asymmetric)",[],[]
directional_moderate,Fixed (tuned),fixed,116,3,38.15,79.0,125.0,98.2,982,70.43,117.0,9.072,20.957,90,11.82,0.8,"Bounded (75-85% Saturation, Asymmetric)",[],[]
directional_moderate,Fixed (tuned),fixed,118,3,38.19,78.0,124.0,99.0,990,71.87,116.0,9.275,21.426,90,11.16,0.8,"Bounded (75-85% Saturation, Asymmetric)",[],[]
directional_moderate,Fixed (tuned),fixed,119,3,41.13,110.0,222.0,97.9,979,73.44,115.0,9.579,22.127,90,10.67,0.8,"Bounded (75-85% Saturation, Asymmetric)",[],[]
directional_moderate,Rule-Based (tuned),rule_based,101,3,33.53,60.0,96.0,96.1,961,58.85,82.0,7.72,17.833,188,5.6,0.8,"Bounded (75-85% Saturation, Asymmetric)",[],[]
directional_moderate,Rule-Based (tuned),rule_based,102,3,42.8,84.25,193.0,96.8,968,78.57,129.0,10.234,23.642,179,6.63,0.8,"Bounded (75-85% Saturation, Asymmetric)",[],[]
directional_moderate,Rule-Based (tuned),rule_based,104,3,34.81,65.0,119.0,96.3,963,63.32,106.0,8.269,19.102,181,7.87,0.8,"Bounded (75-85% Saturation, Asymmetric)",[],[]
directional_moderate,Rule-Based (tuned),rule_based,103,3,37.36,68.05,93.0,96.0,960,65.91,94.0,8.634,19.944,201,5.73,0.8,"Bounded (75-85% Saturation, Asymmetric)",[],[]
directional_moderate,Rule-Based (tuned),rule_based,106,3,34.64,65.75,95.0,94.3,943,58.77,89.0,7.743,17.886,189,5.95,0.8,"Bounded (75-85% Saturation, Asymmetric)",[],[]
directional_moderate,Rule-Based (tuned),rule_based,107,3,40.55,79.0,121.0,97.1,971,72.92,113.0,9.562,22.088,182,4.27,0.8,"Bounded (75-85% Saturation, Asymmetric)",[],[]
directional_moderate,Rule-Based (tuned),rule_based,108,3,44.26,90.75,142.0,96.9,969,79.51,115.0,10.485,24.22,176,6.51,0.8,"Bounded (75-85% Saturation, Asymmetric)",[],[]
directional_moderate,Rule-Based (tuned),rule_based,105,3,45.07,98.0,161.0,96.5,965,83.44,130.0,10.866,25.101,184,4.51,0.8,"Bounded (75-85% Saturation, Asymmetric)",[],[]
directional_moderate,Rule-Based (tuned),rule_based,100,3,37.04,66.0,100.0,98.6,986,66.39,87.0,8.75,20.213,180,7.07,0.8,"Bounded (75-85% Saturation, Asymmetric)",[],[]
directional_moderate,Rule-Based (tuned),rule_based,109,3,35.12,63.0,93.0,100.7,1007,64.74,86.0,8.445,19.507,185,6.79,0.8,"Bounded (75-85% Saturation, Asymmetric)",[],[]
directional_moderate,Rule-Based (tuned),rule_based,110,3,37.34,70.0,101.0,95.7,957,66.71,99.0,8.745,20.202,181,5.98,0.8,"Bounded (75-85% Saturation, Asymmetric)",[],[]
directional_moderate,Rule-Based (tuned),rule_based,111,3,41.27,79.0,120.0,97.4,974,74.69,107.0,9.786,22.605,188,5.36,0.8,"Bounded (75-85% Saturation, Asymmetric)",[],[]
directional_moderate,Rule-Based (tuned),rule_based,112,3,35.24,68.0,107.0,94.9,949,62.3,102.0,8.137,18.796,181,5.59,0.8,"Bounded (75-85% Saturation, Asymmetric)",[],[]
directional_moderate,Rule-Based (tuned),rule_based,114,3,40.04,75.4,122.0,96.9,969,70.21,100.0,9.192,21.233,189,4.51,0.8,"Bounded (75-85% Saturation, Asymmetric)",[],[]
directional_moderate,Rule-Based (tuned),rule_based,116,3,41.78,82.0,127.0,95.9,959,76.19,128.0,9.991,23.078,183,6.95,0.8,"Bounded (75-85% Saturation, Asymmetric)",[],[]
directional_moderate,Rule-Based (tuned),rule_based,115,3,39.86,78.0,132.0,96.3,963,71.84,109.0,9.434,21.793,183,6.64,0.8,"Bounded (75-85% Saturation, Asymmetric)",[],[]
directional_moderate,Rule-Based (tuned),rule_based,113,3,38.54,69.0,122.0,95.9,959,69.14,102.0,9.07,20.951,193,5.63,0.8,"Bounded (75-85% Saturation, Asymmetric)",[],[]
directional_moderate,Rule-Based (tuned),rule_based,119,3,48.82,104.05,223.0,94.5,945,87.21,131.0,11.436,26.416,189,5.18,0.8,"Bounded (75-85% Saturation, Asymmetric)",[],[]
directional_moderate,Rule-Based (tuned),rule_based,118,3,40.01,79.85,122.0,97.1,971,74.96,133.0,9.816,22.676,183,6.25,0.8,"Bounded (75-85% Saturation, Asymmetric)",[],[]
directional_moderate,Rule-Based (tuned),rule_based,117,3,39.41,74.0,103.0,95.5,955,69.83,94.0,9.134,21.099,178,7.5,0.8,"Bounded (75-85% Saturation, Asymmetric)",[],[]
directional_moderate,Max-Pressure (tuned),max_pressure,101,3,40.37,76.0,97.0,92.6,926,71.63,109.0,9.231,21.323,195,5.43,0.8,"Bounded (75-85% Saturation, Asymmetric)",[],[]
directional_moderate,Max-Pressure (tuned),max_pressure,100,3,45.23,90.0,116.0,95.1,951,82.37,122.0,10.734,24.796,186,5.27,0.8,"Bounded (75-85% Saturation, Asymmetric)",[],[]
directional_moderate,Max-Pressure (tuned),max_pressure,102,3,53.4,99.0,158.0,92.6,926,98.39,170.0,12.674,29.277,184,5.57,0.8,"Bounded (75-85% Saturation, Asymmetric)",[],[]
directional_moderate,Max-Pressure (tuned),max_pressure,103,3,42.07,78.75,100.0,94.3,943,75.01,105.0,9.78,22.592,198,4.32,0.8,"Bounded (75-85% Saturation, Asymmetric)",[],[]
directional_moderate,Max-Pressure (tuned),max_pressure,106,3,42.28,78.75,100.0,91.0,910,72.62,106.0,9.451,21.832,193,4.96,0.8,"Bounded (75-85% Saturation, Asymmetric)",[],[]
directional_moderate,Max-Pressure (tuned),max_pressure,107,3,45.74,94.0,124.0,95.0,950,82.82,123.0,10.764,24.865,196,4.86,0.8,"Bounded (75-85% Saturation, Asymmetric)",[],[]
directional_moderate,Max-Pressure (tuned),max_pressure,104,3,43.23,85.4,106.0,94.1,941,79.38,134.0,10.308,23.811,206,5.51,0.8,"Bounded (75-85% Saturation, Asymmetric)",[],[]
directional_moderate,Max-Pressure (tuned),max_pressure,108,3,51.26,114.0,133.0,93.1,931,93.21,135.0,12.108,27.97,193,5.59,0.8,"Bounded (75-85% Saturation, Asymmetric)",[],[]
directional_moderate,Max-Pressure (tuned),max_pressure,109,3,48.75,95.0,123.0,96.9,969,90.3,127.0,11.721,27.076,194,4.99,0.8,"Bounded (75-85% Saturation, Asymmetric)",[],[]
directional_moderate,Max-Pressure (tuned),max_pressure,105,3,52.38,92.0,121.0,94.3,943,97.42,150.0,12.688,29.309,189,5.56,0.8,"Bounded (75-85% Saturation, Asymmetric)",[],[]
directional_moderate,Max-Pressure (tuned),max_pressure,110,3,47.87,101.0,123.0,92.8,928,86.06,128.0,11.223,25.925,200,5.52,0.8,"Bounded (75-85% Saturation, Asymmetric)",[],[]
directional_moderate,Max-Pressure (tuned),max_pressure,111,3,50.07,94.0,109.0,94.5,945,91.51,132.0,11.905,27.501,195,4.95,0.8,"Bounded (75-85% Saturation, Asymmetric)",[],[]
directional_moderate,Max-Pressure (tuned),max_pressure,112,3,44.86,98.25,126.0,91.4,914,79.71,130.0,10.329,23.86,197,5.17,0.8,"Bounded (75-85% Saturation, Asymmetric)",[],[]
directional_moderate,Max-Pressure (tuned),max_pressure,114,3,44.33,76.0,106.0,94.7,947,78.81,114.0,10.245,23.665,193,4.14,0.8,"Bounded (75-85% Saturation, Asymmetric)",[],[]
directional_moderate,Max-Pressure (tuned),max_pressure,115,3,42.02,83.0,116.0,95.7,957,76.16,110.0,9.908,22.889,200,4.98,0.8,"Bounded (75-85% Saturation, Asymmetric)",[],[]
directional_moderate,Max-Pressure (tuned),max_pressure,116,3,48.01,83.0,101.0,94.3,943,87.71,138.0,11.522,26.616,191,5.15,0.8,"Bounded (75-85% Saturation, Asymmetric)",[],[]
directional_moderate,Max-Pressure (tuned),max_pressure,117,3,49.16,91.0,108.0,92.8,928,87.07,125.0,11.393,26.319,193,5.37,0.8,"Bounded (75-85% Saturation, Asymmetric)",[],[]
directional_moderate,Max-Pressure (tuned),max_pressure,113,3,43.94,83.0,102.0,93.8,938,79.28,125.0,10.361,23.933,197,5.27,0.8,"Bounded (75-85% Saturation, Asymmetric)",[],[]
directional_moderate,Max-Pressure (tuned),max_pressure,118,3,49.52,90.0,118.0,94.4,944,93.16,154.0,12.084,27.914,194,5.53,0.8,"Bounded (75-85% Saturation, Asymmetric)",[],[]
directional_moderate,Max-Pressure (tuned),max_pressure,119,3,50.95,106.0,143.0,93.8,938,91.61,132.0,11.968,27.647,196,5.32,0.8,"Bounded (75-85% Saturation, Asymmetric)",[],[]
directional_moderate,Hybrid (uncoupled),hybrid_bf,101,3,40.4,67.0,100.0,94.2,942,70.94,99.0,9.257,21.383,145,5.82,0.8,"Bounded (75-85% Saturation, Asymmetric)",[],[]
directional_moderate,Hybrid (uncoupled),hybrid_bf,100,3,47.65,78.0,94.0,96.2,962,85.66,116.0,11.288,26.076,148,6.39,0.8,"Bounded (75-85% Saturation, Asymmetric)",[],[]
directional_moderate,Hybrid (uncoupled),hybrid_bf,102,3,52.05,91.0,148.0,95.1,951,94.73,153.0,12.354,28.538,143,6.16,0.8,"Bounded (75-85% Saturation, Asymmetric)",[],[]
directional_moderate,Hybrid (uncoupled),hybrid_bf,104,3,44.85,77.45,100.0,96.0,960,81.52,117.0,10.684,24.68,157,6.05,0.8,"Bounded (75-85% Saturation, Asymmetric)",[],[]
directional_moderate,Hybrid (uncoupled),hybrid_bf,103,3,40.38,71.0,95.0,95.4,954,71.27,113.0,9.314,21.514,154,4.48,0.8,"Bounded (75-85% Saturation, Asymmetric)",[],[]
directional_moderate,Hybrid (uncoupled),hybrid_bf,105,3,47.07,81.0,135.0,97.8,978,86.89,130.0,11.38,26.287,144,7.06,0.8,"Bounded (75-85% Saturation, Asymmetric)",[],[]
directional_moderate,Hybrid (uncoupled),hybrid_bf,106,3,42.43,78.0,100.0,92.7,927,71.64,116.0,9.485,21.911,153,6.81,0.8,"Bounded (75-85% Saturation, Asymmetric)",[],[]
directional_moderate,Hybrid (uncoupled),hybrid_bf,107,3,44.06,80.8,136.0,95.7,957,79.62,128.0,10.429,24.09,149,5.7,0.8,"Bounded (75-85% Saturation, Asymmetric)",[],[]
directional_moderate,Hybrid (uncoupled),hybrid_bf,108,3,50.53,88.0,128.0,96.6,966,90.53,136.0,11.971,27.652,135,8.26,0.8,"Bounded (75-85% Saturation, Asymmetric)",[],[]
directional_moderate,Hybrid (uncoupled),hybrid_bf,109,3,44.53,80.0,118.0,99.7,997,81.72,113.0,10.746,24.823,149,6.75,0.8,"Bounded (75-85% Saturation, Asymmetric)",[],[]
directional_moderate,Hybrid (uncoupled),hybrid_bf,110,3,39.79,71.85,90.0,93.7,937,71.19,115.0,9.231,21.323,151,6.16,0.8,"Bounded (75-85% Saturation, Asymmetric)",[],[]
directional_moderate,Hybrid (uncoupled),hybrid_bf,111,3,51.26,94.0,140.0,96.2,962,92.37,143.0,12.154,28.076,143,7.09,0.8,"Bounded (75-85% Saturation, Asymmetric)",[],[]
directional_moderate,Hybrid (uncoupled),hybrid_bf,112,3,40.66,70.45,93.0,93.2,932,71.72,132.0,9.325,21.541,145,6.49,0.8,"Bounded (75-85% Saturation, Asymmetric)",[],[]
directional_moderate,Hybrid (uncoupled),hybrid_bf,113,3,41.46,70.0,99.0,95.7,957,74.72,117.0,9.739,22.496,153,6.46,0.8,"Bounded (75-85% Saturation, Asymmetric)",[],[]
directional_moderate,Hybrid (uncoupled),hybrid_bf,115,3,40.91,73.0,109.0,95.6,956,73.48,117.0,9.626,22.237,145,5.44,0.8,"Bounded (75-85% Saturation, Asymmetric)",[],[]
directional_moderate,Hybrid (uncoupled),hybrid_bf,114,3,47.24,72.0,99.0,96.2,962,82.85,125.0,10.886,25.147,143,6.46,0.8,"Bounded (75-85% Saturation, Asymmetric)",[],[]
directional_moderate,Hybrid (uncoupled),hybrid_bf,118,3,49.09,83.0,120.0,96.1,961,91.12,151.0,11.88,27.442,141,6.28,0.8,"Bounded (75-85% Saturation, Asymmetric)",[],[]
directional_moderate,Hybrid (uncoupled),hybrid_bf,117,3,46.62,76.0,119.0,95.4,954,81.97,115.0,10.806,24.962,148,6.65,0.8,"Bounded (75-85% Saturation, Asymmetric)",[],[]
directional_moderate,Hybrid (uncoupled),hybrid_bf,116,3,45.69,75.0,131.0,96.7,967,83.22,131.0,10.854,25.073,147,7.57,0.8,"Bounded (75-85% Saturation, Asymmetric)",[],[]
directional_moderate,Hybrid (uncoupled),hybrid_bf,119,3,48.23,102.0,160.0,95.7,957,86.17,129.0,11.275,26.045,160,5.92,0.8,"Bounded (75-85% Saturation, Asymmetric)",[],[]
directional_moderate,Hybrid Controller (Brute-Force),hybrid_bf,100,3,42.76,81.0,118.0,98.5,985,76.62,112.0,10.101,23.334,137,7.46,0.8,"Bounded (75-85% Saturation, Asymmetric)",[],[]
directional_moderate,Hybrid Controller (Brute-Force),hybrid_bf,101,3,36.69,75.0,117.0,95.9,959,64.33,102.0,8.413,19.435,141,5.89,0.8,"Bounded (75-85% Saturation, Asymmetric)",[],[]
directional_moderate,Hybrid Controller (Brute-Force),hybrid_bf,102,3,44.37,92.0,168.0,97.9,979,81.32,130.0,10.61,24.509,135,7.33,0.8,"Bounded (75-85% Saturation, Asymmetric)",[],[]
directional_moderate,Hybrid Controller (Brute-Force),hybrid_bf,106,3,41.18,83.0,136.0,93.1,931,69.32,114.0,9.141,21.115,140,7.29,0.8,"Bounded (75-85% Saturation, Asymmetric)",[],[]
directional_moderate,Hybrid Controller (Brute-Force),hybrid_bf,103,3,42.32,80.0,111.0,95.9,959,74.83,110.0,9.847,22.747,149,6.24,0.8,"Bounded (75-85% Saturation, Asymmetric)",[],[]
directional_moderate,Hybrid Controller (Brute-Force),hybrid_bf,104,3,41.29,70.35,126.0,96.2,962,75.43,115.0,9.854,22.764,159,6.99,0.8,"Bounded (75-85% Saturation, Asymmetric)",[],[]
directional_moderate,Hybrid Controller (Brute-Force),hybrid_bf,107,3,44.24,86.0,157.0,97.1,971,79.5,118.0,10.401,24.027,148,6.6,0.8,"Bounded (75-85% Saturation, Asymmetric)",[],[]
directional_moderate,Hybrid Controller (Brute-Force),hybrid_bf,108,3,49.8,93.3,139.0,96.5,965,88.31,135.0,11.674,26.968,134,8.92,0.8,"Bounded (75-85% Saturation, Asymmetric)",[],[]
directional_moderate,Hybrid Controller (Brute-Force),hybrid_bf,105,3,46.52,96.0,165.0,96.3,963,85.91,128.0,11.175,25.814,140,5.63,0.8,"Bounded (75-85% Saturation, Asymmetric)",[],[]
directional_moderate,Hybrid Controller (Brute-Force),hybrid_bf,109,3,43.06,80.0,119.0,98.3,983,78.58,119.0,10.344,23.895,142,7.08,0.8,"Bounded (75-85% Saturation, Asymmetric)",[],[]
directional_moderate,Hybrid Controller (Brute-Force),hybrid_bf,110,3,37.91,81.0,112.0,97.7,977,67.62,102.0,8.845,20.432,143,7.6,0.8,"Bounded (75-85% Saturation, Asymmetric)",[],[]
directional_moderate,Hybrid Controller (Brute-Force),hybrid_bf,111,3,47.73,89.0,148.0,96.2,962,85.41,134.0,11.231,25.944,142,8.35,0.8,"Bounded (75-85% Saturation, Asymmetric)",[],[]
directional_moderate,Hybrid Controller (Brute-Force),hybrid_bf,112,3,37.51,70.0,109.0,95.6,956,65.94,98.0,8.602,19.871,134,8.11,0.8,"Bounded (75-85% Saturation, Asymmetric)",[],[]
directional_moderate,Hybrid Controller (Brute-Force),hybrid_bf,113,3,41.38,77.1,120.0,95.6,956,74.4,112.0,9.737,22.493,147,6.5,0.8,"Bounded (75-85% Saturation, Asymmetric)",[],[]
directional_moderate,Hybrid Controller (Brute-Force),hybrid_bf,117,3,44.26,89.0,124.0,96.0,960,78.21,116.0,10.289,23.767,140,7.77,0.8,"Bounded (75-85% Saturation, Asymmetric)",[],[]
directional_moderate,Hybrid Controller (Brute-Force),hybrid_bf,114,3,39.97,73.85,114.0,98.6,986,70.52,106.0,9.273,21.421,145,6.03,0.8,"Bounded (75-85% Saturation, Asymmetric)",[],[]
directional_moderate,Hybrid Controller (Brute-Force),hybrid_bf,115,3,46.82,92.0,121.0,95.6,956,83.74,125.0,11.009,25.431,136,7.66,0.8,"Bounded (75-85% Saturation, Asymmetric)",[],[]
incident_moderate,Fixed-Timing Baseline,fixed,100,3,40.54,88.0,119.0,97.4,974,72.96,104.0,9.539,22.036,114,6.96,0.72,Bounded + Bottleneck Incident,[],[]
directional_moderate,Hybrid Controller (Brute-Force),hybrid_bf,118,3,41.51,81.0,161.0,96.5,965,77.64,137.0,10.166,23.484,136,7.82,0.8,"Bounded (75-85% Saturation, Asymmetric)",[],[]
incident_moderate,Fixed-Timing Baseline,fixed,101,3,39.04,70.0,114.0,95.8,958,68.99,102.0,9.04,20.882,114,7.64,0.72,Bounded + Bottleneck Incident,[],[]
directional_moderate,Hybrid Controller (Brute-Force),hybrid_bf,116,3,42.3,81.0,143.0,95.6,956,77.38,140.0,10.162,23.475,147,8.83,0.8,"Bounded (75-85% Saturation, Asymmetric)",[],[]
incident_moderate,Fixed-Timing Baseline,fixed,102,3,42.39,97.0,150.0,94.6,946,73.74,114.0,9.654,22.302,114,7.57,0.72,Bounded + Bottleneck Incident,[],[]
directional_moderate,Hybrid Controller (Brute-Force),hybrid_bf,119,3,49.83,99.0,186.0,95.2,952,88.3,137.0,11.594,26.781,148,6.69,0.8,"Bounded (75-85% Saturation, Asymmetric)",[],[]
incident_moderate,Fixed-Timing Baseline,fixed,103,3,40.41,76.0,100.0,95.9,959,71.45,109.0,9.339,21.573,114,9.16,0.72,Bounded + Bottleneck Incident,[],[]
incident_moderate,Fixed-Timing Baseline,fixed,104,3,44.97,163.0,222.0,95.2,952,81.06,132.0,10.542,24.353,114,7.61,0.72,Bounded + Bottleneck Incident,[],[]
incident_moderate,Fixed-Timing Baseline,fixed,105,3,40.62,89.95,139.0,96.3,963,71.9,112.0,9.407,21.73,114,6.27,0.72,Bounded + Bottleneck Incident,[],[]
incident_moderate,Fixed-Timing Baseline,fixed,106,3,42.42,97.0,142.0,92.8,928,72.55,112.0,9.492,21.927,114,7.74,0.72,Bounded + Bottleneck Incident,[],[]
incident_moderate,Fixed-Timing Baseline,fixed,107,3,40.36,76.0,124.0,97.0,970,70.78,103.0,9.265,21.402,114,6.27,0.72,Bounded + Bottleneck Incident,[],[]
incident_moderate,Fixed-Timing Baseline,fixed,108,3,43.7,85.0,111.0,95.5,955,75.39,109.0,9.915,22.904,114,7.47,0.72,Bounded + Bottleneck Incident,[],[]
incident_moderate,Fixed-Timing Baseline,fixed,110,3,42.35,98.0,200.0,96.4,964,74.5,113.0,9.796,22.629,114,7.82,0.72,Bounded + Bottleneck Incident,[],[]
incident_moderate,Fixed-Timing Baseline,fixed,109,3,43.5,91.5,170.0,98.8,988,77.03,113.0,10.198,23.557,114,7.69,0.72,Bounded + Bottleneck Incident,[],[]
incident_moderate,Fixed-Timing Baseline,fixed,112,3,39.38,80.0,113.0,95.0,950,68.67,103.0,8.953,20.682,114,7.58,0.72,Bounded + Bottleneck Incident,[],[]
incident_moderate,Fixed-Timing Baseline,fixed,111,3,44.23,97.8,166.0,97.7,977,80.16,122.0,10.467,24.178,114,8.49,0.72,Bounded + Bottleneck Incident,[],[]
incident_moderate,Fixed-Timing Baseline,fixed,113,3,46.27,127.85,191.0,97.0,970,83.6,125.0,10.941,25.274,114,7.66,0.72,Bounded + Bottleneck Incident,[],[]
incident_moderate,Fixed-Timing Baseline,fixed,114,3,40.04,74.0,109.0,97.1,971,69.36,108.0,9.129,21.087,114,6.95,0.72,Bounded + Bottleneck Incident,[],[]
incident_moderate,Fixed-Timing Baseline,fixed,115,3,41.94,76.0,105.0,97.0,970,74.1,113.0,9.777,22.585,114,8.02,0.72,Bounded + Bottleneck Incident,[],[]
incident_moderate,Fixed-Timing Baseline,fixed,117,3,42.16,105.8,150.0,96.5,965,74.55,117.0,9.79,22.614,114,8.05,0.72,Bounded + Bottleneck Incident,[],[]
incident_moderate,Fixed-Timing Baseline,fixed,116,3,41.06,87.0,122.0,96.3,963,73.09,118.0,9.618,22.218,114,9.31,0.72,Bounded + Bottleneck Incident,[],[]
incident_moderate,Fixed (tuned),fixed,100,3,35.76,74.0,108.0,98.8,988,64.24,93.0,8.471,19.568,102,9.98,0.72,Bounded + Bottleneck Incident,[],[]
incident_moderate,Fixed-Timing Baseline,fixed,118,3,41.94,96.0,138.0,98.7,987,78.25,126.0,10.197,23.554,114,7.55,0.72,Bounded + Bottleneck Incident,[],[]
incident_moderate,Fixed-Timing Baseline,fixed,119,3,50.18,131.0,182.0,97.1,971,91.66,137.0,11.998,27.716,114,7.24,0.72,Bounded + Bottleneck Incident,[],[]
incident_moderate,Fixed (tuned),fixed,102,3,38.71,83.0,135.0,95.5,955,67.67,105.0,8.938,20.648,102,10.51,0.72,Bounded + Bottleneck Incident,[],[]
incident_moderate,Fixed (tuned),fixed,101,3,34.73,66.0,102.0,97.2,972,62.06,102.0,8.197,18.934,102,8.31,0.72,Bounded + Bottleneck Incident,[],[]
incident_moderate,Fixed (tuned),fixed,103,3,35.45,66.0,85.0,98.1,981,63.14,95.0,8.343,19.272,102,8.17,0.72,Bounded + Bottleneck Incident,[],[]
incident_moderate,Fixed (tuned),fixed,105,3,34.92,66.0,98.0,98.1,981,62.54,99.0,8.258,19.075,102,8.31,0.72,Bounded + Bottleneck Incident,[],[]
incident_moderate,Fixed (tuned),fixed,104,3,40.42,121.8,188.0,96.8,968,73.45,121.0,9.675,22.348,102,9.92,0.72,Bounded + Bottleneck Incident,[],[]
incident_moderate,Fixed (tuned),fixed,106,3,37.25,86.15,124.0,94.2,942,63.94,100.0,8.427,19.467,102,8.52,0.72,Bounded + Bottleneck Incident,[],[]
incident_moderate,Fixed (tuned),fixed,108,3,37.38,73.0,100.0,96.2,962,65.52,94.0,8.647,19.975,102,7.97,0.72,Bounded + Bottleneck Incident,[],[]
incident_moderate,Fixed (tuned),fixed,107,3,35.57,66.0,91.0,98.4,984,63.19,97.0,8.34,19.266,102,6.22,0.72,Bounded + Bottleneck Incident,[],[]
incident_moderate,Fixed (tuned),fixed,110,3,37.66,76.0,170.0,98.7,987,66.84,106.0,8.838,20.417,102,9.04,0.72,Bounded + Bottleneck Incident,[],[]
incident_moderate,Fixed (tuned),fixed,111,3,39.2,85.8,155.0,99.7,997,71.42,106.0,9.434,21.793,102,9.7,0.72,Bounded + Bottleneck Incident,[],[]
incident_moderate,Fixed (tuned),fixed,109,3,38.12,82.45,149.0,100.8,1008,68.65,111.0,9.081,20.977,102,9.33,0.72,Bounded + Bottleneck Incident,[],[]
incident_moderate,Fixed (tuned),fixed,112,3,36.09,71.0,106.0,95.5,955,63.49,104.0,8.381,19.359,102,8.92,0.72,Bounded + Bottleneck Incident,[],[]
incident_moderate,Fixed (tuned),fixed,113,3,40.59,113.35,186.0,98.4,984,73.49,114.0,9.688,22.379,102,8.94,0.72,Bounded + Bottleneck Incident,[],[]
incident_moderate,Fixed (tuned),fixed,114,3,34.02,65.0,96.0,97.9,979,59.6,94.0,7.871,18.182,102,8.1,0.72,Bounded + Bottleneck Incident,[],[]
incident_moderate,Fixed (tuned),fixed,115,3,36.87,67.0,89.0,98.9,989,65.73,105.0,8.684,20.06,102,9.18,0.72,Bounded + Bottleneck Incident,[],[]
incident_moderate,Fixed (tuned),fixed,116,3,37.1,73.0,108.0,97.8,978,66.48,112.0,8.756,20.227,102,7.97,0.72,Bounded + Bottleneck Incident,[],[]
incident_moderate,Fixed (tuned),fixed,117,3,37.17,83.6,135.0,98.4,984,66.04,104.0,8.73,20.167,102,9.4,0.72,Bounded + Bottleneck Incident,[],[]
incident_moderate,Fixed (tuned),fixed,118,3,38.78,85.0,130.0,99.9,999,72.64,118.0,9.558,22.078,102,10.35,0.72,Bounded + Bottleneck Incident,[],[]
incident_moderate,Rule-Based (tuned),rule_based,101,3,30.42,57.0,79.0,97.3,973,54.4,80.0,7.097,16.394,228,3.63,0.72,Bounded + Bottleneck Incident,[],[]
incident_moderate,Fixed (tuned),fixed,119,3,43.85,116.0,163.0,99.8,998,80.36,127.0,10.603,24.493,102,8.29,0.72,Bounded + Bottleneck Incident,[],[]
incident_moderate,Rule-Based (tuned),rule_based,100,3,35.0,70.95,100.0,98.5,985,62.88,88.0,8.261,19.083,226,4.18,0.72,Bounded + Bottleneck Incident,[],[]
incident_moderate,Rule-Based (tuned),rule_based,102,3,33.73,84.0,112.0,95.2,952,58.85,99.0,7.713,17.817,222,3.94,0.72,Bounded + Bottleneck Incident,[],[]
incident_moderate,Rule-Based (tuned),rule_based,103,3,34.0,72.0,89.0,95.8,958,60.77,91.0,7.881,18.205,227,4.09,0.72,Bounded + Bottleneck Incident,[],[]
incident_moderate,Rule-Based (tuned),rule_based,106,3,32.83,77.0,110.0,93.9,939,56.47,84.0,7.406,17.107,221,3.98,0.72,Bounded + Bottleneck Incident,[],[]
incident_moderate,Rule-Based (tuned),rule_based,105,3,31.24,72.0,100.0,98.1,981,55.69,84.0,7.261,16.774,220,4.43,0.72,Bounded + Bottleneck Incident,[],[]
incident_moderate,Rule-Based (tuned),rule_based,104,3,42.4,138.9,193.0,94.7,947,76.97,128.0,10.13,23.4,216,4.88,0.72,Bounded + Bottleneck Incident,[],[]
incident_moderate,Rule-Based (tuned),rule_based,108,3,36.6,74.0,122.0,95.9,959,64.0,94.0,8.378,19.354,224,4.65,0.72,Bounded + Bottleneck Incident,[],[]
incident_moderate,Rule-Based (tuned),rule_based,107,3,30.27,56.0,97.0,98.8,988,53.57,79.0,6.997,16.163,224,4.25,0.72,Bounded + Bottleneck Incident,[],[]
incident_moderate,Rule-Based (tuned),rule_based,112,3,32.11,58.0,100.0,95.0,950,56.42,87.0,7.365,17.012,230,4.13,0.72,Bounded + Bottleneck Incident,[],[]
incident_moderate,Rule-Based (tuned),rule_based,109,3,36.43,77.6,120.0,100.1,1001,65.02,92.0,8.557,19.767,225,4.86,0.72,Bounded + Bottleneck Incident,[],[]
incident_moderate,Rule-Based (tuned),rule_based,110,3,36.75,90.0,174.0,97.3,973,65.18,93.0,8.576,19.81,224,4.59,0.72,Bounded + Bottleneck Incident,[],[]
incident_moderate,Rule-Based (tuned),rule_based,111,3,39.07,93.0,125.0,98.7,987,71.17,104.0,9.332,21.558,223,4.4,0.72,Bounded + Bottleneck Incident,[],[]
incident_moderate,Rule-Based (tuned),rule_based,113,3,38.64,103.4,155.0,97.6,976,70.0,108.0,9.161,21.162,224,3.74,0.72,Bounded + Bottleneck Incident,[],[]
incident_moderate,Rule-Based (tuned),rule_based,115,3,33.31,73.0,104.0,98.0,980,59.29,92.0,7.766,17.938,225,4.28,0.72,Bounded + Bottleneck Incident,[],[]
incident_moderate,Rule-Based (tuned),rule_based,114,3,32.54,62.0,95.0,97.9,979,56.46,85.0,7.426,17.154,227,3.14,0.72,Bounded + Bottleneck Incident,[],[]
incident_moderate,Rule-Based (tuned),rule_based,116,3,30.97,62.0,88.0,97.2,972,55.55,91.0,7.28,16.818,225,4.36,0.72,Bounded + Bottleneck Incident,[],[]
incident_moderate,Rule-Based (tuned),rule_based,117,3,34.89,96.0,148.0,96.9,969,62.13,99.0,8.173,18.879,223,4.13,0.72,Bounded + Bottleneck Incident,[],[]
incident_moderate,Rule-Based (tuned),rule_based,119,3,48.47,151.55,201.0,97.2,972,89.48,136.0,11.675,26.969,212,4.13,0.72,Bounded + Bottleneck Incident,[],[]
incident_moderate,Rule-Based (tuned),rule_based,118,3,36.37,74.8,123.0,99.3,993,68.15,119.0,8.93,20.628,224,4.75,0.72,Bounded + Bottleneck Incident,[],[]
incident_moderate,Max-Pressure (tuned),max_pressure,101,3,28.63,61.0,97.0,97.9,979,51.16,84.0,6.674,15.417,251,4.18,0.72,Bounded + Bottleneck Incident,[],[]
incident_moderate,Max-Pressure (tuned),max_pressure,100,3,35.28,74.0,119.0,98.3,983,63.29,92.0,8.351,19.29,259,4.55,0.72,Bounded + Bottleneck Incident,[],[]
incident_moderate,Max-Pressure (tuned),max_pressure,102,3,37.05,90.0,136.0,93.5,935,64.78,101.0,8.465,19.553,244,4.82,0.72,Bounded + Bottleneck Incident,[],[]
incident_moderate,Max-Pressure (tuned),max_pressure,103,3,33.09,75.0,93.0,96.2,962,59.07,89.0,7.729,17.853,247,3.97,0.72,Bounded + Bottleneck Incident,[],[]
incident_moderate,Max-Pressure (tuned),max_pressure,106,3,32.59,84.0,122.0,94.8,948,56.43,87.0,7.381,17.049,246,4.92,0.72,Bounded + Bottleneck Incident,[],[]
incident_moderate,Max-Pressure (tuned),max_pressure,104,3,41.26,126.9,202.0,94.1,941,75.55,133.0,9.83,22.708,244,3.8,0.72,Bounded + Bottleneck Incident,[],[]
incident_moderate,Max-Pressure (tuned),max_pressure,107,3,33.43,82.75,132.0,97.5,975,59.33,84.0,7.77,17.949,247,4.31,0.72,Bounded + Bottleneck Incident,[],[]
incident_moderate,Max-Pressure (tuned),max_pressure,105,3,34.18,80.0,119.0,97.1,971,61.09,89.0,7.96,18.387,250,3.37,0.72,Bounded + Bottleneck Incident,[],[]
incident_moderate,Max-Pressure (tuned),max_pressure,108,3,37.75,91.2,143.0,95.7,957,65.95,93.0,8.632,19.941,244,4.16,0.72,Bounded + Bottleneck Incident,[],[]
incident_moderate,Max-Pressure (tuned),max_pressure,109,3,34.74,93.0,151.0,99.8,998,62.45,89.0,8.191,18.921,243,4.17,0.72,Bounded + Bottleneck Incident,[],[]
incident_moderate,Max-Pressure (tuned),max_pressure,110,3,35.34,95.0,170.0,98.2,982,62.65,91.0,8.27,19.105,259,3.52,0.72,Bounded + Bottleneck Incident,[],[]
incident_moderate,Max-Pressure (tuned),max_pressure,111,3,37.82,108.0,146.0,98.1,981,68.78,101.0,9.026,20.85,246,4.31,0.72,Bounded + Bottleneck Incident,[],[]
incident_moderate,Max-Pressure (tuned),max_pressure,112,3,29.92,61.0,90.0,95.3,953,52.71,90.0,6.815,15.742,246,3.8,0.72,Bounded + Bottleneck Incident,[],[]
incident_moderate,Max-Pressure (tuned),max_pressure,114,3,30.63,73.0,106.0,97.3,973,53.5,85.0,7.005,16.181,251,3.94,0.72,Bounded + Bottleneck Incident,[],[]
incident_moderate,Max-Pressure (tuned),max_pressure,113,3,39.19,104.0,148.0,97.9,979,70.83,108.0,9.346,21.588,248,3.86,0.72,Bounded + Bottleneck Incident,[],[]
incident_moderate,Max-Pressure (tuned),max_pressure,115,3,33.03,77.0,112.0,97.3,973,59.22,93.0,7.745,17.89,250,3.6,0.72,Bounded + Bottleneck Incident,[],[]
incident_moderate,Max-Pressure (tuned),max_pressure,116,3,31.59,69.4,109.0,97.4,974,56.81,92.0,7.393,17.077,251,4.07,0.72,Bounded + Bottleneck Incident,[],[]
incident_moderate,Max-Pressure (tuned),max_pressure,117,3,35.18,95.0,150.0,96.7,967,62.61,94.0,8.217,18.982,239,4.12,0.72,Bounded + Bottleneck Incident,[],[]
incident_moderate,Max-Pressure (tuned),max_pressure,118,3,35.31,76.0,117.0,98.6,986,66.72,116.0,8.647,19.975,252,4.58,0.72,Bounded + Bottleneck Incident,[],[]
incident_moderate,Max-Pressure (tuned),max_pressure,119,3,41.87,125.9,185.0,98.6,986,76.88,111.0,10.077,23.278,239,3.81,0.72,Bounded + Bottleneck Incident,[],[]
incident_moderate,Hybrid (uncoupled),hybrid_bf,100,3,47.25,104.0,163.0,95.1,951,84.91,119.0,11.058,25.543,118,7.19,0.72,Bounded + Bottleneck Incident,[],[]
incident_moderate,Hybrid (uncoupled),hybrid_bf,101,3,49.09,101.0,169.0,94.5,945,87.3,138.0,11.388,26.306,131,5.96,0.72,Bounded + Bottleneck Incident,[],[]
incident_moderate,Hybrid (uncoupled),hybrid_bf,102,3,48.98,117.0,154.0,93.2,932,85.36,139.0,11.135,25.722,135,8.17,0.72,Bounded + Bottleneck Incident,[],[]
incident_moderate,Hybrid (uncoupled),hybrid_bf,105,3,49.02,113.0,185.0,93.1,931,86.8,127.0,11.341,26.198,123,6.52,0.72,Bounded + Bottleneck Incident,[],[]
incident_moderate,Hybrid (uncoupled),hybrid_bf,104,3,61.72,197.0,250.0,91.7,917,111.35,162.0,14.606,33.74,123,7.55,0.72,Bounded + Bottleneck Incident,[],[]
incident_moderate,Hybrid (uncoupled),hybrid_bf,106,3,51.97,119.0,152.0,91.7,917,89.13,150.0,11.595,26.785,133,6.53,0.72,Bounded + Bottleneck Incident,[],[]
incident_moderate,Hybrid (uncoupled),hybrid_bf,103,3,45.67,101.55,170.0,94.1,941,80.89,126.0,10.657,24.618,119,5.85,0.72,Bounded + Bottleneck Incident,[],[]
incident_moderate,Hybrid (uncoupled),hybrid_bf,107,3,43.78,81.0,142.0,96.3,963,77.02,124.0,10.225,23.619,115,5.72,0.72,Bounded + Bottleneck Incident,[],[]
incident_moderate,Hybrid (uncoupled),hybrid_bf,108,3,48.8,100.0,154.0,93.6,936,84.74,128.0,11.192,25.855,118,6.93,0.72,Bounded + Bottleneck Incident,[],[]
incident_moderate,Hybrid (uncoupled),hybrid_bf,109,3,44.84,87.45,178.0,99.3,993,79.82,109.0,10.484,24.217,131,7.25,0.72,Bounded + Bottleneck Incident,[],[]
incident_moderate,Hybrid (uncoupled),hybrid_bf,110,3,53.96,138.6,257.0,93.3,933,95.25,136.0,12.434,28.723,123,7.82,0.72,Bounded + Bottleneck Incident,[],[]
incident_moderate,Hybrid (uncoupled),hybrid_bf,112,3,46.32,99.65,156.0,93.5,935,80.54,118.0,10.603,24.493,120,5.75,0.72,Bounded + Bottleneck Incident,[],[]
incident_moderate,Hybrid (uncoupled),hybrid_bf,111,3,57.1,136.0,200.0,95.5,955,104.24,154.0,13.566,31.336,127,7.9,0.72,Bounded + Bottleneck Incident,[],[]
incident_moderate,Hybrid (uncoupled),hybrid_bf,114,3,43.43,89.0,142.0,95.5,955,75.52,117.0,9.855,22.765,129,7.13,0.72,Bounded + Bottleneck Incident,[],[]
incident_moderate,Hybrid (uncoupled),hybrid_bf,117,3,53.74,135.0,205.0,92.4,924,95.92,145.0,12.444,28.746,128,6.66,0.72,Bounded + Bottleneck Incident,[],[]
incident_moderate,Hybrid (uncoupled),hybrid_bf,113,3,51.2,147.6,222.0,95.8,958,92.42,149.0,12.163,28.097,126,7.21,0.72,Bounded + Bottleneck Incident,[],[]
incident_moderate,Hybrid (uncoupled),hybrid_bf,115,3,44.67,81.0,128.0,96.5,965,79.23,121.0,10.453,24.146,125,6.66,0.72,Bounded + Bottleneck Incident,[],[]
incident_moderate,Hybrid (uncoupled),hybrid_bf,118,3,48.55,98.0,138.0,98.0,980,89.97,139.0,11.879,27.441,125,8.09,0.72,Bounded + Bottleneck Incident,[],[]
incident_moderate,Hybrid (uncoupled),hybrid_bf,116,3,56.18,140.2,195.0,92.5,925,100.16,167.0,13.196,30.482,119,6.92,0.72,Bounded + Bottleneck Incident,[],[]
incident_moderate,Hybrid (uncoupled),hybrid_bf,119,3,57.53,159.85,233.0,95.2,952,105.57,169.0,13.859,32.015,121,7.68,0.72,Bounded + Bottleneck Incident,[],[]
incident_moderate,Hybrid Controller (Brute-Force),hybrid_bf,101,3,40.5,75.65,122.0,96.0,960,71.7,108.0,9.432,21.787,144,6.58,0.72,Bounded + Bottleneck Incident,[],[]
incident_moderate,Hybrid Controller (Brute-Force),hybrid_bf,100,3,43.32,80.0,106.0,96.1,961,77.57,109.0,10.242,23.66,164,6.54,0.72,Bounded + Bottleneck Incident,[],[]
incident_moderate,Hybrid Controller (Brute-Force),hybrid_bf,102,3,44.38,96.0,121.0,93.5,935,77.52,120.0,10.178,23.51,180,5.99,0.72,Bounded + Bottleneck Incident,[],[]
incident_moderate,Hybrid Controller (Brute-Force),hybrid_bf,104,3,54.6,135.0,184.0,91.8,918,98.43,153.0,12.923,29.851,156,6.76,0.72,Bounded + Bottleneck Incident,[],[]
incident_moderate,Hybrid Controller (Brute-Force),hybrid_bf,103,3,42.29,87.0,121.0,94.2,942,74.97,120.0,9.811,22.663,128,5.37,0.72,Bounded + Bottleneck Incident,[],[]
incident_moderate,Hybrid Controller (Brute-Force),hybrid_bf,105,3,36.97,71.0,90.0,97.7,977,66.06,92.0,8.586,19.834,143,6.1,0.72,Bounded + Bottleneck Incident,[],[]
incident_moderate,Hybrid Controller (Brute-Force),hybrid_bf,106,3,47.1,102.0,135.0,92.2,922,79.97,127.0,10.571,24.419,143,6.92,0.72,Bounded + Bottleneck Incident,[],[]
incident_moderate,Hybrid Controller (Brute-Force),hybrid_bf,107,3,38.88,78.0,118.0,95.4,954,68.45,109.0,8.976,20.736,128,6.87,0.72,Bounded + Bottleneck Incident,[],[]
incident_moderate,Hybrid Controller (Brute-Force),hybrid_bf,108,3,41.1,80.0,119.0,95.8,958,71.48,108.0,9.462,21.857,118,8.59,0.72,Bounded + Bottleneck Incident,[],[]
incident_moderate,Hybrid Controller (Brute-Force),hybrid_bf,110,3,42.23,86.8,180.0,97.3,973,74.43,111.0,9.806,22.651,124,7.32,0.72,Bounded + Bottleneck Incident,[],[]
incident_moderate,Hybrid Controller (Brute-Force),hybrid_bf,111,3,50.69,103.0,166.0,98.4,984,92.08,139.0,12.142,28.049,156,5.3,0.72,Bounded + Bottleneck Incident,[],[]
incident_moderate,Hybrid Controller (Brute-Force),hybrid_bf,109,3,46.88,82.0,146.0,98.3,983,83.61,121.0,11.033,25.486,166,6.58,0.72,Bounded + Bottleneck Incident,[],[]
incident_moderate,Hybrid Controller (Brute-Force),hybrid_bf,112,3,37.7,70.0,97.0,92.7,927,65.87,113.0,8.571,19.799,125,7.07,0.72,Bounded + Bottleneck Incident,[],[]
incident_moderate,Hybrid Controller (Brute-Force),hybrid_bf,113,3,46.06,89.0,155.0,96.2,962,82.99,129.0,10.819,24.993,152,6.61,0.72,Bounded + Bottleneck Incident,[],[]
incident_moderate,Hybrid Controller (Brute-Force),hybrid_bf,114,3,44.62,91.0,131.0,95.5,955,77.19,122.0,10.174,23.502,142,5.24,0.72,Bounded + Bottleneck Incident,[],[]
incident_moderate,Hybrid Controller (Brute-Force),hybrid_bf,115,3,42.56,84.0,127.0,97.2,972,75.86,120.0,9.912,22.898,134,6.89,0.72,Bounded + Bottleneck Incident,[],[]
incident_moderate,Hybrid Controller (Brute-Force),hybrid_bf,116,3,41.53,76.0,105.0,95.4,954,74.06,115.0,9.746,22.514,130,7.2,0.72,Bounded + Bottleneck Incident,[],[]
shifting_demand,Fixed-Timing Baseline,fixed,101,3,64.2,133.2,186.0,95.1,951,126.38,226.0,16.791,38.786,114,7.64,0.8,Bounded (Dynamic Split Swap),[],[]
shifting_demand,Fixed-Timing Baseline,fixed,100,3,75.13,162.0,235.0,96.0,960,151.34,238.0,20.0,46.2,114,6.96,0.8,Bounded (Dynamic Split Swap),[],[]
incident_moderate,Hybrid Controller (Brute-Force),hybrid_bf,117,3,46.76,95.55,143.0,96.5,965,82.56,122.0,10.912,25.206,165,5.98,0.72,Bounded + Bottleneck Incident,[],[]
shifting_demand,Fixed-Timing Baseline,fixed,102,3,65.71,141.55,199.0,96.3,963,128.48,207.0,17.085,39.466,114,7.57,0.8,Bounded (Dynamic Split Swap),[],[]
incident_moderate,Hybrid Controller (Brute-Force),hybrid_bf,118,3,45.62,81.0,110.0,98.0,980,84.58,133.0,11.172,25.808,142,6.02,0.72,Bounded + Bottleneck Incident,[],[]
incident_moderate,Hybrid Controller (Brute-Force),hybrid_bf,119,3,57.41,159.5,213.0,94.6,946,105.91,163.0,13.664,31.563,182,5.2,0.72,Bounded + Bottleneck Incident,[],[]
shifting_demand,Fixed-Timing Baseline,fixed,104,3,69.32,158.85,216.0,95.3,953,137.3,231.0,18.238,42.129,114,7.61,0.8,Bounded (Dynamic Split Swap),[],[]
shifting_demand,Fixed-Timing Baseline,fixed,103,3,66.32,146.0,200.0,94.0,940,127.3,208.0,16.918,39.081,114,9.16,0.8,Bounded (Dynamic Split Swap),[],[]
shifting_demand,Fixed-Timing Baseline,fixed,105,3,76.84,180.0,241.0,98.3,983,157.8,239.0,20.748,47.927,114,6.27,0.8,Bounded (Dynamic Split Swap),[],[]
shifting_demand,Fixed-Timing Baseline,fixed,106,3,67.61,135.0,158.0,93.5,935,130.52,222.0,17.382,40.152,114,7.74,0.8,Bounded (Dynamic Split Swap),[],[]
shifting_demand,Fixed-Timing Baseline,fixed,107,3,68.38,139.0,184.0,96.1,961,135.34,224.0,18.006,41.593,114,6.27,0.8,Bounded (Dynamic Split Swap),[],[]
shifting_demand,Fixed-Timing Baseline,fixed,108,3,71.39,166.7,269.0,96.1,961,141.04,209.0,18.514,42.768,114,7.47,0.8,Bounded (Dynamic Split Swap),[],[]
shifting_demand,Fixed-Timing Baseline,fixed,109,3,72.63,169.0,230.0,97.9,979,142.68,210.0,18.948,43.769,114,7.69,0.8,Bounded (Dynamic Split Swap),[],[]
shifting_demand,Fixed-Timing Baseline,fixed,110,3,71.18,166.0,218.0,95.3,953,139.63,223.0,18.601,42.968,114,7.82,0.8,Bounded (Dynamic Split Swap),[],[]
shifting_demand,Fixed-Timing Baseline,fixed,111,3,74.75,172.0,228.0,94.8,948,147.99,229.0,19.551,45.163,114,8.49,0.8,Bounded (Dynamic Split Swap),[],[]
shifting_demand,Fixed-Timing Baseline,fixed,112,3,70.3,160.9,211.0,93.0,930,139.12,235.0,18.168,41.968,114,7.58,0.8,Bounded (Dynamic Split Swap),[],[]
shifting_demand,Fixed-Timing Baseline,fixed,113,3,66.22,139.25,193.0,96.3,963,132.2,233.0,17.599,40.653,114,7.66,0.8,Bounded (Dynamic Split Swap),[],[]
shifting_demand,Fixed-Timing Baseline,fixed,115,3,76.21,168.0,229.0,95.0,950,151.71,236.0,20.018,46.241,114,8.02,0.8,Bounded (Dynamic Split Swap),[],[]
shifting_demand,Fixed-Timing Baseline,fixed,114,3,68.27,151.0,184.0,95.9,959,132.79,201.0,17.597,40.65,114,6.95,0.8,Bounded (Dynamic Split Swap),[],[]
shifting_demand,Fixed-Timing Baseline,fixed,117,3,75.58,163.0,211.0,97.3,973,152.91,238.0,20.323,46.946,114,8.05,0.8,Bounded (Dynamic Split Swap),[],[]
shifting_demand,Fixed-Timing Baseline,fixed,118,3,76.64,172.0,216.0,96.3,963,156.39,249.0,20.641,47.68,114,7.55,0.8,Bounded (Dynamic Split Swap),[],[]
shifting_demand,Fixed-Timing Baseline,fixed,119,3,67.63,141.0,217.0,96.4,964,136.97,242.0,18.126,41.87,114,7.24,0.8,Bounded (Dynamic Split Swap),[],[]
shifting_demand,Fixed (tuned),fixed,100,3,61.77,124.0,143.0,96.8,968,126.67,262.0,16.458,38.017,90,8.43,0.8,Bounded (Dynamic Split Swap),[],[]
shifting_demand,Fixed (tuned),fixed,101,3,52.62,104.0,135.0,95.7,957,105.81,241.0,13.693,31.632,90,8.73,0.8,Bounded (Dynamic Split Swap),[],[]
shifting_demand,Fixed (tuned),fixed,102,3,55.45,104.0,152.0,96.6,966,110.45,232.0,14.344,33.135,90,10.99,0.8,Bounded (Dynamic Split Swap),[],[]
shifting_demand,Fixed-Timing Baseline,fixed,116,3,71.81,152.0,204.0,93.4,934,142.18,252.0,18.925,43.717,114,9.31,0.8,Bounded (Dynamic Split Swap),[],[]
shifting_demand,Fixed (tuned),fixed,103,3,54.08,108.95,125.0,94.7,947,105.94,231.0,13.724,31.702,90,10.11,0.8,Bounded (Dynamic Split Swap),[],[]
shifting_demand,Fixed (tuned),fixed,104,3,56.02,113.0,140.0,96.5,965,113.33,254.0,14.702,33.961,90,8.54,0.8,Bounded (Dynamic Split Swap),[],[]
shifting_demand,Fixed (tuned),fixed,106,3,55.49,117.0,142.0,94.4,944,108.83,240.0,14.093,32.556,90,9.02,0.8,Bounded (Dynamic Split Swap),[],[]
shifting_demand,Fixed (tuned),fixed,105,3,60.47,116.1,158.0,100.7,1007,126.02,245.0,16.381,37.84,90,10.6,0.8,Bounded (Dynamic Split Swap),[],[]
shifting_demand,Fixed (tuned),fixed,107,3,58.2,119.0,140.0,95.8,958,117.55,263.0,15.21,35.136,90,10.17,0.8,Bounded (Dynamic Split Swap),[],[]
shifting_demand,Fixed (tuned),fixed,109,3,55.83,114.0,150.0,100.0,1000,111.17,219.0,14.454,33.39,90,9.75,0.8,Bounded (Dynamic Split Swap),[],[]
shifting_demand,Fixed (tuned),fixed,108,3,58.54,134.55,176.0,97.9,979,116.48,228.0,15.142,34.978,90,10.14,0.8,Bounded (Dynamic Split Swap),[],[]
shifting_demand,Fixed (tuned),fixed,111,3,58.75,117.0,152.0,96.7,967,118.67,237.0,15.406,35.588,90,11.24,0.8,Bounded (Dynamic Split Swap),[],[]
shifting_demand,Fixed (tuned),fixed,114,3,54.02,106.0,128.0,97.4,974,106.73,219.0,13.854,32.002,90,9.45,0.8,Bounded (Dynamic Split Swap),[],[]
shifting_demand,Fixed (tuned),fixed,112,3,57.98,117.0,138.0,95.4,954,115.91,252.0,15.022,34.701,90,10.46,0.8,Bounded (Dynamic Split Swap),[],[]
shifting_demand,Fixed (tuned),fixed,110,3,59.89,122.0,140.0,95.1,951,119.46,248.0,15.49,35.783,90,11.56,0.8,Bounded (Dynamic Split Swap),[],[]
shifting_demand,Fixed (tuned),fixed,113,3,55.22,112.0,146.0,96.7,967,112.5,248.0,14.566,33.647,90,10.05,0.8,Bounded (Dynamic Split Swap),[],[]
shifting_demand,Fixed (tuned),fixed,116,3,59.17,120.0,170.0,94.5,945,119.12,266.0,15.438,35.661,90,10.87,0.8,Bounded (Dynamic Split Swap),[],[]
shifting_demand,Fixed (tuned),fixed,115,3,62.43,134.0,161.0,96.4,964,126.22,255.0,16.385,37.849,90,9.61,0.8,Bounded (Dynamic Split Swap),[],[]
shifting_demand,Fixed (tuned),fixed,118,3,61.8,118.0,148.0,98.1,981,127.75,262.0,16.605,38.357,90,10.55,0.8,Bounded (Dynamic Split Swap),[],[]
shifting_demand,Fixed (tuned),fixed,117,3,61.07,125.0,145.0,98.0,980,125.77,260.0,16.313,37.683,90,10.46,0.8,Bounded (Dynamic Split Swap),[],[]
shifting_demand,Fixed (tuned),fixed,119,3,58.44,114.1,149.0,97.1,971,119.97,264.0,15.57,35.967,90,9.72,0.8,Bounded (Dynamic Split Swap),[],[]
shifting_demand,Rule-Based (tuned),rule_based,100,3,39.54,84.0,213.0,108.1,1081,79.69,117.0,10.509,24.275,149,7.72,0.8,Bounded (Dynamic Split Swap),[],[]
shifting_demand,Rule-Based (tuned),rule_based,101,3,40.16,85.0,155.0,106.3,1063,79.23,109.0,10.459,24.16,159,8.24,0.8,Bounded (Dynamic Split Swap),[],[]
shifting_demand,Rule-Based (tuned),rule_based,102,3,41.87,90.6,150.0,105.1,1051,82.27,137.0,10.876,25.124,148,7.32,0.8,Bounded (Dynamic Split Swap),[],[]
shifting_demand,Rule-Based (tuned),rule_based,104,3,36.69,87.15,175.0,107.9,1079,73.4,105.0,9.604,22.184,145,9.7,0.8,Bounded (Dynamic Split Swap),[],[]
shifting_demand,Rule-Based (tuned),rule_based,103,3,35.3,84.0,122.0,105.5,1055,68.0,94.0,8.951,20.676,153,7.87,0.8,Bounded (Dynamic Split Swap),[],[]
shifting_demand,Rule-Based (tuned),rule_based,105,3,43.84,102.0,160.0,111.0,1110,90.23,139.0,11.799,27.256,152,7.09,0.8,Bounded (Dynamic Split Swap),[],[]
shifting_demand,Rule-Based (tuned),rule_based,106,3,36.03,81.95,167.0,106.2,1062,69.57,99.0,9.144,21.124,149,6.53,0.8,Bounded (Dynamic Split Swap),[],[]
shifting_demand,Rule-Based (tuned),rule_based,107,3,38.11,94.0,152.0,109.2,1092,75.53,127.0,9.951,22.987,152,6.65,0.8,Bounded (Dynamic Split Swap),[],[]
shifting_demand,Rule-Based (tuned),rule_based,108,3,44.76,111.45,242.0,106.1,1061,87.92,135.0,11.659,26.932,154,6.68,0.8,Bounded (Dynamic Split Swap),[],[]
shifting_demand,Rule-Based (tuned),rule_based,109,3,42.54,87.0,151.0,109.4,1094,83.37,111.0,11.004,25.419,148,8.12,0.8,Bounded (Dynamic Split Swap),[],[]
shifting_demand,Rule-Based (tuned),rule_based,111,3,39.52,92.15,153.0,108.1,1081,78.6,108.0,10.345,23.897,153,9.11,0.8,Bounded (Dynamic Split Swap),[],[]
shifting_demand,Rule-Based (tuned),rule_based,112,3,37.88,92.4,148.0,106.0,1060,75.01,116.0,9.797,22.632,146,7.43,0.8,Bounded (Dynamic Split Swap),[],[]
shifting_demand,Rule-Based (tuned),rule_based,113,3,39.03,83.0,155.0,108.8,1088,77.89,127.0,10.287,23.763,150,7.87,0.8,Bounded (Dynamic Split Swap),[],[]
shifting_demand,Rule-Based (tuned),rule_based,110,3,34.81,72.8,168.0,109.6,1096,68.04,94.0,9.012,20.818,146,7.11,0.8,Bounded (Dynamic Split Swap),[],[]
shifting_demand,Rule-Based (tuned),rule_based,115,3,42.19,98.0,234.0,106.1,1061,84.12,128.0,11.073,25.579,150,7.52,0.8,Bounded (Dynamic Split Swap),[],[]
shifting_demand,Rule-Based (tuned),rule_based,114,3,38.75,80.0,138.0,106.6,1066,75.69,99.0,9.921,22.918,153,5.44,0.8,Bounded (Dynamic Split Swap),[],[]
shifting_demand,Rule-Based (tuned),rule_based,117,3,44.48,103.85,204.0,110.4,1104,90.0,131.0,11.902,27.494,153,7.69,0.8,Bounded (Dynamic Split Swap),[],[]
shifting_demand,Rule-Based (tuned),rule_based,118,3,38.61,85.0,136.0,110.4,1104,78.37,111.0,10.347,23.901,145,7.47,0.8,Bounded (Dynamic Split Swap),[],[]
shifting_demand,Rule-Based (tuned),rule_based,119,3,46.29,107.0,249.0,108.1,1081,93.47,137.0,12.374,28.584,149,7.42,0.8,Bounded (Dynamic Split Swap),[],[]
shifting_demand,Max-Pressure (tuned),max_pressure,100,3,48.19,133.0,263.0,105.2,1052,97.13,147.0,12.798,29.564,186,5.03,0.8,Bounded (Dynamic Split Swap),[],[]
shifting_demand,Rule-Based (tuned),rule_based,116,3,35.82,77.0,152.0,107.6,1076,71.3,111.0,9.32,21.53,143,7.88,0.8,Bounded (Dynamic Split Swap),[],[]
shifting_demand,Max-Pressure (tuned),max_pressure,101,3,40.87,118.55,185.0,104.5,1045,81.44,130.0,10.626,24.545,199,4.79,0.8,Bounded (Dynamic Split Swap),[],[]
shifting_demand,Max-Pressure (tuned),max_pressure,102,3,46.15,129.9,178.0,102.2,1022,91.83,146.0,11.927,27.551,193,5.22,0.8,Bounded (Dynamic Split Swap),[],[]
shifting_demand,Max-Pressure (tuned),max_pressure,103,3,40.53,109.0,182.0,103.3,1033,78.36,117.0,10.25,23.676,195,5.44,0.8,Bounded (Dynamic Split Swap),[],[]
shifting_demand,Max-Pressure (tuned),max_pressure,104,3,42.94,121.0,259.0,107.1,1071,85.51,131.0,11.27,26.034,193,5.82,0.8,Bounded (Dynamic Split Swap),[],[]
shifting_demand,Max-Pressure (tuned),max_pressure,105,3,52.0,145.45,239.0,106.5,1065,108.02,159.0,14.075,32.514,192,6.01,0.8,Bounded (Dynamic Split Swap),[],[]
shifting_demand,Max-Pressure (tuned),max_pressure,106,3,39.92,102.0,181.0,104.9,1049,77.05,112.0,10.131,23.402,199,4.59,0.8,Bounded (Dynamic Split Swap),[],[]
shifting_demand,Max-Pressure (tuned),max_pressure,109,3,46.8,121.0,211.0,106.9,1069,92.05,130.0,12.168,28.108,195,5.03,0.8,Bounded (Dynamic Split Swap),[],[]
shifting_demand,Max-Pressure (tuned),max_pressure,107,3,44.07,137.0,191.0,107.0,1070,87.75,137.0,11.488,26.538,195,5.09,0.8,Bounded (Dynamic Split Swap),[],[]
shifting_demand,Max-Pressure (tuned),max_pressure,108,3,46.78,123.95,291.0,103.4,1034,93.22,134.0,12.08,27.904,193,6.66,0.8,Bounded (Dynamic Split Swap),[],[]
shifting_demand,Max-Pressure (tuned),max_pressure,111,3,47.17,136.25,215.0,104.6,1046,93.77,140.0,12.327,28.475,198,5.71,0.8,Bounded (Dynamic Split Swap),[],[]
shifting_demand,Max-Pressure (tuned),max_pressure,112,3,45.72,126.25,193.0,102.0,1020,90.73,152.0,11.846,27.365,201,4.61,0.8,Bounded (Dynamic Split Swap),[],[]
shifting_demand,Max-Pressure (tuned),max_pressure,110,3,45.58,121.8,216.0,106.3,1063,89.4,121.0,11.78,27.211,198,5.47,0.8,Bounded (Dynamic Split Swap),[],[]
shifting_demand,Max-Pressure (tuned),max_pressure,114,3,42.75,106.0,206.0,104.4,1044,83.64,119.0,10.962,25.322,194,4.49,0.8,Bounded (Dynamic Split Swap),[],[]
shifting_demand,Max-Pressure (tuned),max_pressure,117,3,50.92,154.2,248.0,106.4,1064,103.96,163.0,13.546,31.291,195,4.81,0.8,Bounded (Dynamic Split Swap),[],[]
shifting_demand,Max-Pressure (tuned),max_pressure,119,3,50.04,128.25,295.0,105.6,1056,101.26,155.0,13.3,30.724,195,4.94,0.8,Bounded (Dynamic Split Swap),[],[]
shifting_demand,Max-Pressure (tuned),max_pressure,118,3,48.06,128.0,190.0,107.2,1072,98.19,141.0,12.901,29.801,193,5.85,0.8,Bounded (Dynamic Split Swap),[],[]
shifting_demand,Max-Pressure (tuned),max_pressure,116,3,44.27,121.35,235.0,104.3,1043,87.63,138.0,11.55,26.679,188,5.32,0.8,Bounded (Dynamic Split Swap),[],[]
shifting_demand,Hybrid (uncoupled),hybrid_bf,100,3,47.15,92.0,256.0,107.5,1075,94.9,141.0,12.5,28.876,151,6.19,0.8,Bounded (Dynamic Split Swap),[],[]
shifting_demand,Max-Pressure (tuned),max_pressure,113,3,43.64,121.8,219.0,105.2,1052,87.91,135.0,11.492,26.548,195,5.18,0.8,Bounded (Dynamic Split Swap),[],[]
shifting_demand,Hybrid (uncoupled),hybrid_bf,101,3,41.82,77.9,137.0,105.2,1052,82.4,136.0,10.809,24.97,153,6.37,0.8,Bounded (Dynamic Split Swap),[],[]
shifting_demand,Max-Pressure (tuned),max_pressure,115,3,46.16,124.0,277.0,105.0,1050,92.34,147.0,12.115,27.985,195,4.51,0.8,Bounded (Dynamic Split Swap),[],[]
shifting_demand,Hybrid (uncoupled),hybrid_bf,104,3,47.38,108.0,185.0,106.4,1064,94.5,148.0,12.35,28.529,155,6.05,0.8,Bounded (Dynamic Split Swap),[],[]
shifting_demand,Hybrid (uncoupled),hybrid_bf,103,3,40.51,80.95,129.0,104.5,1045,77.99,119.0,10.281,23.75,156,5.62,0.8,Bounded (Dynamic Split Swap),[],[]
shifting_demand,Hybrid (uncoupled),hybrid_bf,106,3,40.72,85.0,155.0,105.3,1053,77.86,122.0,10.299,23.79,157,6.6,0.8,Bounded (Dynamic Split Swap),[],[]
shifting_demand,Hybrid (uncoupled),hybrid_bf,108,3,53.24,133.0,271.0,103.2,1032,104.19,169.0,13.736,31.73,154,6.79,0.8,Bounded (Dynamic Split Swap),[],[]
shifting_demand,Hybrid (uncoupled),hybrid_bf,105,3,51.54,113.0,185.0,108.0,1080,105.5,160.0,13.836,31.962,153,6.12,0.8,Bounded (Dynamic Split Swap),[],[]
shifting_demand,Hybrid (uncoupled),hybrid_bf,107,3,42.94,90.0,173.0,109.1,1091,84.78,147.0,11.203,25.879,150,5.8,0.8,Bounded (Dynamic Split Swap),[],[]
shifting_demand,Hybrid (uncoupled),hybrid_bf,110,3,37.77,73.0,115.0,107.9,1079,73.74,104.0,9.744,22.509,145,6.17,0.8,Bounded (Dynamic Split Swap),[],[]
shifting_demand,Hybrid (uncoupled),hybrid_bf,102,3,46.18,96.0,139.0,104.0,1040,90.43,140.0,11.903,27.496,158,5.45,0.8,Bounded (Dynamic Split Swap),[],[]
shifting_demand,Hybrid (uncoupled),hybrid_bf,112,3,42.72,82.05,162.0,104.8,1048,84.61,132.0,11.012,25.438,145,6.53,0.8,Bounded (Dynamic Split Swap),[],[]
shifting_demand,Hybrid (uncoupled),hybrid_bf,113,3,41.51,75.8,149.0,108.0,1080,82.38,127.0,10.913,25.21,146,7.51,0.8,Bounded (Dynamic Split Swap),[],[]
shifting_demand,Hybrid (uncoupled),hybrid_bf,109,3,43.41,88.0,136.0,108.6,1086,85.47,115.0,11.199,25.869,149,6.99,0.8,Bounded (Dynamic Split Swap),[],[]
shifting_demand,Hybrid (uncoupled),hybrid_bf,118,3,46.31,102.05,156.0,109.9,1099,94.61,147.0,12.351,28.53,149,5.77,0.8,Bounded (Dynamic Split Swap),[],[]
shifting_demand,Hybrid (uncoupled),hybrid_bf,115,3,43.22,87.9,230.0,105.1,1051,86.84,143.0,11.257,26.004,138,6.13,0.8,Bounded (Dynamic Split Swap),[],[]
shifting_demand,Hybrid (uncoupled),hybrid_bf,117,3,53.74,112.0,217.0,107.8,1078,108.54,167.0,14.308,33.05,143,6.44,0.8,Bounded (Dynamic Split Swap),[],[]
shifting_demand,Hybrid (uncoupled),hybrid_bf,119,3,47.67,100.0,267.0,106.2,1062,96.78,149.0,12.627,29.168,157,5.59,0.8,Bounded (Dynamic Split Swap),[],[]
shifting_demand,Hybrid (uncoupled),hybrid_bf,114,3,46.07,89.35,170.0,103.7,1037,89.87,126.0,11.814,27.29,140,6.71,0.8,Bounded (Dynamic Split Swap),[],[]
shifting_demand,Hybrid (uncoupled),hybrid_bf,111,3,49.24,101.3,191.0,104.5,1045,97.52,147.0,12.857,29.699,145,6.63,0.8,Bounded (Dynamic Split Swap),[],[]
shifting_demand,Hybrid Controller (Brute-Force),hybrid_bf,100,3,42.51,92.0,217.0,108.1,1081,85.52,131.0,11.269,26.032,142,6.39,0.8,Bounded (Dynamic Split Swap),[],[]
shifting_demand,Hybrid Controller (Brute-Force),hybrid_bf,102,3,38.84,90.0,133.0,106.4,1064,76.24,123.0,10.03,23.168,148,6.17,0.8,Bounded (Dynamic Split Swap),[],[]
shifting_demand,Hybrid Controller (Brute-Force),hybrid_bf,101,3,34.8,78.0,114.0,105.8,1058,69.56,115.0,8.956,20.687,154,6.45,0.8,Bounded (Dynamic Split Swap),[],[]
shifting_demand,Hybrid (uncoupled),hybrid_bf,116,3,43.16,85.0,165.0,107.5,1075,85.12,132.0,11.26,26.01,146,6.53,0.8,Bounded (Dynamic Split Swap),[],[]
shifting_demand,Hybrid Controller (Brute-Force),hybrid_bf,103,3,38.64,84.0,130.0,105.5,1055,74.14,123.0,9.771,22.571,154,6.77,0.8,Bounded (Dynamic Split Swap),[],[]
shifting_demand,Hybrid Controller (Brute-Force),hybrid_bf,104,3,38.23,87.55,169.0,107.8,1078,77.48,111.0,9.94,22.962,148,7.99,0.8,Bounded (Dynamic Split Swap),[],[]
shifting_demand,Hybrid Controller (Brute-Force),hybrid_bf,105,3,48.91,119.0,185.0,109.0,1090,101.34,157.0,13.108,30.279,152,6.76,0.8,Bounded (Dynamic Split Swap),[],[]
shifting_demand,Hybrid Controller (Brute-Force),hybrid_bf,106,3,40.79,94.0,152.0,106.3,1063,78.2,114.0,10.378,23.972,149,6.62,0.8,Bounded (Dynamic Split Swap),[],[]
shifting_demand,Hybrid Controller (Brute-Force),hybrid_bf,107,3,39.66,94.35,166.0,109.4,1094,78.39,128.0,10.346,23.899,156,5.31,0.8,Bounded (Dynamic Split Swap),[],[]
shifting_demand,Hybrid Controller (Brute-Force),hybrid_bf,109,3,42.27,93.9,151.0,106.9,1069,82.91,129.0,10.925,25.236,152,6.16,0.8,Bounded (Dynamic Split Swap),[],[]
shifting_demand,Hybrid Controller (Brute-Force),hybrid_bf,110,3,35.89,84.0,130.0,108.8,1088,70.68,107.0,9.348,21.595,142,7.37,0.8,Bounded (Dynamic Split Swap),[],[]
shifting_demand,Hybrid Controller (Brute-Force),hybrid_bf,111,3,42.95,95.3,198.0,107.3,1073,85.11,136.0,11.215,25.907,151,7.41,0.8,Bounded (Dynamic Split Swap),[],[]
shifting_demand,Hybrid Controller (Brute-Force),hybrid_bf,113,3,39.86,87.0,165.0,106.7,1067,79.74,128.0,10.469,24.183,160,6.3,0.8,Bounded (Dynamic Split Swap),[],[]
shifting_demand,Hybrid Controller (Brute-Force),hybrid_bf,108,3,46.81,110.0,267.0,105.6,1056,92.23,142.0,12.119,27.996,153,6.2,0.8,Bounded (Dynamic Split Swap),[],[]
shifting_demand,Hybrid Controller (Brute-Force),hybrid_bf,114,3,36.23,80.45,179.0,105.5,1055,71.03,109.0,9.274,21.424,150,7.35,0.8,Bounded (Dynamic Split Swap),[],[]
shifting_demand,Hybrid Controller (Brute-Force),hybrid_bf,112,3,40.38,87.95,141.0,104.5,1045,79.5,133.0,10.426,24.084,152,7.08,0.8,Bounded (Dynamic Split Swap),[],[]
shifting_demand,Hybrid Controller (Brute-Force),hybrid_bf,115,3,47.11,110.0,245.0,105.0,1050,93.33,151.0,12.301,28.415,132,8.5,0.8,Bounded (Dynamic Split Swap),[],[]
shifting_demand,Hybrid Controller (Brute-Force),hybrid_bf,116,3,35.05,87.6,154.0,108.8,1088,69.05,106.0,9.106,21.036,138,8.39,0.8,Bounded (Dynamic Split Swap),[],[]
surge_moderate,Fixed-Timing Baseline,fixed,100,3,62.89,187.0,236.0,103.3,1033,133.44,228.0,16.63,38.416,114,6.96,0.78,Bounded + Transient Burst,[],[]
shifting_demand,Hybrid Controller (Brute-Force),hybrid_bf,117,3,44.18,103.0,191.0,111.6,1116,88.78,127.0,11.763,27.172,132,6.3,0.8,Bounded (Dynamic Split Swap),[],[]
shifting_demand,Hybrid Controller (Brute-Force),hybrid_bf,118,3,37.82,91.0,139.0,109.3,1093,77.47,120.0,10.092,23.314,138,7.37,0.8,Bounded (Dynamic Split Swap),[],[]
surge_moderate,Fixed-Timing Baseline,fixed,101,3,63.75,188.0,240.0,100.9,1009,134.49,223.0,16.675,38.52,114,7.64,0.78,Bounded + Transient Burst,[],[]
shifting_demand,Hybrid Controller (Brute-Force),hybrid_bf,119,3,47.32,103.15,240.0,107.0,1070,95.39,154.0,12.597,29.099,152,7.03,0.8,Bounded (Dynamic Split Swap),[],[]
surge_moderate,Fixed-Timing Baseline,fixed,103,3,61.72,170.0,212.0,103.1,1031,129.34,227.0,16.199,37.419,114,9.16,0.78,Bounded + Transient Burst,[],[]
surge_moderate,Fixed-Timing Baseline,fixed,102,3,64.88,193.0,220.0,98.3,983,134.1,231.0,16.509,38.136,114,7.57,0.78,Bounded + Transient Burst,[],[]
surge_moderate,Fixed-Timing Baseline,fixed,105,3,61.68,175.0,237.0,102.7,1027,129.82,214.0,16.186,37.391,114,6.27,0.78,Bounded + Transient Burst,[],[]
surge_moderate,Fixed-Timing Baseline,fixed,106,3,61.52,169.0,203.0,100.4,1004,124.98,206.0,15.612,36.063,114,7.74,0.78,Bounded + Transient Burst,[],[]
surge_moderate,Fixed-Timing Baseline,fixed,104,3,64.34,190.0,255.0,102.8,1028,138.34,227.0,17.23,39.801,114,7.61,0.78,Bounded + Transient Burst,[],[]
surge_moderate,Fixed-Timing Baseline,fixed,107,3,66.1,202.0,226.0,103.3,1033,139.3,233.0,17.406,40.207,114,6.27,0.78,Bounded + Transient Burst,[],[]
surge_moderate,Fixed-Timing Baseline,fixed,109,3,62.88,173.8,236.0,105.2,1052,132.09,222.0,16.558,38.248,114,7.69,0.78,Bounded + Transient Burst,[],[]
surge_moderate,Fixed-Timing Baseline,fixed,110,3,60.46,168.4,211.0,104.3,1043,125.19,221.0,15.76,36.407,114,7.82,0.78,Bounded + Transient Burst,[],[]
surge_moderate,Fixed-Timing Baseline,fixed,108,3,65.23,182.0,263.0,100.2,1002,133.04,216.0,16.628,38.41,114,7.47,0.78,Bounded + Transient Burst,[],[]
surge_moderate,Fixed-Timing Baseline,fixed,112,3,62.61,184.3,240.0,100.6,1006,130.51,223.0,16.251,37.541,114,7.58,0.78,Bounded + Transient Burst,[],[]
surge_moderate,Fixed-Timing Baseline,fixed,113,3,61.35,166.0,218.0,104.3,1043,128.47,225.0,16.156,37.32,114,7.66,0.78,Bounded + Transient Burst,[],[]
surge_moderate,Fixed-Timing Baseline,fixed,114,3,63.31,172.0,222.0,102.1,1021,130.46,219.0,16.234,37.502,114,6.95,0.78,Bounded + Transient Burst,[],[]
surge_moderate,Fixed-Timing Baseline,fixed,116,3,60.82,167.0,204.0,101.6,1016,127.0,208.0,15.894,36.716,114,9.31,0.78,Bounded + Transient Burst,[],[]
surge_moderate,Fixed-Timing Baseline,fixed,111,3,65.4,188.6,239.0,102.8,1028,139.21,239.0,17.366,40.116,114,8.49,0.78,Bounded + Transient Burst,[],[]
surge_moderate,Fixed-Timing Baseline,fixed,117,3,61.41,174.0,219.0,103.6,1036,127.67,213.0,15.98,36.914,114,8.05,0.78,Bounded + Transient Burst,[],[]
surge_moderate,Fixed-Timing Baseline,fixed,115,3,68.4,195.2,253.0,102.9,1029,146.26,237.0,18.194,42.029,114,8.02,0.78,Bounded + Transient Burst,[],[]
surge_moderate,Fixed-Timing Baseline,fixed,118,3,62.68,181.0,225.0,104.2,1042,138.15,218.0,17.176,39.676,114,7.55,0.78,Bounded + Transient Burst,[],[]
surge_moderate,Fixed-Timing Baseline,fixed,119,3,66.07,160.0,241.0,104.6,1046,139.49,236.0,17.633,40.731,114,7.24,0.78,Bounded + Transient Burst,[],[]
surge_moderate,Fixed (tuned),fixed,101,3,53.6,133.2,171.0,108.0,1080,108.11,203.0,14.258,32.936,90,8.73,0.78,Bounded + Transient Burst,[],[]
surge_moderate,Fixed (tuned),fixed,102,3,55.84,127.8,143.0,105.3,1053,109.59,201.0,14.456,33.394,90,10.99,0.78,Bounded + Transient Burst,[],[]
surge_moderate,Fixed (tuned),fixed,100,3,53.52,127.0,142.0,110.0,1100,108.81,199.0,14.343,33.132,90,8.43,0.78,Bounded + Transient Burst,[],[]
surge_moderate,Fixed (tuned),fixed,104,3,55.76,133.0,169.0,109.1,1091,115.19,205.0,15.155,35.008,90,8.54,0.78,Bounded + Transient Burst,[],[]
surge_moderate,Fixed (tuned),fixed,103,3,55.16,112.0,150.0,109.6,1096,111.44,208.0,14.733,34.033,90,10.11,0.78,Bounded + Transient Burst,[],[]
surge_moderate,Fixed (tuned),fixed,106,3,54.09,120.2,141.0,105.8,1058,105.54,178.0,13.908,32.127,90,9.02,0.78,Bounded + Transient Burst,[],[]
surge_moderate,Fixed (tuned),fixed,105,3,56.07,131.0,166.0,108.7,1087,113.54,199.0,14.977,34.598,90,10.6,0.78,Bounded + Transient Burst,[],[]
surge_moderate,Fixed (tuned),fixed,108,3,52.19,112.0,151.0,106.8,1068,102.82,188.0,13.546,31.292,90,10.14,0.78,Bounded + Transient Burst,[],[]
surge_moderate,Fixed (tuned),fixed,109,3,53.02,136.0,167.0,111.7,1117,107.63,205.0,14.208,32.821,90,9.75,0.78,Bounded + Transient Burst,[],[]
surge_moderate,Fixed (tuned),fixed,107,3,57.94,138.0,163.0,110.0,1100,117.7,221.0,15.515,35.84,90,10.17,0.78,Bounded + Transient Burst,[],[]
surge_moderate,Fixed (tuned),fixed,110,3,49.87,101.55,143.0,111.2,1112,99.62,200.0,13.188,30.464,90,11.56,0.78,Bounded + Transient Burst,[],[]
surge_moderate,Fixed (tuned),fixed,111,3,55.78,136.0,171.0,109.6,1096,113.92,215.0,15.025,34.707,90,11.24,0.78,Bounded + Transient Burst,[],[]
surge_moderate,Fixed (tuned),fixed,112,3,52.81,131.0,152.0,107.2,1072,105.59,206.0,13.943,32.208,90,10.46,0.78,Bounded + Transient Burst,[],[]
surge_moderate,Fixed (tuned),fixed,113,3,52.11,118.0,155.0,111.0,1110,105.42,213.0,13.918,32.151,90,10.05,0.78,Bounded + Transient Burst,[],[]
surge_moderate,Fixed (tuned),fixed,114,3,54.68,118.2,154.0,108.8,1088,108.21,196.0,14.302,33.037,90,9.45,0.78,Bounded + Transient Burst,[],[]
surge_moderate,Fixed (tuned),fixed,115,3,60.59,144.0,183.0,109.4,1094,124.58,217.0,16.388,37.855,90,9.61,0.78,Bounded + Transient Burst,[],[]
surge_moderate,Fixed (tuned),fixed,118,3,55.1,120.55,156.0,110.7,1107,116.19,194.0,15.305,35.354,90,10.55,0.78,Bounded + Transient Burst,[],[]
surge_moderate,Fixed (tuned),fixed,119,3,58.46,141.0,197.0,110.9,1109,120.25,221.0,15.836,36.581,90,9.72,0.78,Bounded + Transient Burst,[],[]
surge_moderate,Fixed (tuned),fixed,117,3,50.23,107.0,140.0,110.5,1105,100.2,181.0,13.261,30.633,90,10.46,0.78,Bounded + Transient Burst,[],[]
surge_moderate,Rule-Based (tuned),rule_based,100,3,58.71,121.0,167.0,106.5,1065,119.17,205.0,15.682,36.225,143,7.04,0.78,Bounded + Transient Burst,[],[]
surge_moderate,Rule-Based (tuned),rule_based,102,3,58.57,123.0,146.0,102.7,1027,114.5,199.0,15.085,34.847,136,8.03,0.78,Bounded + Transient Burst,[],[]
surge_moderate,Rule-Based (tuned),rule_based,101,3,62.51,132.35,189.0,103.5,1035,125.87,217.0,16.586,38.313,139,7.37,0.78,Bounded + Transient Burst,[],[]
surge_moderate,Fixed (tuned),fixed,116,3,50.51,103.6,136.0,109.0,1090,101.82,184.0,13.414,30.986,90,10.87,0.78,Bounded + Transient Burst,[],[]
surge_moderate,Rule-Based (tuned),rule_based,104,3,60.22,126.65,176.0,106.9,1069,124.1,217.0,16.165,37.341,139,8.65,0.78,Bounded + Transient Burst,[],[]
surge_moderate,Rule-Based (tuned),rule_based,105,3,56.69,117.5,143.0,107.2,1072,113.81,203.0,15.004,34.659,137,7.34,0.78,Bounded + Transient Burst,[],[]
surge_moderate,Rule-Based (tuned),rule_based,106,3,54.93,112.15,162.0,103.7,1037,106.92,180.0,14.136,32.655,147,6.6,0.78,Bounded + Transient Burst,[],[]
surge_moderate,Rule-Based (tuned),rule_based,107,3,63.71,131.15,172.0,105.9,1059,129.57,220.0,16.96,39.177,139,8.19,0.78,Bounded + Transient Burst,[],[]
surge_moderate,Rule-Based (tuned),rule_based,108,3,61.78,135.0,189.0,102.1,1021,121.55,210.0,16.063,37.106,140,7.2,0.78,Bounded + Transient Burst,[],[]
surge_moderate,Rule-Based (tuned),rule_based,109,3,60.3,145.0,185.0,107.6,1076,122.8,207.0,16.066,37.113,141,6.51,0.78,Bounded + Transient Burst,[],[]
surge_moderate,Rule-Based (tuned),rule_based,110,3,55.91,115.7,165.0,107.2,1072,112.13,197.0,14.748,34.067,147,7.41,0.78,Bounded + Transient Burst,[],[]
surge_moderate,Rule-Based (tuned),rule_based,111,3,66.33,140.0,184.0,104.3,1043,135.47,227.0,17.703,40.893,139,7.09,0.78,Bounded + Transient Burst,[],[]
surge_moderate,Rule-Based (tuned),rule_based,103,3,60.45,124.55,158.0,105.8,1058,121.63,220.0,15.985,36.925,141,6.98,0.78,Bounded + Transient Burst,[],[]
surge_moderate,Rule-Based (tuned),rule_based,113,3,56.15,127.0,165.0,108.0,1080,113.5,207.0,14.935,34.501,143,6.4,0.78,Bounded + Transient Burst,[],[]
surge_moderate,Rule-Based (tuned),rule_based,112,3,63.0,134.0,187.0,102.2,1022,125.96,222.0,16.464,38.033,136,8.8,0.78,Bounded + Transient Burst,[],[]
surge_moderate,Rule-Based (tuned),rule_based,114,3,58.01,118.0,157.0,105.4,1054,114.01,199.0,15.031,34.721,145,5.91,0.78,Bounded + Transient Burst,[],[]
surge_moderate,Rule-Based (tuned),rule_based,116,3,55.42,113.0,132.0,105.3,1053,111.13,189.0,14.606,33.74,141,7.72,0.78,Bounded + Transient Burst,[],[]
surge_moderate,Rule-Based (tuned),rule_based,117,3,56.68,115.0,146.0,107.2,1072,112.59,203.0,14.814,34.219,139,6.84,0.78,Bounded + Transient Burst,[],[]
surge_moderate,Rule-Based (tuned),rule_based,115,3,69.76,149.55,215.0,103.5,1035,143.37,233.0,18.757,43.329,137,7.73,0.78,Bounded + Transient Burst,[],[]
surge_moderate,Rule-Based (tuned),rule_based,118,3,61.8,131.0,155.0,105.1,1051,130.83,211.0,17.097,39.494,144,7.32,0.78,Bounded + Transient Burst,[],[]
surge_moderate,Rule-Based (tuned),rule_based,119,3,63.06,146.7,195.0,106.1,1061,129.69,215.0,16.914,39.072,145,7.42,0.78,Bounded + Transient Burst,[],[]
surge_moderate,Max-Pressure (tuned),max_pressure,100,3,58.86,146.0,176.0,104.9,1049,120.54,213.0,15.63,36.106,187,4.52,0.78,Bounded + Transient Burst,[],[]
surge_moderate,Max-Pressure (tuned),max_pressure,102,3,56.96,137.85,168.0,101.8,1018,112.66,200.0,14.734,34.036,187,4.99,0.78,Bounded + Transient Burst,[],[]
surge_moderate,Max-Pressure (tuned),max_pressure,104,3,58.6,138.45,193.0,105.3,1053,122.14,209.0,15.782,36.456,179,5.69,0.78,Bounded + Transient Burst,[],[]
surge_moderate,Max-Pressure (tuned),max_pressure,101,3,58.88,145.0,191.0,104.3,1043,119.44,208.0,15.465,35.724,185,4.47,0.78,Bounded + Transient Burst,[],[]
surge_moderate,Max-Pressure (tuned),max_pressure,105,3,57.07,148.0,182.0,104.0,1040,116.09,198.0,15.141,34.976,181,4.9,0.78,Bounded + Transient Burst,[],[]
surge_moderate,Max-Pressure (tuned),max_pressure,106,3,57.04,142.0,185.0,101.7,1017,112.08,187.0,14.678,33.906,191,5.75,0.78,Bounded + Transient Burst,[],[]
surge_moderate,Max-Pressure (tuned),max_pressure,108,3,62.78,153.75,232.0,99.8,998,124.36,215.0,16.266,37.574,187,4.99,0.78,Bounded + Transient Burst,[],[]
surge_moderate,Max-Pressure (tuned),max_pressure,103,3,62.6,141.0,190.0,102.3,1023,127.49,223.0,16.625,38.403,191,4.37,0.78,Bounded + Transient Burst,[],[]
surge_moderate,Max-Pressure (tuned),max_pressure,107,3,63.07,148.0,189.0,104.9,1049,128.48,222.0,16.804,38.816,185,5.38,0.78,Bounded + Transient Burst,[],[]
surge_moderate,Max-Pressure (tuned),max_pressure,109,3,62.24,161.0,196.0,105.9,1059,126.43,213.0,16.611,38.371,187,5.02,0.78,Bounded + Transient Burst,[],[]
surge_moderate,Max-Pressure (tuned),max_pressure,110,3,55.38,136.0,161.0,106.0,1060,111.2,204.0,14.583,33.687,193,5.35,0.78,Bounded + Transient Burst,[],[]
surge_moderate,Max-Pressure (tuned),max_pressure,111,3,64.91,162.05,200.0,103.9,1039,133.17,228.0,17.308,39.983,183,5.19,0.78,Bounded + Transient Burst,[],[]
surge_moderate,Max-Pressure (tuned),max_pressure,112,3,58.81,144.1,197.0,102.0,1020,118.32,204.0,15.409,35.596,187,5.16,0.78,Bounded + Transient Burst,[],[]
surge_moderate,Max-Pressure (tuned),max_pressure,114,3,59.54,135.6,165.0,103.5,1035,117.98,197.0,15.466,35.726,189,4.01,0.78,Bounded + Transient Burst,[],[]
surge_moderate,Max-Pressure (tuned),max_pressure,115,3,62.66,162.0,220.0,104.4,1044,129.89,217.0,16.806,38.823,184,6.53,0.78,Bounded + Transient Burst,[],[]
surge_moderate,Max-Pressure (tuned),max_pressure,113,3,58.17,146.95,181.0,105.0,1050,118.75,213.0,15.539,35.895,189,4.76,0.78,Bounded + Transient Burst,[],[]
surge_moderate,Max-Pressure (tuned),max_pressure,116,3,58.41,136.0,163.0,102.5,1025,118.78,196.0,15.42,35.62,190,5.25,0.78,Bounded + Transient Burst,[],[]
surge_moderate,Max-Pressure (tuned),max_pressure,118,3,61.82,141.4,169.0,104.5,1045,131.12,213.0,17.131,39.573,185,5.51,0.78,Bounded + Transient Burst,[],[]
surge_moderate,Max-Pressure (tuned),max_pressure,117,3,55.17,135.55,172.0,106.0,1060,110.69,191.0,14.589,33.7,187,3.95,0.78,Bounded + Transient Burst,[],[]
surge_moderate,Max-Pressure (tuned),max_pressure,119,3,62.3,162.0,219.0,105.7,1057,128.96,216.0,16.71,38.601,190,5.9,0.78,Bounded + Transient Burst,[],[]
surge_moderate,Hybrid (uncoupled),hybrid_bf,100,3,69.95,138.0,196.0,104.7,1047,141.62,239.0,18.607,42.981,116,9.43,0.78,Bounded + Transient Burst,[],[]
surge_moderate,Hybrid (uncoupled),hybrid_bf,101,3,67.29,139.0,183.0,105.2,1052,134.96,242.0,17.615,40.69,116,7.82,0.78,Bounded + Transient Burst,[],[]
surge_moderate,Hybrid (uncoupled),hybrid_bf,102,3,67.28,133.0,163.0,101.1,1011,131.26,227.0,17.224,39.787,129,7.78,0.78,Bounded + Transient Burst,[],[]
surge_moderate,Hybrid (uncoupled),hybrid_bf,104,3,68.9,142.0,178.0,103.2,1032,142.33,237.0,18.68,43.15,109,8.35,0.78,Bounded + Transient Burst,[],[]
surge_moderate,Hybrid (uncoupled),hybrid_bf,107,3,72.35,144.0,184.0,103.9,1039,145.55,244.0,19.166,44.272,109,9.8,0.78,Bounded + Transient Burst,[],[]
surge_moderate,Hybrid (uncoupled),hybrid_bf,105,3,64.28,141.0,187.0,104.7,1047,130.51,208.0,16.956,39.169,113,7.09,0.78,Bounded + Transient Burst,[],[]
surge_moderate,Hybrid (uncoupled),hybrid_bf,106,3,69.93,142.0,175.0,99.2,992,136.02,218.0,17.857,41.249,119,6.8,0.78,Bounded + Transient Burst,[],[]
surge_moderate,Hybrid (uncoupled),hybrid_bf,110,3,61.67,124.0,157.0,107.0,1070,122.98,217.0,16.102,37.197,123,7.89,0.78,Bounded + Transient Burst,[],[]
surge_moderate,Hybrid (uncoupled),hybrid_bf,111,3,70.86,143.0,184.0,105.8,1058,144.56,237.0,18.911,43.684,118,7.09,0.78,Bounded + Transient Burst,[],[]
surge_moderate,Hybrid (uncoupled),hybrid_bf,112,3,71.32,143.0,172.0,100.1,1001,142.87,237.0,18.638,43.054,119,8.06,0.78,Bounded + Transient Burst,[],[]
surge_moderate,Hybrid (uncoupled),hybrid_bf,103,3,71.44,134.0,176.0,102.3,1023,143.78,241.0,18.845,43.533,115,6.32,0.78,Bounded + Transient Burst,[],[]
surge_moderate,Hybrid (uncoupled),hybrid_bf,109,3,74.86,150.0,181.0,105.5,1055,151.0,259.0,19.895,45.958,113,8.05,0.78,Bounded + Transient Burst,[],[]
surge_moderate,Hybrid (uncoupled),hybrid_bf,108,3,69.78,138.0,177.0,101.6,1016,136.47,227.0,18.004,41.59,112,7.92,0.78,Bounded + Transient Burst,[],[]
surge_moderate,Hybrid (uncoupled),hybrid_bf,113,3,70.53,146.8,191.0,104.1,1041,142.38,252.0,18.697,43.191,128,7.42,0.78,Bounded + Transient Burst,[],[]
surge_moderate,Hybrid (uncoupled),hybrid_bf,115,3,74.64,159.95,232.0,103.8,1038,152.63,242.0,19.937,46.054,110,7.72,0.78,Bounded + Transient Burst,[],[]
surge_moderate,Hybrid (uncoupled),hybrid_bf,116,3,68.81,127.0,152.0,102.8,1028,137.99,225.0,18.228,42.106,114,8.27,0.78,Bounded + Transient Burst,[],[]
surge_moderate,Hybrid (uncoupled),hybrid_bf,114,3,66.77,132.0,164.0,103.4,1034,130.99,223.0,17.242,39.828,119,6.55,0.78,Bounded + Transient Burst,[],[]
surge_moderate,Hybrid (uncoupled),hybrid_bf,117,3,69.73,134.0,167.0,102.9,1029,139.02,231.0,18.254,42.167,119,7.11,0.78,Bounded + Transient Burst,[],[]
surge_moderate,Hybrid (uncoupled),hybrid_bf,119,3,69.79,152.0,223.0,105.4,1054,142.91,244.0,18.704,43.206,115,7.09,0.78,Bounded + Transient Burst,[],[]
surge_moderate,Hybrid Controller (Brute-Force),hybrid_bf,101,3,66.93,127.0,153.0,103.1,1031,134.04,222.0,17.655,40.784,154,7.38,0.78,Bounded + Transient Burst,[],[]
surge_moderate,Hybrid (uncoupled),hybrid_bf,118,3,71.77,139.0,171.0,104.3,1043,151.24,242.0,19.666,45.428,132,7.85,0.78,Bounded + Transient Burst,[],[]
surge_moderate,Hybrid Controller (Brute-Force),hybrid_bf,104,3,70.06,143.0,172.0,103.1,1031,144.46,241.0,18.917,43.699,138,8.35,0.78,Bounded + Transient Burst,[],[]
surge_moderate,Hybrid Controller (Brute-Force),hybrid_bf,105,3,61.02,127.0,154.0,105.0,1050,123.59,205.0,16.15,37.307,140,5.84,0.78,Bounded + Transient Burst,[],[]
surge_moderate,Hybrid Controller (Brute-Force),hybrid_bf,100,3,66.9,129.55,176.0,103.6,1036,136.37,233.0,17.691,40.865,160,6.82,0.78,Bounded + Transient Burst,[],[]
surge_moderate,Hybrid Controller (Brute-Force),hybrid_bf,106,3,69.29,131.0,203.0,100.3,1003,134.76,213.0,17.738,40.974,154,6.52,0.78,Bounded + Transient Burst,[],[]
surge_moderate,Hybrid Controller (Brute-Force),hybrid_bf,107,3,63.28,128.0,146.0,106.3,1063,128.28,225.0,16.832,38.883,156,5.93,0.78,Bounded + Transient Burst,[],[]
surge_moderate,Hybrid Controller (Brute-Force),hybrid_bf,103,3,60.41,110.5,147.0,103.6,1036,122.3,216.0,15.989,36.934,148,6.65,0.78,Bounded + Transient Burst,[],[]
surge_moderate,Hybrid Controller (Brute-Force),hybrid_bf,102,3,61.23,126.8,164.0,102.7,1027,119.72,216.0,15.579,35.988,136,7.83,0.78,Bounded + Transient Burst,[],[]
surge_moderate,Hybrid Controller (Brute-Force),hybrid_bf,109,3,70.55,140.0,186.0,103.4,1034,144.68,244.0,18.657,43.097,156,6.92,0.78,Bounded + Transient Burst,[],[]
surge_moderate,Hybrid Controller (Brute-Force),hybrid_bf,108,3,67.65,135.2,191.0,100.2,1002,131.9,228.0,17.393,40.178,122,9.36,0.78,Bounded + Transient Burst,[],[]
surge_moderate,Hybrid Controller (Brute-Force),hybrid_bf,110,3,62.86,128.0,173.0,105.0,1050,126.48,223.0,16.525,38.173,152,6.12,0.78,Bounded + Transient Burst,[],[]
surge_moderate,Hybrid Controller (Brute-Force),hybrid_bf,114,3,60.35,117.95,151.0,104.8,1048,118.72,218.0,15.584,35.998,123,6.73,0.78,Bounded + Transient Burst,[],[]
surge_moderate,Hybrid Controller (Brute-Force),hybrid_bf,112,3,66.72,135.35,175.0,100.8,1008,134.15,232.0,17.408,40.212,142,7.44,0.78,Bounded + Transient Burst,[],[]
surge_moderate,Hybrid Controller (Brute-Force),hybrid_bf,113,3,64.84,133.0,179.0,104.5,1045,131.19,242.0,17.234,39.811,150,6.33,0.78,Bounded + Transient Burst,[],[]
surge_moderate,Hybrid Controller (Brute-Force),hybrid_bf,115,3,75.31,174.4,233.0,101.4,1014,154.42,237.0,20.033,46.277,151,6.35,0.78,Bounded + Transient Burst,[],[]
surge_moderate,Hybrid Controller (Brute-Force),hybrid_bf,111,3,77.28,156.8,206.0,102.0,1020,158.53,265.0,20.693,47.802,130,7.13,0.78,Bounded + Transient Burst,[],[]
rush_hour,Fixed-Timing Baseline,fixed,100,3,125.16,307.4,349.0,96.4,964,353.42,635.0,44.307,102.349,114,6.96,1.2,Oversaturated (Arterial Dominance),[],[]
surge_moderate,Hybrid Controller (Brute-Force),hybrid_bf,119,3,73.94,160.0,227.0,102.2,1022,152.09,254.0,19.914,46.001,172,5.97,0.78,Bounded + Transient Burst,[],[]
surge_moderate,Hybrid Controller (Brute-Force),hybrid_bf,118,3,67.63,134.0,168.0,103.7,1037,143.8,230.0,18.606,42.98,142,7.45,0.78,Bounded + Transient Burst,[],[]
surge_moderate,Hybrid Controller (Brute-Force),hybrid_bf,116,3,65.62,143.0,166.0,101.4,1014,132.4,223.0,17.338,40.052,162,7.57,0.78,Bounded + Transient Burst,[],[]
surge_moderate,Hybrid Controller (Brute-Force),hybrid_bf,117,3,62.99,119.0,166.0,106.6,1066,125.89,215.0,16.448,37.995,130,6.57,0.78,Bounded + Transient Burst,[],[]
rush_hour,Fixed-Timing Baseline,fixed,102,3,124.35,307.0,348.0,94.4,944,350.34,656.0,43.966,101.562,114,7.57,1.2,Oversaturated (Arterial Dominance),[],[]
rush_hour,Fixed-Timing Baseline,fixed,104,3,118.46,303.3,328.0,97.5,975,335.83,626.0,41.989,96.994,114,7.61,1.2,Oversaturated (Arterial Dominance),[],[]
rush_hour,Fixed-Timing Baseline,fixed,103,3,116.98,290.0,322.0,98.7,987,325.76,602.0,40.76,94.156,114,9.16,1.2,Oversaturated (Arterial Dominance),[],[]
rush_hour,Fixed-Timing Baseline,fixed,105,3,122.38,295.0,329.0,96.4,964,341.52,636.0,42.807,98.884,114,6.27,1.2,Oversaturated (Arterial Dominance),[],[]
rush_hour,Fixed-Timing Baseline,fixed,101,3,122.24,299.0,328.0,94.5,945,337.09,619.0,42.186,97.45,114,7.64,1.2,Oversaturated (Arterial Dominance),[],[]
rush_hour,Fixed-Timing Baseline,fixed,106,3,118.7,287.0,318.0,95.0,950,323.73,603.0,40.57,93.716,114,7.74,1.2,Oversaturated (Arterial Dominance),[],[]
rush_hour,Fixed-Timing Baseline,fixed,107,3,122.03,301.5,330.0,99.3,993,348.5,638.0,43.686,100.914,114,6.27,1.2,Oversaturated (Arterial Dominance),[],[]
rush_hour,Fixed-Timing Baseline,fixed,108,3,125.89,303.0,340.0,94.2,942,345.32,626.0,43.306,100.037,114,7.47,1.2,Oversaturated (Arterial Dominance),[],[]
rush_hour,Fixed-Timing Baseline,fixed,110,3,119.18,297.0,335.0,96.9,969,329.3,599.0,41.21,95.195,114,7.82,1.2,Oversaturated (Arterial Dominance),[],[]
rush_hour,Fixed-Timing Baseline,fixed,109,3,126.23,307.0,349.0,98.3,983,364.41,667.0,45.724,105.621,114,7.69,1.2,Oversaturated (Arterial Dominance),[],[]
rush_hour,Fixed-Timing Baseline,fixed,112,3,123.62,296.9,338.0,93.9,939,340.15,632.0,42.637,98.491,114,7.58,1.2,Oversaturated (Arterial Dominance),[],[]
rush_hour,Fixed-Timing Baseline,fixed,115,3,123.51,298.0,332.0,96.7,967,343.61,618.0,43.008,99.348,114,8.02,1.2,Oversaturated (Arterial Dominance),[],[]
rush_hour,Fixed-Timing Baseline,fixed,114,3,126.7,306.0,334.0,98.1,981,363.15,650.0,45.554,105.23,114,6.95,1.2,Oversaturated (Arterial Dominance),[],[]
rush_hour,Fixed-Timing Baseline,fixed,113,3,119.2,296.0,326.0,97.9,979,331.73,606.0,41.535,95.946,114,7.66,1.2,Oversaturated (Arterial Dominance),[],[]
rush_hour,Fixed-Timing Baseline,fixed,111,3,121.0,300.0,329.0,97.3,973,338.8,626.0,42.432,98.017,114,8.49,1.2,Oversaturated (Arterial Dominance),[],[]
rush_hour,Fixed-Timing Baseline,fixed,116,3,121.32,293.0,323.0,96.3,963,341.65,628.0,42.841,98.962,114,9.31,1.2,Oversaturated (Arterial Dominance),[],[]
rush_hour,Fixed-Timing Baseline,fixed,117,3,127.8,316.0,350.0,96.5,965,360.0,637.0,45.1,104.18,114,8.05,1.2,Oversaturated (Arterial Dominance),[],[]
rush_hour,Fixed-Timing Baseline,fixed,118,3,123.96,303.55,332.0,96.9,969,357.89,664.0,44.901,103.722,114,7.55,1.2,Oversaturated (Arterial Dominance),[],[]
rush_hour,Fixed (tuned),fixed,100,3,95.45,179.0,221.0,114.4,1144,266.21,457.0,33.788,78.049,90,9.67,1.2,Oversaturated (Arterial Dominance),[],[]
rush_hour,Fixed-Timing Baseline,fixed,119,3,121.07,299.0,350.0,100.6,1006,346.85,622.0,43.531,100.556,114,7.24,1.2,Oversaturated (Arterial Dominance),[],[]
rush_hour,Fixed (tuned),fixed,101,3,87.9,171.0,199.0,113.8,1138,239.66,426.0,30.336,70.077,90,10.53,1.2,Oversaturated (Arterial Dominance),[],[]
rush_hour,Fixed (tuned),fixed,103,3,91.93,163.0,202.0,113.7,1137,251.34,442.0,32.032,73.995,90,11.49,1.2,Oversaturated (Arterial Dominance),[],[]
rush_hour,Fixed (tuned),fixed,102,3,94.6,188.0,231.0,113.2,1132,263.4,466.0,33.446,77.259,90,12.95,1.2,Oversaturated (Arterial Dominance),[],[]
rush_hour,Fixed (tuned),fixed,106,3,88.84,157.0,213.0,112.4,1124,238.69,425.0,30.363,70.139,90,8.22,1.2,Oversaturated (Arterial Dominance),[],[]
rush_hour,Fixed (tuned),fixed,107,3,97.45,176.0,214.0,114.6,1146,273.86,481.0,34.887,80.588,90,10.58,1.2,Oversaturated (Arterial Dominance),[],[]
rush_hour,Fixed (tuned),fixed,104,3,89.06,162.3,186.0,115.2,1152,248.47,446.0,31.566,72.918,90,8.29,1.2,Oversaturated (Arterial Dominance),[],[]
rush_hour,Fixed (tuned),fixed,108,3,93.7,183.65,221.0,112.8,1128,254.33,438.0,32.232,74.455,90,9.81,1.2,Oversaturated (Arterial Dominance),[],[]
rush_hour,Fixed (tuned),fixed,105,3,92.93,172.0,202.0,114.3,1143,255.72,449.0,32.506,75.09,90,10.22,1.2,Oversaturated (Arterial Dominance),[],[]
rush_hour,Fixed (tuned),fixed,111,3,92.47,170.0,195.0,113.7,1137,255.12,453.0,32.427,74.907,90,12.21,1.2,Oversaturated (Arterial Dominance),[],[]
rush_hour,Fixed (tuned),fixed,110,3,89.94,167.0,199.0,114.0,1140,244.53,424.0,31.1,71.84,90,12.82,1.2,Oversaturated (Arterial Dominance),[],[]
rush_hour,Fixed (tuned),fixed,113,3,93.03,171.0,223.0,114.9,1149,254.44,437.0,32.415,74.878,90,11.06,1.2,Oversaturated (Arterial Dominance),[],[]
rush_hour,Fixed (tuned),fixed,112,3,89.74,174.45,227.0,112.9,1129,244.01,443.0,30.951,71.498,90,10.99,1.2,Oversaturated (Arterial Dominance),[],[]
rush_hour,Fixed (tuned),fixed,114,3,100.62,184.0,211.0,115.0,1150,284.48,482.0,36.179,83.573,90,9.5,1.2,Oversaturated (Arterial Dominance),[],[]
rush_hour,Fixed (tuned),fixed,109,3,98.83,185.0,213.0,115.0,1150,281.81,495.0,35.8,82.697,90,11.25,1.2,Oversaturated (Arterial Dominance),[],[]
rush_hour,Fixed (tuned),fixed,115,3,95.1,179.0,222.0,112.1,1121,260.68,455.0,33.114,76.494,90,11.31,1.2,Oversaturated (Arterial Dominance),[],[]
rush_hour,Fixed (tuned),fixed,117,3,98.07,183.0,215.0,113.7,1137,272.28,464.0,34.606,79.94,90,10.65,1.2,Oversaturated (Arterial Dominance),[],[]
rush_hour,Fixed (tuned),fixed,116,3,90.51,160.0,189.0,114.2,1142,251.57,453.0,31.96,73.828,90,11.82,1.2,Oversaturated (Arterial Dominance),[],[]
rush_hour,Fixed (tuned),fixed,118,3,95.85,183.55,212.0,114.1,1141,273.22,494.0,34.72,80.203,90,11.16,1.2,Oversaturated (Arterial Dominance),[],[]
rush_hour,Rule-Based (tuned),rule_based,101,3,109.1,231.9,390.0,100.3,1003,292.37,560.0,37.893,87.533,69,22.12,1.2,Oversaturated (Arterial Dominance),[],[]
rush_hour,Rule-Based (tuned),rule_based,100,3,110.29,238.95,362.0,104.3,1043,300.34,579.0,39.753,91.83,75,21.69,1.2,Oversaturated (Arterial Dominance),[],[]
rush_hour,Rule-Based (tuned),rule_based,102,3,113.23,274.0,380.0,100.4,1004,311.01,597.0,40.286,93.062,68,23.82,1.2,Oversaturated (Arterial Dominance),[],[]
rush_hour,Fixed (tuned),fixed,119,3,99.04,194.0,302.0,114.3,1143,279.46,482.0,35.609,82.257,90,10.67,1.2,Oversaturated (Arterial Dominance),[],[]
rush_hour,Rule-Based (tuned),rule_based,103,3,109.89,250.3,390.0,102.1,1021,296.74,547.0,38.289,88.448,84,11.51,1.2,Oversaturated (Arterial Dominance),[],[]
rush_hour,Rule-Based (tuned),rule_based,106,3,100.65,210.6,347.0,106.4,1064,266.8,485.0,34.648,80.036,81,16.29,1.2,Oversaturated (Arterial Dominance),[],[]
rush_hour,Rule-Based (tuned),rule_based,107,3,109.45,228.0,358.0,108.2,1082,301.92,549.0,39.671,91.641,80,15.69,1.2,Oversaturated (Arterial Dominance),[],[]
rush_hour,Rule-Based (tuned),rule_based,105,3,113.38,249.6,432.0,102.7,1027,306.03,562.0,40.035,92.481,73,15.96,1.2,Oversaturated (Arterial Dominance),[],[]
rush_hour,Rule-Based (tuned),rule_based,104,3,107.76,242.0,347.0,101.7,1017,295.94,584.0,38.34,88.566,79,22.7,1.2,Oversaturated (Arterial Dominance),[],[]
rush_hour,Rule-Based (tuned),rule_based,108,3,108.14,250.0,348.0,105.7,1057,287.73,491.0,37.202,85.936,76,16.82,1.2,Oversaturated (Arterial Dominance),[],[]
rush_hour,Rule-Based (tuned),rule_based,109,3,117.77,308.0,415.0,100.8,1008,332.43,625.0,42.659,98.542,69,25.13,1.2,Oversaturated (Arterial Dominance),[],[]
rush_hour,Rule-Based (tuned),rule_based,111,3,115.11,258.0,417.0,100.7,1007,310.89,601.0,41.131,95.013,72,23.58,1.2,Oversaturated (Arterial Dominance),[],[]
rush_hour,Rule-Based (tuned),rule_based,110,3,105.45,225.65,338.0,105.0,1050,281.83,518.0,36.742,84.874,79,17.68,1.2,Oversaturated (Arterial Dominance),[],[]
rush_hour,Rule-Based (tuned),rule_based,112,3,107.75,213.0,445.0,100.7,1007,289.09,555.0,37.379,86.345,71,22.46,1.2,Oversaturated (Arterial Dominance),[],[]
rush_hour,Rule-Based (tuned),rule_based,113,3,113.0,256.9,384.0,103.7,1037,303.44,545.0,39.726,91.766,79,16.43,1.2,Oversaturated (Arterial Dominance),[],[]
rush_hour,Rule-Based (tuned),rule_based,114,3,122.31,267.0,412.0,102.6,1026,340.18,604.0,44.302,102.338,73,20.43,1.2,Oversaturated (Arterial Dominance),[],[]
rush_hour,Rule-Based (tuned),rule_based,116,3,102.69,213.2,321.0,107.1,1071,280.03,528.0,36.491,84.293,78,16.83,1.2,Oversaturated (Arterial Dominance),[],[]
rush_hour,Rule-Based (tuned),rule_based,115,3,112.5,250.0,382.0,102.6,1026,302.94,549.0,39.375,90.957,79,16.24,1.2,Oversaturated (Arterial Dominance),[],[]
rush_hour,Rule-Based (tuned),rule_based,117,3,123.16,295.0,398.0,97.4,974,336.42,624.0,43.736,101.03,72,18.98,1.2,Oversaturated (Arterial Dominance),[],[]
rush_hour,Rule-Based (tuned),rule_based,118,3,119.5,271.5,466.0,99.9,999,334.0,640.0,43.523,100.538,70,18.12,1.2,Oversaturated (Arterial Dominance),[],[]
rush_hour,Rule-Based (tuned),rule_based,119,3,117.62,278.25,423.0,101.7,1017,327.64,607.0,42.448,98.054,81,17.55,1.2,Oversaturated (Arterial Dominance),[],[]
rush_hour,Max-Pressure (tuned),max_pressure,100,3,109.49,208.9,340.0,103.7,1037,301.56,567.0,39.004,90.099,80,18.82,1.2,Oversaturated (Arterial Dominance),[],[]
rush_hour,Max-Pressure (tuned),max_pressure,101,3,107.58,213.2,320.0,101.5,1015,288.8,538.0,37.127,85.764,78,16.91,1.2,Oversaturated (Arterial Dominance),[],[]
rush_hour,Max-Pressure (tuned),max_pressure,102,3,114.43,243.05,398.0,100.4,1004,313.83,596.0,40.686,93.985,74,25.66,1.2,Oversaturated (Arterial Dominance),[],[]
rush_hour,Max-Pressure (tuned),max_pressure,103,3,109.44,217.95,336.0,103.2,1032,295.84,536.0,38.134,88.09,90,10.56,1.2,Oversaturated (Arterial Dominance),[],[]
rush_hour,Max-Pressure (tuned),max_pressure,104,3,113.18,232.1,358.0,97.2,972,311.06,638.0,40.493,93.539,81,21.02,1.2,Oversaturated (Arterial Dominance),[],[]
rush_hour,Max-Pressure (tuned),max_pressure,106,3,103.16,203.6,347.0,102.8,1028,274.34,521.0,35.509,82.026,83,19.02,1.2,Oversaturated (Arterial Dominance),[],[]
rush_hour,Max-Pressure (tuned),max_pressure,105,3,111.03,222.0,370.0,102.5,1025,300.61,562.0,39.155,90.448,83,16.31,1.2,Oversaturated (Arterial Dominance),[],[]
rush_hour,Max-Pressure (tuned),max_pressure,107,3,113.04,223.5,377.0,102.8,1028,313.81,584.0,40.467,93.479,80,21.19,1.2,Oversaturated (Arterial Dominance),[],[]
rush_hour,Max-Pressure (tuned),max_pressure,108,3,107.87,221.1,306.0,105.3,1053,288.4,497.0,37.155,85.828,83,13.0,1.2,Oversaturated (Arterial Dominance),[],[]
rush_hour,Max-Pressure (tuned),max_pressure,109,3,116.5,242.0,369.0,102.7,1027,327.56,603.0,42.2,97.483,76,18.01,1.2,Oversaturated (Arterial Dominance),[],[]
rush_hour,Max-Pressure (tuned),max_pressure,110,3,107.24,208.0,335.0,102.8,1028,288.18,528.0,37.081,85.658,86,15.91,1.2,Oversaturated (Arterial Dominance),[],[]
rush_hour,Max-Pressure (tuned),max_pressure,111,3,109.78,203.1,326.0,102.0,1020,299.59,559.0,38.52,88.98,82,23.37,1.2,Oversaturated (Arterial Dominance),[],[]
rush_hour,Max-Pressure (tuned),max_pressure,112,3,105.61,200.0,388.0,101.6,1016,283.11,539.0,36.423,84.136,78,15.53,1.2,Oversaturated (Arterial Dominance),[],[]
rush_hour,Max-Pressure (tuned),max_pressure,113,3,110.86,214.0,324.0,104.4,1044,299.04,545.0,39.097,90.314,86,18.56,1.2,Oversaturated (Arterial Dominance),[],[]
rush_hour,Max-Pressure (tuned),max_pressure,114,3,118.95,234.05,379.0,103.1,1031,332.0,589.0,42.823,98.922,75,16.98,1.2,Oversaturated (Arterial Dominance),[],[]
rush_hour,Max-Pressure (tuned),max_pressure,116,3,104.44,203.0,266.0,105.5,1055,285.19,546.0,37.156,85.831,83,15.87,1.2,Oversaturated (Arterial Dominance),[],[]
rush_hour,Max-Pressure (tuned),max_pressure,115,3,109.04,223.0,346.0,103.0,1030,294.88,551.0,38.213,88.272,86,18.92,1.2,Oversaturated (Arterial Dominance),[],[]
rush_hour,Max-Pressure (tuned),max_pressure,117,3,118.93,221.7,323.0,102.7,1027,324.72,582.0,42.472,98.109,78,17.54,1.2,Oversaturated (Arterial Dominance),[],[]
rush_hour,Max-Pressure (tuned),max_pressure,119,3,116.34,264.0,417.0,102.2,1022,325.29,598.0,41.884,96.751,87,16.69,1.2,Oversaturated (Arterial Dominance),[],[]
rush_hour,Max-Pressure (tuned),max_pressure,118,3,114.22,227.85,421.0,102.5,1025,320.1,619.0,41.728,96.391,77,16.26,1.2,Oversaturated (Arterial Dominance),[],[]
rush_hour,Hybrid (uncoupled),hybrid_bf,101,3,110.46,240.0,367.0,99.5,995,296.97,568.0,38.368,88.63,102,12.25,1.2,Oversaturated (Arterial Dominance),[],[]
rush_hour,Hybrid (uncoupled),hybrid_bf,102,3,112.79,261.0,352.0,98.1,981,310.1,610.0,39.879,92.12,100,11.01,1.2,Oversaturated (Arterial Dominance),[],[]
rush_hour,Hybrid (uncoupled),hybrid_bf,100,3,113.92,240.0,358.0,103.1,1031,310.75,587.0,40.96,94.617,106,11.94,1.2,Oversaturated (Arterial Dominance),[],[]
rush_hour,Hybrid (uncoupled),hybrid_bf,103,3,117.41,265.0,398.0,99.2,992,317.03,596.0,41.432,95.708,109,7.99,1.2,Oversaturated (Arterial Dominance),[],[]
rush_hour,Hybrid (uncoupled),hybrid_bf,107,3,114.8,247.0,357.0,102.8,1028,319.86,589.0,41.1,94.94,109,8.37,1.2,Oversaturated (Arterial Dominance),[],[]
rush_hour,Hybrid (uncoupled),hybrid_bf,105,3,114.45,247.35,416.0,99.5,995,310.57,579.0,40.031,92.472,100,9.34,1.2,Oversaturated (Arterial Dominance),[],[]
rush_hour,Hybrid (uncoupled),hybrid_bf,106,3,99.97,208.0,368.0,101.5,1015,266.34,524.0,34.168,78.929,109,8.05,1.2,Oversaturated (Arterial Dominance),[],[]
rush_hour,Hybrid (uncoupled),hybrid_bf,104,3,111.24,232.0,347.0,100.4,1004,305.54,611.0,39.922,92.22,113,11.22,1.2,Oversaturated (Arterial Dominance),[],[]
rush_hour,Hybrid (uncoupled),hybrid_bf,108,3,110.41,248.65,346.0,102.7,1027,297.97,521.0,37.982,87.738,103,8.81,1.2,Oversaturated (Arterial Dominance),[],[]
rush_hour,Hybrid (uncoupled),hybrid_bf,109,3,123.31,284.05,418.0,99.0,990,348.41,654.0,44.941,103.813,101,11.64,1.2,Oversaturated (Arterial Dominance),[],[]
rush_hour,Hybrid (uncoupled),hybrid_bf,110,3,105.26,224.0,338.0,104.6,1046,282.3,520.0,36.629,84.614,112,9.63,1.2,Oversaturated (Arterial Dominance),[],[]
rush_hour,Hybrid (uncoupled),hybrid_bf,111,3,109.62,241.65,344.0,101.4,1014,297.89,574.0,38.684,89.36,109,8.71,1.2,Oversaturated (Arterial Dominance),[],[]
rush_hour,Hybrid (uncoupled),hybrid_bf,113,3,112.66,258.3,332.0,102.0,1020,304.37,552.0,39.255,90.68,114,11.6,1.2,Oversaturated (Arterial Dominance),[],[]
rush_hour,Hybrid (uncoupled),hybrid_bf,114,3,124.63,265.0,404.0,99.0,990,347.54,629.0,44.81,103.511,100,7.95,1.2,Oversaturated (Arterial Dominance),[],[]
rush_hour,Hybrid (uncoupled),hybrid_bf,112,3,105.44,211.45,353.0,101.6,1016,282.56,540.0,36.366,84.006,104,10.76,1.2,Oversaturated (Arterial Dominance),[],[]
rush_hour,Hybrid (uncoupled),hybrid_bf,115,3,110.21,241.0,354.0,102.1,1021,298.4,554.0,38.499,88.933,104,11.38,1.2,Oversaturated (Arterial Dominance),[],[]
rush_hour,Hybrid (uncoupled),hybrid_bf,116,3,106.47,221.0,322.0,103.5,1035,291.16,570.0,37.95,87.666,107,10.36,1.2,Oversaturated (Arterial Dominance),[],[]
rush_hour,Hybrid (uncoupled),hybrid_bf,118,3,116.76,249.1,385.0,99.6,996,331.75,634.0,42.292,97.695,103,10.68,1.2,Oversaturated (Arterial Dominance),[],[]
rush_hour,Hybrid (uncoupled),hybrid_bf,119,3,120.99,263.3,380.0,98.2,982,337.05,646.0,43.771,101.11,117,9.14,1.2,Oversaturated (Arterial Dominance),[],[]
rush_hour,Hybrid (uncoupled),hybrid_bf,117,3,123.79,274.15,372.0,97.1,971,338.59,634.0,43.96,101.547,98,11.27,1.2,Oversaturated (Arterial Dominance),[],[]
rush_hour,Hybrid Controller (Brute-Force),hybrid_bf,100,3,99.95,223.0,319.0,110.4,1104,278.71,507.0,35.606,82.249,108,11.63,1.2,Oversaturated (Arterial Dominance),[],[]
rush_hour,Hybrid Controller (Brute-Force),hybrid_bf,101,3,99.52,236.9,321.0,107.6,1076,268.84,490.0,34.567,79.85,104,10.93,1.2,Oversaturated (Arterial Dominance),[],[]
rush_hour,Hybrid Controller (Brute-Force),hybrid_bf,103,3,105.11,243.65,317.0,106.5,1065,283.31,511.0,36.626,84.606,118,9.81,1.2,Oversaturated (Arterial Dominance),[],[]
rush_hour,Hybrid Controller (Brute-Force),hybrid_bf,105,3,102.05,245.35,322.0,108.1,1081,276.2,507.0,35.695,82.456,110,8.34,1.2,Oversaturated (Arterial Dominance),[],[]
rush_hour,Hybrid Controller (Brute-Force),hybrid_bf,104,3,103.32,230.0,322.0,106.7,1067,283.12,531.0,36.622,84.596,112,8.94,1.2,Oversaturated (Arterial Dominance),[],[]
rush_hour,Hybrid Controller (Brute-Force),hybrid_bf,106,3,98.53,229.0,347.0,105.8,1058,264.81,496.0,33.894,78.296,110,9.54,1.2,Oversaturated (Arterial Dominance),[],[]
rush_hour,Hybrid Controller (Brute-Force),hybrid_bf,102,3,105.08,256.5,344.0,106.6,1066,287.38,525.0,37.153,85.823,98,10.59,1.2,Oversaturated (Arterial Dominance),[],[]
rush_hour,Hybrid Controller (Brute-Force),hybrid_bf,108,3,103.96,254.65,332.0,106.6,1066,276.15,482.0,35.763,82.613,98,10.92,1.2,Oversaturated (Arterial Dominance),[],[]
rush_hour,Hybrid Controller (Brute-Force),hybrid_bf,109,3,115.62,271.55,355.0,105.8,1058,323.51,581.0,41.879,96.741,104,12.23,1.2,Oversaturated (Arterial Dominance),[],[]
rush_hour,Hybrid Controller (Brute-Force),hybrid_bf,107,3,104.77,224.0,287.0,108.9,1089,291.11,524.0,37.506,86.64,114,9.9,1.2,Oversaturated (Arterial Dominance),[],[]
rush_hour,Hybrid Controller (Brute-Force),hybrid_bf,110,3,99.61,228.0,335.0,106.3,1063,266.07,493.0,34.443,79.564,110,10.52,1.2,Oversaturated (Arterial Dominance),[],[]
rush_hour,Hybrid Controller (Brute-Force),hybrid_bf,111,3,100.87,223.0,295.0,107.8,1078,273.53,500.0,35.37,81.705,110,10.3,1.2,Oversaturated (Arterial Dominance),[],[]
rush_hour,Hybrid Controller (Brute-Force),hybrid_bf,112,3,98.43,233.45,327.0,106.6,1066,263.09,502.0,33.948,78.419,108,10.49,1.2,Oversaturated (Arterial Dominance),[],[]
rush_hour,Hybrid Controller (Brute-Force),hybrid_bf,113,3,103.06,235.15,312.0,108.3,1083,282.98,505.0,36.14,83.482,116,10.42,1.2,Oversaturated (Arterial Dominance),[],[]
rush_hour,Hybrid Controller (Brute-Force),hybrid_bf,114,3,114.06,254.0,346.0,106.3,1063,316.93,557.0,41.01,94.733,106,9.14,1.2,Oversaturated (Arterial Dominance),[],[]
rush_hour,Hybrid Controller (Brute-Force),hybrid_bf,115,3,106.3,235.0,334.0,105.1,1051,286.03,516.0,37.017,85.509,104,9.77,1.2,Oversaturated (Arterial Dominance),[],[]
rush_hour,Hybrid Controller (Brute-Force),hybrid_bf,116,3,103.39,228.1,313.0,107.4,1074,287.14,532.0,36.738,84.864,106,12.2,1.2,Oversaturated (Arterial Dominance),[],[]
surge_accident,Fixed-Timing Baseline,fixed,101,3,119.56,309.0,350.0,107.4,1074,368.06,667.0,46.258,106.855,114,7.64,1.3,Oversaturated + Bottleneck Incident,[],[]
surge_accident,Fixed-Timing Baseline,fixed,100,3,123.42,314.25,366.0,110.1,1101,386.86,675.0,48.709,112.517,114,6.96,1.3,Oversaturated + Bottleneck Incident,[],[]
rush_hour,Hybrid Controller (Brute-Force),hybrid_bf,117,3,106.99,242.0,304.0,108.1,1081,296.49,530.0,37.995,87.768,106,9.84,1.2,Oversaturated (Arterial Dominance),[],[]
rush_hour,Hybrid Controller (Brute-Force),hybrid_bf,118,3,102.97,234.0,359.0,109.3,1093,293.62,550.0,37.528,86.691,104,11.69,1.2,Oversaturated (Arterial Dominance),[],[]
rush_hour,Hybrid Controller (Brute-Force),hybrid_bf,119,3,116.32,254.0,362.0,105.2,1052,323.1,566.0,41.824,96.614,114,9.88,1.2,Oversaturated (Arterial Dominance),[],[]
surge_accident,Fixed-Timing Baseline,fixed,102,3,122.95,314.0,354.0,105.3,1053,378.97,694.0,47.734,110.265,114,7.57,1.3,Oversaturated + Bottleneck Incident,[],[]
surge_accident,Fixed-Timing Baseline,fixed,103,3,117.63,298.0,340.0,109.8,1098,362.59,647.0,45.614,105.367,114,9.16,1.3,Oversaturated + Bottleneck Incident,[],[]
surge_accident,Fixed-Timing Baseline,fixed,104,3,117.49,310.2,364.0,109.8,1098,369.32,679.0,46.395,107.172,114,7.61,1.3,Oversaturated + Bottleneck Incident,[],[]
surge_accident,Fixed-Timing Baseline,fixed,105,3,120.75,309.85,364.0,108.3,1083,371.84,674.0,46.798,108.102,114,6.27,1.3,Oversaturated + Bottleneck Incident,[],[]
surge_accident,Fixed-Timing Baseline,fixed,106,3,119.3,294.0,339.0,106.4,1064,360.9,651.0,45.467,105.029,114,7.74,1.3,Oversaturated + Bottleneck Incident,[],[]
surge_accident,Fixed-Timing Baseline,fixed,108,3,125.17,310.0,352.0,106.3,1063,379.93,670.0,47.871,110.581,114,7.47,1.3,Oversaturated + Bottleneck Incident,[],[]
surge_accident,Fixed-Timing Baseline,fixed,107,3,122.3,308.0,355.0,109.7,1097,382.3,679.0,48.134,111.189,114,6.27,1.3,Oversaturated + Bottleneck Incident,[],[]
surge_accident,Fixed-Timing Baseline,fixed,109,3,125.23,315.0,389.0,111.7,1117,399.24,701.0,50.315,116.228,114,7.69,1.3,Oversaturated + Bottleneck Incident,[],[]
surge_accident,Fixed-Timing Baseline,fixed,110,3,118.27,306.0,378.0,109.1,1091,362.87,645.0,45.625,105.395,114,7.82,1.3,Oversaturated + Bottleneck Incident,[],[]
surge_accident,Fixed-Timing Baseline,fixed,111,3,120.5,303.95,352.0,108.3,1083,370.87,663.0,46.647,107.754,114,8.49,1.3,Oversaturated + Bottleneck Incident,[],[]
surge_accident,Fixed-Timing Baseline,fixed,112,3,120.72,310.0,344.0,107.8,1078,369.54,661.0,46.49,107.391,114,7.58,1.3,Oversaturated + Bottleneck Incident,[],[]
surge_accident,Fixed-Timing Baseline,fixed,113,3,121.23,300.0,368.0,111.4,1114,378.32,656.0,47.682,110.146,114,7.66,1.3,Oversaturated + Bottleneck Incident,[],[]
surge_accident,Fixed-Timing Baseline,fixed,114,3,126.73,317.2,366.0,109.1,1091,397.12,689.0,50.046,115.606,114,6.95,1.3,Oversaturated + Bottleneck Incident,[],[]
surge_accident,Fixed-Timing Baseline,fixed,115,3,125.11,309.05,342.0,109.2,1092,392.6,688.0,49.488,114.316,114,8.02,1.3,Oversaturated + Bottleneck Incident,[],[]
surge_accident,Fixed-Timing Baseline,fixed,116,3,120.33,309.0,365.0,108.5,1085,374.77,680.0,47.196,109.024,114,9.31,1.3,Oversaturated + Bottleneck Incident,[],[]
surge_accident,Fixed-Timing Baseline,fixed,117,3,124.7,321.0,373.0,110.2,1102,394.03,687.0,49.577,114.523,114,8.05,1.3,Oversaturated + Bottleneck Incident,[],[]
surge_accident,Fixed-Timing Baseline,fixed,119,3,122.39,310.0,382.0,111.5,1115,389.57,693.0,49.174,113.593,114,7.24,1.3,Oversaturated + Bottleneck Incident,[],[]
surge_accident,Fixed-Timing Baseline,fixed,118,3,122.7,314.0,354.0,109.2,1092,391.66,718.0,49.352,114.004,114,7.55,1.3,Oversaturated + Bottleneck Incident,[],[]
surge_accident,Fixed (tuned),fixed,101,3,106.59,236.0,288.0,116.6,1166,325.43,575.0,41.238,95.259,78,13.24,1.3,Oversaturated + Bottleneck Incident,[],[]
surge_accident,Fixed (tuned),fixed,100,3,113.06,242.0,298.0,117.7,1177,350.99,599.0,44.622,103.076,78,11.28,1.3,Oversaturated + Bottleneck Incident,[],[]
surge_accident,Fixed (tuned),fixed,102,3,109.62,244.4,288.0,115.4,1154,335.43,593.0,42.557,98.307,78,10.85,1.3,Oversaturated + Bottleneck Incident,[],[]
surge_accident,Fixed (tuned),fixed,104,3,107.62,228.0,299.0,117.5,1175,334.56,602.0,42.498,98.17,78,14.04,1.3,Oversaturated + Bottleneck Incident,[],[]
surge_accident,Fixed (tuned),fixed,105,3,110.78,234.0,303.0,116.4,1164,337.86,588.0,42.934,99.178,78,11.03,1.3,Oversaturated + Bottleneck Incident,[],[]
surge_accident,Fixed (tuned),fixed,106,3,106.72,218.0,274.0,115.7,1157,319.21,558.0,40.671,93.951,78,11.63,1.3,Oversaturated + Bottleneck Incident,[],[]
surge_accident,Fixed (tuned),fixed,103,3,110.2,219.8,271.0,116.1,1161,335.36,584.0,42.733,98.714,78,12.65,1.3,Oversaturated + Bottleneck Incident,[],[]
surge_accident,Fixed (tuned),fixed,107,3,111.69,235.0,295.0,116.9,1169,346.0,603.0,43.956,101.539,78,10.7,1.3,Oversaturated + Bottleneck Incident,[],[]
surge_accident,Fixed (tuned),fixed,108,3,112.79,240.0,294.0,115.2,1152,339.54,575.0,43.136,99.644,78,12.9,1.3,Oversaturated + Bottleneck Incident,[],[]
surge_accident,Fixed (tuned),fixed,109,3,118.05,242.0,324.0,117.5,1175,372.49,637.0,47.429,109.561,78,12.56,1.3,Oversaturated + Bottleneck Incident,[],[]
surge_accident,Fixed (tuned),fixed,111,3,109.4,229.0,288.0,116.5,1165,333.53,578.0,42.349,97.826,78,11.83,1.3,Oversaturated + Bottleneck Incident,[],[]
surge_accident,Fixed (tuned),fixed,110,3,106.1,238.25,301.0,117.5,1175,322.46,561.0,40.93,94.548,78,12.81,1.3,Oversaturated + Bottleneck Incident,[],[]
surge_accident,Fixed (tuned),fixed,115,3,115.89,233.0,289.0,116.3,1163,359.94,617.0,45.841,105.893,78,11.51,1.3,Oversaturated + Bottleneck Incident,[],[]
surge_accident,Fixed (tuned),fixed,113,3,111.67,231.0,298.0,118.5,1185,344.75,585.0,43.924,101.464,78,12.58,1.3,Oversaturated + Bottleneck Incident,[],[]
surge_accident,Fixed (tuned),fixed,114,3,117.19,241.2,310.0,117.4,1174,364.05,603.0,46.276,106.898,78,11.28,1.3,Oversaturated + Bottleneck Incident,[],[]
surge_accident,Fixed (tuned),fixed,112,3,109.55,233.4,275.0,116.2,1162,332.31,573.0,42.188,97.455,78,11.46,1.3,Oversaturated + Bottleneck Incident,[],[]
surge_accident,Fixed (tuned),fixed,116,3,109.26,228.0,294.0,116.7,1167,336.97,598.0,42.852,98.989,78,11.31,1.3,Oversaturated + Bottleneck Incident,[],[]
surge_accident,Fixed (tuned),fixed,118,3,112.41,241.0,292.0,117.5,1175,355.65,635.0,45.213,104.442,78,11.53,1.3,Oversaturated + Bottleneck Incident,[],[]
surge_accident,Fixed (tuned),fixed,117,3,115.3,247.0,306.0,117.8,1178,360.38,611.0,45.838,105.885,78,10.54,1.3,Oversaturated + Bottleneck Incident,[],[]
surge_accident,Fixed (tuned),fixed,119,3,115.81,244.0,324.0,117.4,1174,364.52,634.0,46.531,107.487,78,10.86,1.3,Oversaturated + Bottleneck Incident,[],[]
surge_accident,Rule-Based (tuned),rule_based,100,3,156.74,374.25,567.0,83.8,838,477.06,958.0,62.556,144.504,75,39.55,1.3,Oversaturated + Bottleneck Incident,[],[]
surge_accident,Rule-Based (tuned),rule_based,101,3,141.2,325.0,482.0,89.8,898,422.11,859.0,55.13,127.351,79,24.0,1.3,Oversaturated + Bottleneck Incident,[],[]
surge_accident,Rule-Based (tuned),rule_based,103,3,143.41,340.8,454.0,88.9,889,432.06,856.0,55.609,128.458,94,13.56,1.3,Oversaturated + Bottleneck Incident,[],[]
surge_accident,Rule-Based (tuned),rule_based,102,3,150.26,383.0,551.0,82.2,822,450.98,941.0,58.867,135.983,67,46.05,1.3,Oversaturated + Bottleneck Incident,[],[]
surge_accident,Rule-Based (tuned),rule_based,104,3,149.13,361.3,510.0,87.3,873,451.2,935.0,59.917,138.409,78,32.21,1.3,Oversaturated + Bottleneck Incident,[],[]
surge_accident,Rule-Based (tuned),rule_based,107,3,147.78,319.0,428.0,92.7,927,449.84,859.0,58.652,135.485,85,16.17,1.3,Oversaturated + Bottleneck Incident,[],[]
surge_accident,Rule-Based (tuned),rule_based,106,3,140.25,335.0,535.0,89.6,896,410.99,846.0,54.294,125.419,92,27.54,1.3,Oversaturated + Bottleneck Incident,[],[]
surge_accident,Rule-Based (tuned),rule_based,108,3,143.99,330.5,421.0,94.5,945,426.18,786.0,55.386,127.943,87,16.54,1.3,Oversaturated + Bottleneck Incident,[],[]
surge_accident,Rule-Based (tuned),rule_based,105,3,147.66,355.15,464.0,89.5,895,442.17,863.0,57.685,133.252,80,28.86,1.3,Oversaturated + Bottleneck Incident,[],[]
surge_accident,Rule-Based (tuned),rule_based,109,3,153.67,373.9,525.0,89.1,891,476.99,932.0,62.255,143.809,77,25.36,1.3,Oversaturated + Bottleneck Incident,[],[]
surge_accident,Rule-Based (tuned),rule_based,110,3,141.5,350.6,475.0,87.5,875,423.88,870.0,54.872,126.754,80,26.78,1.3,Oversaturated + Bottleneck Incident,[],[]
surge_accident,Rule-Based (tuned),rule_based,111,3,146.95,355.4,505.0,85.6,856,439.94,901.0,57.376,132.538,83,39.77,1.3,Oversaturated + Bottleneck Incident,[],[]
surge_accident,Rule-Based (tuned),rule_based,113,3,150.93,339.65,463.0,89.6,896,458.8,895.0,59.97,138.531,92,21.16,1.3,Oversaturated + Bottleneck Incident,[],[]
surge_accident,Rule-Based (tuned),rule_based,112,3,144.95,351.0,470.0,88.2,882,430.16,872.0,56.499,130.512,76,30.34,1.3,Oversaturated + Bottleneck Incident,[],[]
surge_accident,Rule-Based (tuned),rule_based,115,3,139.39,293.0,416.0,96.2,962,425.06,842.0,55.882,129.086,90,18.71,1.3,Oversaturated + Bottleneck Incident,[],[]
surge_accident,Rule-Based (tuned),rule_based,116,3,139.23,306.0,477.0,94.5,945,420.59,845.0,55.384,127.936,81,28.96,1.3,Oversaturated + Bottleneck Incident,[],[]
surge_accident,Rule-Based (tuned),rule_based,114,3,163.69,384.45,535.0,82.7,827,499.63,965.0,65.183,150.574,69,44.52,1.3,Oversaturated + Bottleneck Incident,[],[]
surge_accident,Rule-Based (tuned),rule_based,117,3,153.98,363.05,532.0,86.7,867,473.78,933.0,61.594,142.282,83,21.4,1.3,Oversaturated + Bottleneck Incident,[],[]
surge_accident,Rule-Based (tuned),rule_based,119,3,160.89,379.6,582.0,85.4,854,497.68,975.0,65.394,151.06,84,32.0,1.3,Oversaturated + Bottleneck Incident,[],[]
surge_accident,Rule-Based (tuned),rule_based,118,3,149.28,350.0,512.0,90.3,903,461.76,927.0,60.708,140.236,73,21.28,1.3,Oversaturated + Bottleneck Incident,[],[]
surge_accident,Max-Pressure (tuned),max_pressure,100,3,145.26,308.5,458.0,91.7,917,442.07,874.0,57.812,133.546,101,21.59,1.3,Oversaturated + Bottleneck Incident,[],[]
surge_accident,Max-Pressure (tuned),max_pressure,101,3,134.33,280.0,428.0,93.0,930,401.79,826.0,52.417,121.084,111,18.37,1.3,Oversaturated + Bottleneck Incident,[],[]
surge_accident,Max-Pressure (tuned),max_pressure,102,3,140.51,306.7,505.0,87.6,876,424.23,871.0,54.551,126.013,98,27.71,1.3,Oversaturated + Bottleneck Incident,[],[]
surge_accident,Max-Pressure (tuned),max_pressure,103,3,134.37,291.0,402.0,95.9,959,402.86,801.0,52.552,121.396,121,8.01,1.3,Oversaturated + Bottleneck Incident,[],[]
surge_accident,Max-Pressure (tuned),max_pressure,104,3,138.64,306.0,458.0,91.7,917,423.82,875.0,55.209,127.533,107,19.2,1.3,Oversaturated + Bottleneck Incident,[],[]
surge_accident,Max-Pressure (tuned),max_pressure,105,3,136.56,285.0,383.0,94.6,946,408.56,813.0,53.38,123.309,117,8.87,1.3,Oversaturated + Bottleneck Incident,[],[]
surge_accident,Max-Pressure (tuned),max_pressure,106,3,132.55,284.05,381.0,95.7,957,392.1,766.0,50.663,117.032,110,14.12,1.3,Oversaturated + Bottleneck Incident,[],[]
surge_accident,Max-Pressure (tuned),max_pressure,108,3,140.15,295.25,396.0,97.7,977,413.95,759.0,54.068,124.898,112,9.42,1.3,Oversaturated + Bottleneck Incident,[],[]
surge_accident,Max-Pressure (tuned),max_pressure,107,3,139.26,285.0,393.0,96.2,962,426.87,809.0,54.807,126.604,117,11.31,1.3,Oversaturated + Bottleneck Incident,[],[]
surge_accident,Max-Pressure (tuned),max_pressure,110,3,136.88,300.0,410.0,90.8,908,408.35,843.0,53.261,123.033,109,16.82,1.3,Oversaturated + Bottleneck Incident,[],[]
surge_accident,Max-Pressure (tuned),max_pressure,109,3,149.27,333.0,474.0,90.9,909,466.0,899.0,59.973,138.537,100,15.37,1.3,Oversaturated + Bottleneck Incident,[],[]
surge_accident,Max-Pressure (tuned),max_pressure,111,3,145.85,313.45,464.0,90.0,900,433.03,872.0,57.434,132.673,98,19.11,1.3,Oversaturated + Bottleneck Incident,[],[]
surge_accident,Max-Pressure (tuned),max_pressure,112,3,142.72,312.4,453.0,87.9,879,427.52,857.0,54.962,126.963,98,15.96,1.3,Oversaturated + Bottleneck Incident,[],[]
surge_accident,Max-Pressure (tuned),max_pressure,113,3,144.36,302.0,408.0,93.1,931,438.0,854.0,57.263,132.278,111,14.86,1.3,Oversaturated + Bottleneck Incident,[],[]
surge_accident,Max-Pressure (tuned),max_pressure,114,3,148.39,315.45,428.0,90.6,906,453.6,886.0,59.093,136.505,103,18.01,1.3,Oversaturated + Bottleneck Incident,[],[]
surge_accident,Max-Pressure (tuned),max_pressure,116,3,136.26,277.55,421.0,96.3,963,415.61,809.0,53.596,123.806,107,13.46,1.3,Oversaturated + Bottleneck Incident,[],[]
surge_accident,Max-Pressure (tuned),max_pressure,117,3,147.46,304.0,443.0,90.5,905,455.64,886.0,58.622,135.417,104,12.66,1.3,Oversaturated + Bottleneck Incident,[],[]
surge_accident,Max-Pressure (tuned),max_pressure,115,3,140.54,278.0,396.0,98.3,983,429.86,811.0,55.902,129.133,120,9.65,1.3,Oversaturated + Bottleneck Incident,[],[]
surge_accident,Max-Pressure (tuned),max_pressure,118,3,142.96,297.0,455.0,93.8,938,443.07,887.0,57.979,133.931,105,15.49,1.3,Oversaturated + Bottleneck Incident,[],[]
surge_accident,Max-Pressure (tuned),max_pressure,119,3,150.41,331.9,492.0,91.2,912,465.29,911.0,60.934,140.757,107,18.55,1.3,Oversaturated + Bottleneck Incident,[],[]
surge_accident,Hybrid (uncoupled),hybrid_bf,100,3,151.8,317.25,407.0,89.4,894,460.41,903.0,60.584,139.949,128,11.72,1.3,Oversaturated + Bottleneck Incident,[],[]
surge_accident,Hybrid (uncoupled),hybrid_bf,101,3,148.21,325.0,428.0,83.6,836,448.09,905.0,57.339,132.454,124,10.37,1.3,Oversaturated + Bottleneck Incident,[],[]
surge_accident,Hybrid (uncoupled),hybrid_bf,102,3,153.12,326.2,473.0,83.1,831,455.21,946.0,60.464,139.671,116,12.57,1.3,Oversaturated + Bottleneck Incident,[],[]
surge_accident,Hybrid (uncoupled),hybrid_bf,103,3,146.71,334.0,439.0,86.6,866,441.97,889.0,57.215,132.167,134,6.07,1.3,Oversaturated + Bottleneck Incident,[],[]
surge_accident,Hybrid (uncoupled),hybrid_bf,104,3,148.84,320.0,433.0,86.6,866,455.15,926.0,59.272,136.918,131,12.38,1.3,Oversaturated + Bottleneck Incident,[],[]
surge_accident,Hybrid (uncoupled),hybrid_bf,105,3,149.32,311.35,441.0,88.0,880,443.26,894.0,58.866,135.98,128,9.64,1.3,Oversaturated + Bottleneck Incident,[],[]
surge_accident,Hybrid (uncoupled),hybrid_bf,106,3,143.06,285.8,381.0,90.9,909,417.83,836.0,55.476,128.149,136,7.78,1.3,Oversaturated + Bottleneck Incident,[],[]
surge_accident,Hybrid (uncoupled),hybrid_bf,107,3,148.19,315.0,418.0,90.6,906,446.66,895.0,59.308,137.002,124,8.9,1.3,Oversaturated + Bottleneck Incident,[],[]
surge_accident,Hybrid (uncoupled),hybrid_bf,108,3,148.0,317.0,427.0,90.0,900,439.2,824.0,56.604,130.754,124,10.31,1.3,Oversaturated + Bottleneck Incident,[],[]
surge_accident,Hybrid (uncoupled),hybrid_bf,109,3,159.2,357.65,458.0,83.9,839,499.78,975.0,63.964,147.756,125,10.37,1.3,Oversaturated + Bottleneck Incident,[],[]
surge_accident,Hybrid (uncoupled),hybrid_bf,110,3,149.16,327.0,379.0,87.0,870,446.33,877.0,57.872,133.685,130,11.33,1.3,Oversaturated + Bottleneck Incident,[],[]
surge_accident,Hybrid (uncoupled),hybrid_bf,111,3,143.98,311.0,428.0,90.6,906,431.86,851.0,56.217,129.861,133,8.8,1.3,Oversaturated + Bottleneck Incident,[],[]
surge_accident,Hybrid (uncoupled),hybrid_bf,112,3,154.73,320.0,424.0,85.8,858,458.62,905.0,60.449,139.638,125,9.87,1.3,Oversaturated + Bottleneck Incident,[],[]
surge_accident,Hybrid (uncoupled),hybrid_bf,113,3,156.68,329.0,438.0,86.6,866,477.46,916.0,61.974,143.16,135,11.42,1.3,Oversaturated + Bottleneck Incident,[],[]
surge_accident,Hybrid (uncoupled),hybrid_bf,114,3,160.11,335.0,452.0,85.2,852,489.18,940.0,63.759,147.284,125,9.94,1.3,Oversaturated + Bottleneck Incident,[],[]
surge_accident,Hybrid (uncoupled),hybrid_bf,116,3,145.53,311.05,469.0,89.9,899,441.18,881.0,57.566,132.977,125,9.23,1.3,Oversaturated + Bottleneck Incident,[],[]
surge_accident,Hybrid (uncoupled),hybrid_bf,115,3,149.69,317.55,407.0,90.2,902,460.61,890.0,59.544,137.548,129,9.75,1.3,Oversaturated + Bottleneck Incident,[],[]
surge_accident,Hybrid (uncoupled),hybrid_bf,117,3,154.67,329.35,431.0,87.9,879,478.74,920.0,61.662,142.44,127,9.69,1.3,Oversaturated + Bottleneck Incident,[],[]
surge_accident,Hybrid (uncoupled),hybrid_bf,119,3,153.06,335.65,467.0,86.9,869,478.97,939.0,61.496,142.056,138,7.87,1.3,Oversaturated + Bottleneck Incident,[],[]
surge_accident,Hybrid (uncoupled),hybrid_bf,118,3,150.33,318.0,416.0,90.9,909,464.83,926.0,61.303,141.61,125,9.58,1.3,Oversaturated + Bottleneck Incident,[],[]
surge_accident,Hybrid Controller (Brute-Force),hybrid_bf,101,3,130.18,255.0,324.0,103.3,1033,389.65,708.0,50.364,116.34,130,8.38,1.3,Oversaturated + Bottleneck Incident,[],[]
surge_accident,Hybrid Controller (Brute-Force),hybrid_bf,103,3,125.28,246.3,332.0,106.8,1068,379.02,689.0,48.861,112.869,140,5.92,1.3,Oversaturated + Bottleneck Incident,[],[]
surge_accident,Hybrid Controller (Brute-Force),hybrid_bf,100,3,127.52,247.0,303.0,107.5,1075,390.33,706.0,50.329,116.26,138,9.06,1.3,Oversaturated + Bottleneck Incident,[],[]
surge_accident,Hybrid Controller (Brute-Force),hybrid_bf,105,3,126.72,251.0,324.0,106.6,1066,382.82,694.0,49.392,114.094,130,7.38,1.3,Oversaturated + Bottleneck Incident,[],[]
surge_accident,Hybrid Controller (Brute-Force),hybrid_bf,104,3,129.78,253.35,311.0,104.6,1046,396.93,748.0,51.74,119.518,136,7.52,1.3,Oversaturated + Bottleneck Incident,[],[]
surge_accident,Hybrid Controller (Brute-Force),hybrid_bf,106,3,121.38,246.0,333.0,105.7,1057,360.62,675.0,46.528,107.48,136,6.69,1.3,Oversaturated + Bottleneck Incident,[],[]
surge_accident,Hybrid Controller (Brute-Force),hybrid_bf,107,3,129.74,253.0,318.0,105.9,1059,397.46,727.0,51.348,118.613,136,7.91,1.3,Oversaturated + Bottleneck Incident,[],[]
surge_accident,Hybrid Controller (Brute-Force),hybrid_bf,108,3,127.17,257.5,321.0,106.3,1063,379.85,674.0,48.918,113.002,130,9.29,1.3,Oversaturated + Bottleneck Incident,[],[]
surge_accident,Hybrid Controller (Brute-Force),hybrid_bf,102,3,124.8,266.2,345.0,105.1,1051,378.79,710.0,48.729,112.564,116,10.06,1.3,Oversaturated + Bottleneck Incident,[],[]
surge_accident,Hybrid Controller (Brute-Force),hybrid_bf,109,3,139.39,279.65,341.0,104.1,1041,433.28,773.0,56.002,129.365,130,9.27,1.3,Oversaturated + Bottleneck Incident,[],[]
surge_accident,Hybrid Controller (Brute-Force),hybrid_bf,110,3,125.54,247.0,315.0,105.5,1055,374.86,681.0,48.43,111.874,136,7.32,1.3,Oversaturated + Bottleneck Incident,[],[]
surge_accident,Hybrid Controller (Brute-Force),hybrid_bf,111,3,128.5,257.0,356.0,104.4,1044,384.62,698.0,49.743,114.906,132,8.47,1.3,Oversaturated + Bottleneck Incident,[],[]
surge_accident,Hybrid Controller (Brute-Force),hybrid_bf,112,3,127.5,253.9,337.0,104.8,1048,383.25,707.0,49.385,114.079,130,8.52,1.3,Oversaturated + Bottleneck Incident,[],[]
surge_accident,Hybrid Controller (Brute-Force),hybrid_bf,114,3,135.14,271.0,343.0,105.4,1054,416.93,741.0,53.666,123.968,124,7.24,1.3,Oversaturated + Bottleneck Incident,[],[]
surge_accident,Hybrid Controller (Brute-Force),hybrid_bf,113,3,130.43,260.0,319.0,106.3,1063,400.52,725.0,51.594,119.182,140,9.88,1.3,Oversaturated + Bottleneck Incident,[],[]
surge_accident,Hybrid Controller (Brute-Force),hybrid_bf,118,3,128.45,259.05,345.0,106.8,1068,402.75,755.0,51.949,120.003,128,7.41,1.3,Oversaturated + Bottleneck Incident,[],[]
balanced,Fixed-Timing Baseline,fixed,100,0,105.05,194.0,239.0,138.6,1386,378.6,704.0,48.789,112.703,114,6.96,1.4,Oversaturated (Unbounded Queues),[],[]
surge_accident,Hybrid Controller (Brute-Force),hybrid_bf,115,3,133.76,263.0,335.0,105.0,1050,409.5,730.0,52.91,122.222,142,8.14,1.3,Oversaturated + Bottleneck Incident,[],[]
surge_accident,Hybrid Controller (Brute-Force),hybrid_bf,117,3,131.08,251.0,297.0,106.9,1069,403.67,728.0,52.112,120.378,138,6.63,1.3,Oversaturated + Bottleneck Incident,[],[]
surge_accident,Hybrid Controller (Brute-Force),hybrid_bf,116,3,124.99,252.0,341.0,105.6,1056,379.63,713.0,49.023,113.243,134,8.46,1.3,Oversaturated + Bottleneck Incident,[],[]
surge_accident,Hybrid Controller (Brute-Force),hybrid_bf,119,3,138.98,279.0,361.0,102.6,1026,434.9,795.0,56.149,129.705,140,7.42,1.3,Oversaturated + Bottleneck Incident,[],[]
balanced,Fixed-Timing Baseline,fixed,101,0,90.57,171.0,212.0,138.9,1389,312.33,607.0,40.171,92.796,114,7.64,1.4,Oversaturated (Unbounded Queues),[],[]
balanced,Fixed-Timing Baseline,fixed,102,0,100.17,193.0,242.0,137.6,1376,357.49,690.0,45.989,106.234,114,7.57,1.4,Oversaturated (Unbounded Queues),[],[]
balanced,Fixed-Timing Baseline,fixed,103,0,100.89,187.0,252.0,138.5,1385,350.58,636.0,45.31,104.666,114,9.16,1.4,Oversaturated (Unbounded Queues),[],[]
balanced,Fixed-Timing Baseline,fixed,104,0,99.49,188.0,218.0,139.9,1399,353.44,665.0,45.634,105.414,114,7.61,1.4,Oversaturated (Unbounded Queues),[],[]
balanced,Fixed-Timing Baseline,fixed,106,0,97.98,177.0,214.0,138.5,1385,341.23,636.0,44.006,101.653,114,7.74,1.4,Oversaturated (Unbounded Queues),[],[]
balanced,Fixed-Timing Baseline,fixed,105,0,104.84,192.0,236.0,138.8,1388,374.86,691.0,48.438,111.891,114,6.27,1.4,Oversaturated (Unbounded Queues),[],[]
balanced,Fixed-Timing Baseline,fixed,107,0,100.87,186.0,235.0,138.4,1384,355.64,667.0,45.975,106.202,114,6.27,1.4,Oversaturated (Unbounded Queues),[],[]
balanced,Fixed-Timing Baseline,fixed,109,0,109.06,196.0,237.0,137.9,1379,388.4,688.0,50.094,115.716,114,7.69,1.4,Oversaturated (Unbounded Queues),[],[]
balanced,Fixed-Timing Baseline,fixed,110,0,97.35,179.0,213.0,139.0,1390,341.77,650.0,44.132,101.945,114,7.82,1.4,Oversaturated (Unbounded Queues),[],[]
balanced,Fixed-Timing Baseline,fixed,108,0,100.08,197.0,251.0,138.0,1380,351.08,651.0,45.171,104.345,114,7.47,1.4,Oversaturated (Unbounded Queues),[],[]
balanced,Fixed-Timing Baseline,fixed,111,0,99.34,191.0,225.0,139.0,1390,356.42,692.0,45.959,106.166,114,8.49,1.4,Oversaturated (Unbounded Queues),[],[]
balanced,Fixed-Timing Baseline,fixed,112,0,104.17,204.0,254.0,137.5,1375,371.94,700.0,48.009,110.9,114,7.58,1.4,Oversaturated (Unbounded Queues),[],[]
balanced,Fixed-Timing Baseline,fixed,113,0,106.55,198.0,245.0,139.1,1391,386.26,722.0,50.029,115.568,114,7.66,1.4,Oversaturated (Unbounded Queues),[],[]
balanced,Fixed-Timing Baseline,fixed,114,0,102.75,187.0,229.0,138.7,1387,359.4,642.0,46.331,107.024,114,6.95,1.4,Oversaturated (Unbounded Queues),[],[]
balanced,Fixed-Timing Baseline,fixed,117,0,108.53,193.0,227.0,138.2,1382,392.62,721.0,50.72,117.163,114,8.05,1.4,Oversaturated (Unbounded Queues),[],[]
balanced,Fixed-Timing Baseline,fixed,115,0,106.22,196.0,232.0,137.4,1374,378.01,693.0,48.792,112.71,114,8.02,1.4,Oversaturated (Unbounded Queues),[],[]
balanced,Fixed-Timing Baseline,fixed,116,0,102.26,190.35,234.0,138.3,1383,368.44,711.0,47.583,109.917,114,9.31,1.4,Oversaturated (Unbounded Queues),[],[]
balanced,Fixed-Timing Baseline,fixed,118,0,107.33,199.0,231.0,138.5,1385,392.09,734.0,50.538,116.743,114,7.55,1.4,Oversaturated (Unbounded Queues),[],[]
balanced,Fixed (tuned),fixed,100,0,89.41,293.0,352.0,148.3,1483,333.24,607.0,41.526,95.926,234,4.44,1.4,Oversaturated (Unbounded Queues),[],[]
balanced,Fixed-Timing Baseline,fixed,119,0,105.54,207.0,260.0,137.3,1373,376.44,700.0,48.618,112.307,114,7.24,1.4,Oversaturated (Unbounded Queues),[],[]
balanced,Fixed (tuned),fixed,101,0,78.04,275.0,333.0,145.8,1458,280.23,538.0,34.613,79.956,234,4.21,1.4,Oversaturated (Unbounded Queues),[],[]
balanced,Fixed (tuned),fixed,102,0,87.57,281.0,336.0,145.6,1456,322.33,610.0,40.206,92.875,234,4.32,1.4,Oversaturated (Unbounded Queues),[],[]
balanced,Fixed (tuned),fixed,103,0,86.21,275.0,351.0,146.1,1461,310.85,560.0,38.716,89.434,234,4.72,1.4,Oversaturated (Unbounded Queues),[],[]
balanced,Fixed (tuned),fixed,105,0,87.45,284.0,349.0,149.1,1491,324.49,588.0,40.401,93.326,234,4.73,1.4,Oversaturated (Unbounded Queues),[],[]
balanced,Fixed (tuned),fixed,104,0,84.12,283.85,348.0,148.7,1487,310.95,577.0,38.584,89.128,234,4.29,1.4,Oversaturated (Unbounded Queues),[],[]
balanced,Fixed (tuned),fixed,106,0,82.23,275.0,334.0,147.6,1476,297.34,545.0,36.93,85.309,234,4.73,1.4,Oversaturated (Unbounded Queues),[],[]
balanced,Fixed (tuned),fixed,107,0,84.41,271.0,322.0,148.3,1483,308.92,569.0,38.472,88.87,234,4.57,1.4,Oversaturated (Unbounded Queues),[],[]
balanced,Fixed (tuned),fixed,108,0,86.97,282.5,360.0,145.0,1450,315.17,582.0,39.252,90.672,234,4.55,1.4,Oversaturated (Unbounded Queues),[],[]
balanced,Fixed (tuned),fixed,109,0,90.48,289.0,353.0,148.7,1487,333.31,586.0,41.56,96.005,234,4.37,1.4,Oversaturated (Unbounded Queues),[],[]
balanced,Fixed (tuned),fixed,110,0,82.94,285.0,360.0,147.3,1473,303.25,567.0,37.598,86.851,234,4.23,1.4,Oversaturated (Unbounded Queues),[],[]
balanced,Fixed (tuned),fixed,111,0,85.59,282.0,345.0,147.7,1477,318.15,606.0,39.602,91.48,234,4.27,1.4,Oversaturated (Unbounded Queues),[],[]
balanced,Fixed (tuned),fixed,112,0,89.24,282.0,346.0,147.0,1470,329.41,607.0,41.131,95.012,234,4.26,1.4,Oversaturated (Unbounded Queues),[],[]
balanced,Fixed (tuned),fixed,113,0,88.84,281.0,331.0,150.0,1500,333.64,613.0,41.713,96.357,234,4.17,1.4,Oversaturated (Unbounded Queues),[],[]
balanced,Fixed (tuned),fixed,114,0,86.91,286.6,335.0,147.5,1475,315.58,554.0,39.187,90.522,234,4.59,1.4,Oversaturated (Unbounded Queues),[],[]
balanced,Fixed (tuned),fixed,116,0,85.38,274.0,347.0,148.5,1485,318.47,609.0,39.731,91.779,234,4.42,1.4,Oversaturated (Unbounded Queues),[],[]
balanced,Fixed (tuned),fixed,115,0,91.6,287.7,348.0,145.8,1458,337.54,610.0,42.075,97.194,234,4.31,1.4,Oversaturated (Unbounded Queues),[],[]
balanced,Fixed (tuned),fixed,119,0,90.15,274.0,352.0,146.7,1467,331.85,606.0,41.528,95.93,234,4.32,1.4,Oversaturated (Unbounded Queues),[],[]
balanced,Fixed (tuned),fixed,118,0,91.87,293.0,350.0,148.0,1480,346.63,639.0,43.258,99.926,234,3.9,1.4,Oversaturated (Unbounded Queues),[],[]
balanced,Fixed (tuned),fixed,117,0,90.09,292.9,350.0,149.2,1492,337.7,611.0,42.102,97.255,234,4.29,1.4,Oversaturated (Unbounded Queues),[],[]
balanced,Rule-Based (tuned),rule_based,100,0,108.27,239.0,307.0,127.7,1277,387.39,831.0,50.718,117.158,467,2.75,1.4,Oversaturated (Unbounded Queues),[],[]
balanced,Rule-Based (tuned),rule_based,101,0,87.6,185.75,239.0,137.8,1378,300.69,628.0,39.048,90.201,523,1.77,1.4,Oversaturated (Unbounded Queues),[],[]
balanced,Rule-Based (tuned),rule_based,102,0,108.46,254.0,327.0,117.7,1177,381.8,914.0,50.4,116.424,448,3.87,1.4,Oversaturated (Unbounded Queues),[],[]
balanced,Rule-Based (tuned),rule_based,103,0,99.98,214.0,260.0,133.5,1335,346.23,700.0,45.214,104.444,484,2.04,1.4,Oversaturated (Unbounded Queues),[],[]
balanced,Rule-Based (tuned),rule_based,104,0,98.87,221.0,300.0,132.9,1329,347.45,762.0,45.941,106.124,474,2.91,1.4,Oversaturated (Unbounded Queues),[],[]
balanced,Rule-Based (tuned),rule_based,107,0,95.63,209.0,251.0,136.0,1360,338.17,698.0,43.734,101.026,508,1.88,1.4,Oversaturated (Unbounded Queues),[],[]
balanced,Rule-Based (tuned),rule_based,106,0,94.31,205.25,257.0,136.3,1363,327.25,673.0,42.671,98.569,498,2.51,1.4,Oversaturated (Unbounded Queues),[],[]
balanced,Rule-Based (tuned),rule_based,105,0,101.93,222.15,270.0,135.8,1358,362.14,740.0,47.52,109.771,502,2.41,1.4,Oversaturated (Unbounded Queues),[],[]
balanced,Rule-Based (tuned),rule_based,108,0,99.05,219.0,285.0,135.4,1354,347.16,683.0,44.839,103.577,510,2.41,1.4,Oversaturated (Unbounded Queues),[],[]
balanced,Rule-Based (tuned),rule_based,110,0,94.93,211.0,274.0,134.5,1345,333.74,703.0,43.204,99.802,500,2.11,1.4,Oversaturated (Unbounded Queues),[],[]
balanced,Rule-Based (tuned),rule_based,111,0,94.46,201.0,258.0,139.2,1392,338.6,696.0,43.83,101.248,522,1.94,1.4,Oversaturated (Unbounded Queues),[],[]
balanced,Rule-Based (tuned),rule_based,112,0,111.65,251.95,318.0,123.3,1233,399.93,851.0,51.658,119.33,451,2.17,1.4,Oversaturated (Unbounded Queues),[],[]
balanced,Rule-Based (tuned),rule_based,109,0,106.07,220.0,258.0,135.2,1352,376.71,725.0,48.934,113.037,505,2.59,1.4,Oversaturated (Unbounded Queues),[],[]
balanced,Rule-Based (tuned),rule_based,118,0,106.49,222.0,280.0,134.2,1342,385.2,796.0,50.595,116.875,500,1.92,1.4,Oversaturated (Unbounded Queues),[],[]
balanced,Rule-Based (tuned),rule_based,114,0,104.6,231.0,286.0,129.4,1294,365.07,745.0,47.396,109.485,484,2.51,1.4,Oversaturated (Unbounded Queues),[],[]
balanced,Rule-Based (tuned),rule_based,116,0,97.44,208.0,277.0,137.1,1371,352.34,727.0,45.431,104.945,506,2.27,1.4,Oversaturated (Unbounded Queues),[],[]
balanced,Rule-Based (tuned),rule_based,113,0,101.78,218.0,281.0,136.9,1369,371.06,751.0,47.948,110.759,490,2.19,1.4,Oversaturated (Unbounded Queues),[],[]
balanced,Rule-Based (tuned),rule_based,115,0,101.3,219.0,308.0,134.8,1348,361.75,726.0,46.668,107.803,495,2.14,1.4,Oversaturated (Unbounded Queues),[],[]
balanced,Rule-Based (tuned),rule_based,119,0,106.46,242.0,325.0,130.2,1302,378.04,784.0,49.348,113.995,466,2.66,1.4,Oversaturated (Unbounded Queues),[],[]
balanced,Max-Pressure (tuned),max_pressure,100,0,103.64,231.85,297.0,133.1,1331,371.45,773.0,48.457,111.935,471,2.36,1.4,Oversaturated (Unbounded Queues),[],[]
balanced,Rule-Based (tuned),rule_based,117,0,104.0,222.4,300.0,136.2,1362,376.77,751.0,48.834,112.808,497,2.3,1.4,Oversaturated (Unbounded Queues),[],[]
balanced,Max-Pressure (tuned),max_pressure,101,0,85.86,197.0,250.0,139.8,1398,296.09,602.0,38.162,88.154,488,2.01,1.4,Oversaturated (Unbounded Queues),[],[]
balanced,Max-Pressure (tuned),max_pressure,104,0,95.47,216.0,296.0,138.2,1382,338.38,699.0,44.149,101.983,476,2.34,1.4,Oversaturated (Unbounded Queues),[],[]
balanced,Max-Pressure (tuned),max_pressure,107,0,93.18,206.0,248.0,139.7,1397,330.05,662.0,42.575,98.348,491,2.1,1.4,Oversaturated (Unbounded Queues),[],[]
balanced,Max-Pressure (tuned),max_pressure,102,0,100.4,220.0,273.0,131.9,1319,354.71,766.0,46.518,107.457,479,2.4,1.4,Oversaturated (Unbounded Queues),[],[]
balanced,Max-Pressure (tuned),max_pressure,105,0,98.69,224.6,270.0,138.7,1387,352.74,703.0,45.813,105.829,486,2.34,1.4,Oversaturated (Unbounded Queues),[],[]
balanced,Max-Pressure (tuned),max_pressure,103,0,96.85,210.0,252.0,137.6,1376,336.22,654.0,43.688,100.919,477,2.19,1.4,Oversaturated (Unbounded Queues),[],[]
balanced,Max-Pressure (tuned),max_pressure,106,0,92.92,203.0,250.0,139.6,1396,322.67,635.0,41.936,96.873,488,2.46,1.4,Oversaturated (Unbounded Queues),[],[]
balanced,Max-Pressure (tuned),max_pressure,108,0,96.32,215.0,285.0,137.5,1375,337.29,662.0,43.599,100.713,486,2.34,1.4,Oversaturated (Unbounded Queues),[],[]
balanced,Max-Pressure (tuned),max_pressure,111,0,93.43,204.0,264.0,141.5,1415,333.81,675.0,43.395,100.243,491,2.45,1.4,Oversaturated (Unbounded Queues),[],[]
balanced,Max-Pressure (tuned),max_pressure,109,0,103.88,223.0,261.0,138.6,1386,367.44,696.0,48.062,111.023,485,2.51,1.4,Oversaturated (Unbounded Queues),[],[]
balanced,Max-Pressure (tuned),max_pressure,112,0,104.48,241.0,311.0,130.2,1302,371.26,787.0,48.456,111.933,448,2.51,1.4,Oversaturated (Unbounded Queues),[],[]
balanced,Max-Pressure (tuned),max_pressure,110,0,92.6,216.0,274.0,137.3,1373,326.25,674.0,42.121,97.299,482,2.22,1.4,Oversaturated (Unbounded Queues),[],[]
balanced,Max-Pressure (tuned),max_pressure,115,0,98.85,218.0,293.0,139.0,1390,351.78,684.0,45.557,105.236,475,1.82,1.4,Oversaturated (Unbounded Queues),[],[]
balanced,Max-Pressure (tuned),max_pressure,113,0,99.19,223.0,279.0,140.6,1406,361.48,712.0,46.687,107.847,474,2.31,1.4,Oversaturated (Unbounded Queues),[],[]
balanced,Max-Pressure (tuned),max_pressure,116,0,95.27,211.0,265.0,140.3,1403,343.36,698.0,44.479,102.747,477,2.46,1.4,Oversaturated (Unbounded Queues),[],[]
balanced,Max-Pressure (tuned),max_pressure,117,0,103.11,235.0,307.0,139.4,1394,371.11,723.0,48.509,112.057,475,2.52,1.4,Oversaturated (Unbounded Queues),[],[]
balanced,Max-Pressure (tuned),max_pressure,114,0,99.17,221.0,268.0,137.9,1379,344.89,664.0,45.021,103.999,484,2.32,1.4,Oversaturated (Unbounded Queues),[],[]
balanced,Max-Pressure (tuned),max_pressure,118,0,103.46,217.55,278.0,137.7,1377,377.46,753.0,48.972,113.125,480,2.58,1.4,Oversaturated (Unbounded Queues),[],[]
balanced,Max-Pressure (tuned),max_pressure,119,0,101.76,230.0,315.0,135.5,1355,361.66,727.0,47.083,108.762,463,2.41,1.4,Oversaturated (Unbounded Queues),[],[]
balanced,Hybrid (uncoupled),hybrid_bf,100,0,109.14,243.0,307.0,126.9,1269,390.09,840.0,51.148,118.152,1150,1.05,1.4,Oversaturated (Unbounded Queues),[],[]
balanced,Hybrid (uncoupled),hybrid_bf,104,0,98.08,221.0,300.0,132.7,1327,346.66,757.0,45.42,104.921,1111,0.82,1.4,Oversaturated (Unbounded Queues),[],[]
balanced,Hybrid (uncoupled),hybrid_bf,103,0,99.2,214.0,261.0,133.2,1332,344.82,700.0,44.796,103.479,1231,0.86,1.4,Oversaturated (Unbounded Queues),[],[]
balanced,Hybrid (uncoupled),hybrid_bf,102,0,106.43,251.0,312.0,120.3,1203,375.5,884.0,49.359,114.02,1128,1.23,1.4,Oversaturated (Unbounded Queues),[],[]
balanced,Hybrid (uncoupled),hybrid_bf,101,0,88.63,189.75,243.0,136.8,1368,304.25,638.0,39.51,91.268,1233,0.82,1.4,Oversaturated (Unbounded Queues),[],[]
balanced,Hybrid (uncoupled),hybrid_bf,105,0,101.43,222.5,268.0,135.2,1352,362.38,739.0,47.133,108.877,1188,0.74,1.4,Oversaturated (Unbounded Queues),[],[]
balanced,Hybrid (uncoupled),hybrid_bf,106,0,94.09,206.0,252.0,136.1,1361,326.9,673.0,42.529,98.243,1183,0.85,1.4,Oversaturated (Unbounded Queues),[],[]
balanced,Hybrid (uncoupled),hybrid_bf,107,0,95.09,205.05,251.0,136.0,1360,335.73,700.0,43.532,100.558,1278,0.87,1.4,Oversaturated (Unbounded Queues),[],[]
balanced,Hybrid (uncoupled),hybrid_bf,108,0,97.36,219.0,285.0,135.8,1358,341.29,679.0,44.07,101.803,1168,0.79,1.4,Oversaturated (Unbounded Queues),[],[]
balanced,Hybrid (uncoupled),hybrid_bf,109,0,104.2,219.0,255.0,136.6,1366,368.96,716.0,48.212,111.369,1218,0.81,1.4,Oversaturated (Unbounded Queues),[],[]
balanced,Hybrid (uncoupled),hybrid_bf,110,0,94.64,214.35,277.0,134.1,1341,330.89,713.0,43.196,99.784,1200,0.74,1.4,Oversaturated (Unbounded Queues),[],[]
balanced,Hybrid (uncoupled),hybrid_bf,111,0,92.51,199.0,255.0,139.4,1394,332.66,692.0,42.885,99.064,1306,0.72,1.4,Oversaturated (Unbounded Queues),[],[]
balanced,Hybrid (uncoupled),hybrid_bf,113,0,102.04,220.0,281.0,137.7,1377,370.12,747.0,48.164,111.26,1218,0.81,1.4,Oversaturated (Unbounded Queues),[],[]
balanced,Hybrid (uncoupled),hybrid_bf,114,0,102.77,226.1,279.0,131.3,1313,359.01,726.0,46.564,107.563,1216,1.01,1.4,Oversaturated (Unbounded Queues),[],[]
balanced,Hybrid (uncoupled),hybrid_bf,115,0,100.41,220.0,307.0,135.7,1357,356.31,719.0,46.324,107.009,1184,0.78,1.4,Oversaturated (Unbounded Queues),[],[]
balanced,Hybrid (uncoupled),hybrid_bf,112,0,112.14,253.0,319.0,123.4,1234,399.15,856.0,52.035,120.2,1083,0.81,1.4,Oversaturated (Unbounded Queues),[],[]
balanced,Hybrid (uncoupled),hybrid_bf,116,0,97.69,209.95,283.0,137.2,1372,351.43,730.0,45.632,105.409,1255,0.87,1.4,Oversaturated (Unbounded Queues),[],[]
balanced,Hybrid (uncoupled),hybrid_bf,117,0,104.45,226.0,306.0,136.3,1363,376.71,752.0,49.09,113.398,1177,0.98,1.4,Oversaturated (Unbounded Queues),[],[]
balanced,Hybrid (uncoupled),hybrid_bf,118,0,104.61,220.0,280.0,134.8,1348,378.59,789.0,49.68,114.76,1206,0.83,1.4,Oversaturated (Unbounded Queues),[],[]
balanced,Hybrid (uncoupled),hybrid_bf,119,0,104.11,239.0,325.0,131.3,1313,371.02,771.0,48.217,111.381,1175,0.88,1.4,Oversaturated (Unbounded Queues),[],[]
balanced,Hybrid Controller (Brute-Force),hybrid_bf,100,0,94.69,190.0,251.0,143.6,1436,340.79,660.0,44.105,101.883,1408,0.93,1.4,Oversaturated (Unbounded Queues),[],[]
balanced,Hybrid Controller (Brute-Force),hybrid_bf,101,0,81.05,168.0,214.0,143.0,1430,280.03,570.0,36.021,83.209,1556,0.7,1.4,Oversaturated (Unbounded Queues),[],[]
balanced,Hybrid Controller (Brute-Force),hybrid_bf,103,0,87.59,188.0,215.0,144.4,1444,305.1,583.0,39.456,91.143,1480,0.84,1.4,Oversaturated (Unbounded Queues),[],[]
balanced,Hybrid Controller (Brute-Force),hybrid_bf,106,0,83.28,170.0,214.0,145.1,1451,291.4,574.0,37.475,86.568,1498,0.76,1.4,Oversaturated (Unbounded Queues),[],[]
balanced,Hybrid Controller (Brute-Force),hybrid_bf,102,0,88.0,186.0,233.0,142.7,1427,313.74,645.0,40.519,93.6,1386,0.89,1.4,Oversaturated (Unbounded Queues),[],[]
balanced,Hybrid Controller (Brute-Force),hybrid_bf,104,0,88.36,187.55,242.0,144.8,1448,314.24,622.0,40.645,93.889,1470,0.8,1.4,Oversaturated (Unbounded Queues),[],[]
balanced,Hybrid Controller (Brute-Force),hybrid_bf,105,0,91.39,200.0,230.0,144.8,1448,327.19,637.0,42.343,97.812,1436,0.9,1.4,Oversaturated (Unbounded Queues),[],[]
balanced,Hybrid Controller (Brute-Force),hybrid_bf,107,0,84.25,173.0,224.0,145.6,1456,299.0,599.0,38.474,88.875,1504,0.81,1.4,Oversaturated (Unbounded Queues),[],[]
balanced,Hybrid Controller (Brute-Force),hybrid_bf,108,0,88.24,196.0,256.0,142.9,1429,308.95,608.0,39.945,92.273,1530,0.99,1.4,Oversaturated (Unbounded Queues),[],[]
balanced,Hybrid Controller (Brute-Force),hybrid_bf,109,0,96.21,195.4,228.0,143.9,1439,342.39,636.0,44.321,102.382,1506,0.8,1.4,Oversaturated (Unbounded Queues),[],[]
balanced,Hybrid Controller (Brute-Force),hybrid_bf,110,0,84.18,180.85,229.0,144.9,1449,296.95,595.0,38.237,88.327,1366,0.85,1.4,Oversaturated (Unbounded Queues),[],[]
moderate_load,Fixed-Timing Baseline,fixed,100,0,27.12,53.0,72.0,99.8,998,48.57,69.0,6.412,14.811,114,6.96,0.72,Bounded (75-80% Saturation),[],[]
balanced,Hybrid Controller (Brute-Force),hybrid_bf,113,0,92.23,197.0,258.0,146.1,1461,335.08,660.0,43.473,100.422,1336,0.83,1.4,Oversaturated (Unbounded Queues),[],[]
balanced,Hybrid Controller (Brute-Force),hybrid_bf,114,0,90.76,186.0,222.0,143.9,1439,317.38,596.0,41.043,94.81,1446,0.98,1.4,Oversaturated (Unbounded Queues),[],[]
balanced,Hybrid Controller (Brute-Force),hybrid_bf,111,0,86.92,186.0,240.0,145.1,1451,312.08,638.0,40.331,93.164,1478,0.91,1.4,Oversaturated (Unbounded Queues),[],[]
balanced,Hybrid Controller (Brute-Force),hybrid_bf,115,0,91.31,189.0,258.0,145.1,1451,325.5,622.0,42.062,97.162,1456,0.76,1.4,Oversaturated (Unbounded Queues),[],[]
balanced,Hybrid Controller (Brute-Force),hybrid_bf,112,0,92.76,199.0,248.0,142.2,1422,331.57,659.0,42.875,99.04,1498,0.84,1.4,Oversaturated (Unbounded Queues),[],[]
moderate_load,Fixed-Timing Baseline,fixed,101,0,27.07,52.0,63.0,98.2,982,47.7,67.0,6.293,14.536,114,7.64,0.72,Bounded (75-80% Saturation),[],[]
balanced,Hybrid Controller (Brute-Force),hybrid_bf,117,0,96.52,209.0,268.0,145.0,1450,348.52,661.0,45.279,104.595,1454,0.83,1.4,Oversaturated (Unbounded Queues),[],[]
moderate_load,Fixed-Timing Baseline,fixed,103,0,26.93,51.0,64.0,98.4,984,47.62,75.0,6.261,14.462,114,9.16,0.72,Bounded (75-80% Saturation),[],[]
moderate_load,Fixed-Timing Baseline,fixed,102,0,27.19,52.0,65.0,97.0,970,47.14,79.0,6.235,14.403,114,7.57,0.72,Bounded (75-80% Saturation),[],[]
balanced,Hybrid Controller (Brute-Force),hybrid_bf,116,0,88.6,186.0,226.0,145.0,1450,320.92,648.0,41.307,95.42,1456,0.79,1.4,Oversaturated (Unbounded Queues),[],[]
moderate_load,Fixed-Timing Baseline,fixed,104,0,27.02,53.0,75.0,99.0,990,48.33,82.0,6.388,14.757,114,7.61,0.72,Bounded (75-80% Saturation),[],[]
balanced,Hybrid Controller (Brute-Force),hybrid_bf,118,0,94.74,189.0,242.0,144.7,1447,346.84,676.0,44.698,103.253,1478,0.92,1.4,Oversaturated (Unbounded Queues),[],[]
moderate_load,Fixed-Timing Baseline,fixed,105,0,26.67,50.0,64.0,99.1,991,46.88,73.0,6.194,14.308,114,6.27,0.72,Bounded (75-80% Saturation),[],[]
moderate_load,Fixed-Timing Baseline,fixed,106,0,27.68,53.0,78.0,95.8,958,47.12,74.0,6.249,14.434,114,7.74,0.72,Bounded (75-80% Saturation),[],[]
moderate_load,Fixed-Timing Baseline,fixed,107,0,27.27,51.0,67.0,99.4,994,47.73,72.0,6.314,14.586,114,6.27,0.72,Bounded (75-80% Saturation),[],[]
moderate_load,Fixed-Timing Baseline,fixed,108,0,29.0,54.0,71.0,98.0,980,49.98,74.0,6.625,15.305,114,7.47,0.72,Bounded (75-80% Saturation),[],[]
moderate_load,Fixed-Timing Baseline,fixed,109,0,27.98,54.0,67.0,100.9,1009,49.61,77.0,6.603,15.252,114,7.69,0.72,Bounded (75-80% Saturation),[],[]
moderate_load,Fixed-Timing Baseline,fixed,110,0,26.52,52.0,73.0,98.8,988,46.67,84.0,6.176,14.267,114,7.82,0.72,Bounded (75-80% Saturation),[],[]
moderate_load,Fixed-Timing Baseline,fixed,111,0,28.77,53.0,67.0,100.7,1007,51.93,74.0,6.827,15.771,114,8.49,0.72,Bounded (75-80% Saturation),[],[]
moderate_load,Fixed-Timing Baseline,fixed,114,0,27.32,53.0,62.0,98.9,989,47.48,70.0,6.289,14.528,114,6.95,0.72,Bounded (75-80% Saturation),[],[]
moderate_load,Fixed-Timing Baseline,fixed,112,0,26.81,51.0,66.0,97.2,972,46.74,79.0,6.131,14.162,114,7.58,0.72,Bounded (75-80% Saturation),[],[]
moderate_load,Fixed-Timing Baseline,fixed,113,0,27.72,52.0,65.0,100.8,1008,49.78,74.0,6.615,15.281,114,7.66,0.72,Bounded (75-80% Saturation),[],[]
moderate_load,Fixed-Timing Baseline,fixed,115,0,27.59,52.0,69.0,99.9,999,48.95,73.0,6.494,15.001,114,8.02,0.72,Bounded (75-80% Saturation),[],[]
moderate_load,Fixed-Timing Baseline,fixed,116,0,27.17,52.9,64.0,99.4,994,48.32,76.0,6.419,14.828,114,9.31,0.72,Bounded (75-80% Saturation),[],[]
moderate_load,Fixed-Timing Baseline,fixed,117,0,26.94,53.0,65.0,99.4,994,47.49,78.0,6.305,14.564,114,8.05,0.72,Bounded (75-80% Saturation),[],[]
moderate_load,Fixed-Timing Baseline,fixed,118,0,27.6,52.0,66.0,101.7,1017,51.09,83.0,6.747,15.585,114,7.55,0.72,Bounded (75-80% Saturation),[],[]
moderate_load,Fixed (tuned),fixed,100,0,24.58,51.0,67.0,100.4,1004,44.35,66.0,5.812,13.425,234,4.67,0.72,Bounded (75-80% Saturation),[],[]
moderate_load,Fixed-Timing Baseline,fixed,119,0,29.43,59.0,82.0,102.1,1021,53.71,81.0,7.115,16.436,114,7.24,0.72,Bounded (75-80% Saturation),[],[]
moderate_load,Fixed (tuned),fixed,102,0,24.79,50.0,61.0,97.5,975,43.12,76.0,5.659,13.072,234,3.86,0.72,Bounded (75-80% Saturation),[],[]
moderate_load,Fixed (tuned),fixed,101,0,23.74,47.0,57.0,99.0,990,42.16,63.0,5.514,12.737,234,3.6,0.72,Bounded (75-80% Saturation),[],[]
moderate_load,Fixed (tuned),fixed,104,0,24.76,50.0,78.0,100.4,1004,44.78,77.0,5.854,13.524,234,4.21,0.72,Bounded (75-80% Saturation),[],[]
moderate_load,Fixed (tuned),fixed,103,0,23.6,49.0,65.0,99.1,991,42.04,66.0,5.466,12.625,234,3.84,0.72,Bounded (75-80% Saturation),[],[]
moderate_load,Fixed (tuned),fixed,106,0,24.09,48.0,69.0,96.3,963,41.15,70.0,5.428,12.539,234,4.16,0.72,Bounded (75-80% Saturation),[],[]
moderate_load,Fixed (tuned),fixed,105,0,23.99,47.0,69.0,99.5,995,42.62,64.0,5.576,12.88,234,3.52,0.72,Bounded (75-80% Saturation),[],[]
moderate_load,Fixed (tuned),fixed,107,0,24.01,48.0,72.0,99.9,999,42.38,67.0,5.543,12.804,234,4.12,0.72,Bounded (75-80% Saturation),[],[]
moderate_load,Fixed (tuned),fixed,108,0,25.79,53.0,75.0,98.7,987,44.81,72.0,5.898,13.623,234,4.15,0.72,Bounded (75-80% Saturation),[],[]
balanced,Hybrid Controller (Brute-Force),hybrid_bf,119,0,91.33,192.0,272.0,144.6,1446,326.26,633.0,42.194,97.467,1402,0.84,1.4,Oversaturated (Unbounded Queues),[],[]
moderate_load,Fixed (tuned),fixed,110,0,24.15,50.0,74.0,99.4,994,42.66,76.0,5.613,12.965,234,4.5,0.72,Bounded (75-80% Saturation),[],[]
moderate_load,Fixed (tuned),fixed,109,0,24.51,50.0,65.0,102.1,1021,43.69,71.0,5.784,13.361,234,4.17,0.72,Bounded (75-80% Saturation),[],[]
moderate_load,Fixed (tuned),fixed,111,0,25.0,50.0,70.0,101.8,1018,45.52,72.0,5.94,13.721,234,3.98,0.72,Bounded (75-80% Saturation),[],[]
moderate_load,Fixed (tuned),fixed,112,0,24.17,47.0,60.0,97.4,974,42.46,71.0,5.5,12.706,234,3.96,0.72,Bounded (75-80% Saturation),[],[]
moderate_load,Fixed (tuned),fixed,114,0,23.3,45.0,62.0,99.3,993,40.66,61.0,5.349,12.357,234,3.65,0.72,Bounded (75-80% Saturation),[],[]
moderate_load,Fixed (tuned),fixed,116,0,23.62,46.0,60.0,100.6,1006,42.18,66.0,5.554,12.831,234,4.37,0.72,Bounded (75-80% Saturation),[],[]
moderate_load,Fixed (tuned),fixed,113,0,24.34,48.0,60.0,101.7,1017,43.81,74.0,5.799,13.395,234,4.11,0.72,Bounded (75-80% Saturation),[],[]
moderate_load,Fixed (tuned),fixed,115,0,23.95,47.0,59.0,100.3,1003,42.65,65.0,5.604,12.945,234,4.33,0.72,Bounded (75-80% Saturation),[],[]
moderate_load,Fixed (tuned),fixed,117,0,23.76,46.0,62.0,99.8,998,42.15,66.0,5.55,12.82,234,3.92,0.72,Bounded (75-80% Saturation),[],[]
moderate_load,Fixed (tuned),fixed,118,0,24.45,48.0,56.0,102.8,1028,45.66,74.0,5.972,13.795,234,3.78,0.72,Bounded (75-80% Saturation),[],[]
moderate_load,Fixed (tuned),fixed,119,0,24.94,48.0,64.0,102.8,1028,45.72,63.0,6.002,13.865,234,3.89,0.72,Bounded (75-80% Saturation),[],[]
moderate_load,Rule-Based (tuned),rule_based,100,0,9.29,20.0,32.0,104.0,1040,16.77,30.0,2.192,5.064,535,2.28,0.72,Bounded (75-80% Saturation),[],[]
moderate_load,Rule-Based (tuned),rule_based,103,0,9.46,19.0,29.0,102.0,1020,16.76,33.0,2.201,5.084,535,2.13,0.72,Bounded (75-80% Saturation),[],[]
moderate_load,Rule-Based (tuned),rule_based,102,0,8.97,19.0,26.0,100.6,1006,15.65,32.0,2.051,4.738,536,2.01,0.72,Bounded (75-80% Saturation),[],[]
moderate_load,Rule-Based (tuned),rule_based,106,0,8.9,18.0,32.0,98.8,988,15.27,34.0,1.999,4.618,537,2.61,0.72,Bounded (75-80% Saturation),[],[]
moderate_load,Rule-Based (tuned),rule_based,101,0,8.87,18.0,30.0,102.4,1024,15.75,30.0,2.065,4.769,539,2.14,0.72,Bounded (75-80% Saturation),[],[]
moderate_load,Rule-Based (tuned),rule_based,104,0,10.6,23.0,42.0,102.4,1024,19.32,46.0,2.513,5.806,535,1.93,0.72,Bounded (75-80% Saturation),[],[]
moderate_load,Rule-Based (tuned),rule_based,108,0,9.74,20.0,31.0,101.3,1013,17.04,33.0,2.24,5.175,533,2.39,0.72,Bounded (75-80% Saturation),[],[]
moderate_load,Rule-Based (tuned),rule_based,109,0,9.12,19.0,31.0,104.2,1042,16.3,30.0,2.145,4.956,543,1.81,0.72,Bounded (75-80% Saturation),[],[]
moderate_load,Rule-Based (tuned),rule_based,110,0,9.21,19.0,30.0,101.8,1018,16.31,34.0,2.146,4.958,520,1.98,0.72,Bounded (75-80% Saturation),[],[]
moderate_load,Rule-Based (tuned),rule_based,105,0,8.92,18.0,34.0,102.1,1021,15.94,29.0,2.079,4.803,533,2.03,0.72,Bounded (75-80% Saturation),[],[]
moderate_load,Rule-Based (tuned),rule_based,111,0,9.67,19.0,30.0,104.8,1048,17.55,34.0,2.305,5.325,543,1.98,0.72,Bounded (75-80% Saturation),[],[]
moderate_load,Rule-Based (tuned),rule_based,107,0,9.77,20.0,34.0,103.2,1032,17.21,31.0,2.268,5.24,534,2.2,0.72,Bounded (75-80% Saturation),[],[]
moderate_load,Rule-Based (tuned),rule_based,112,0,10.19,21.0,32.0,100.8,1008,17.87,36.0,2.331,5.385,543,2.12,0.72,Bounded (75-80% Saturation),[],[]
moderate_load,Rule-Based (tuned),rule_based,115,0,10.29,21.5,33.0,103.2,1032,18.25,37.0,2.404,5.554,530,1.9,0.72,Bounded (75-80% Saturation),[],[]
moderate_load,Rule-Based (tuned),rule_based,116,0,8.78,18.0,29.0,104.2,1042,15.65,31.0,2.054,4.744,544,2.48,0.72,Bounded (75-80% Saturation),[],[]
moderate_load,Rule-Based (tuned),rule_based,114,0,8.64,18.0,27.0,101.9,1019,15.09,29.0,1.987,4.589,541,1.48,0.72,Bounded (75-80% Saturation),[],[]
moderate_load,Rule-Based (tuned),rule_based,117,0,9.34,19.0,36.0,102.6,1026,16.52,34.0,2.172,5.017,531,2.07,0.72,Bounded (75-80% Saturation),[],[]
moderate_load,Rule-Based (tuned),rule_based,113,0,8.88,19.0,25.0,104.1,1041,16.01,30.0,2.101,4.853,537,1.87,0.72,Bounded (75-80% Saturation),[],[]
moderate_load,Rule-Based (tuned),rule_based,118,0,9.27,19.0,28.0,106.5,1065,17.44,38.0,2.267,5.237,538,2.3,0.72,Bounded (75-80% Saturation),[],[]
moderate_load,Rule-Based (tuned),rule_based,119,0,10.84,22.0,38.0,106.0,1060,19.75,37.0,2.609,6.026,516,2.46,0.72,Bounded (75-80% Saturation),[],[]
moderate_load,Max-Pressure (tuned),max_pressure,100,0,11.83,25.0,36.0,103.2,1032,21.32,33.0,2.792,6.449,482,2.56,0.72,Bounded (75-80% Saturation),[],[]
moderate_load,Max-Pressure (tuned),max_pressure,101,0,11.7,24.0,35.0,101.8,1018,20.75,34.0,2.729,6.305,462,2.31,0.72,Bounded (75-80% Saturation),[],[]
moderate_load,Max-Pressure (tuned),max_pressure,102,0,11.4,25.0,37.0,100.2,1002,19.85,38.0,2.604,6.015,471,2.59,0.72,Bounded (75-80% Saturation),[],[]
moderate_load,Max-Pressure (tuned),max_pressure,104,0,11.76,27.0,39.0,102.0,1020,21.42,51.0,2.791,6.448,479,2.36,0.72,Bounded (75-80% Saturation),[],[]
moderate_load,Max-Pressure (tuned),max_pressure,106,0,11.55,23.0,40.0,98.0,980,19.8,39.0,2.586,5.974,487,2.82,0.72,Bounded (75-80% Saturation),[],[]
moderate_load,Max-Pressure (tuned),max_pressure,103,0,11.27,25.0,37.0,101.8,1018,19.98,35.0,2.626,6.067,470,2.61,0.72,Bounded (75-80% Saturation),[],[]
moderate_load,Max-Pressure (tuned),max_pressure,105,0,12.29,25.45,38.0,101.7,1017,21.91,38.0,2.874,6.638,484,2.24,0.72,Bounded (75-80% Saturation),[],[]
moderate_load,Max-Pressure (tuned),max_pressure,107,0,11.35,24.9,41.0,102.8,1028,20.03,36.0,2.632,6.079,484,2.04,0.72,Bounded (75-80% Saturation),[],[]
moderate_load,Max-Pressure (tuned),max_pressure,108,0,12.75,26.0,37.0,101.2,1012,22.27,38.0,2.931,6.77,482,2.41,0.72,Bounded (75-80% Saturation),[],[]
moderate_load,Max-Pressure (tuned),max_pressure,109,0,12.22,26.0,42.0,104.2,1042,21.91,37.0,2.886,6.666,472,2.2,0.72,Bounded (75-80% Saturation),[],[]
moderate_load,Max-Pressure (tuned),max_pressure,110,0,11.7,24.0,42.0,101.9,1019,20.74,42.0,2.722,6.288,468,2.22,0.72,Bounded (75-80% Saturation),[],[]
moderate_load,Max-Pressure (tuned),max_pressure,112,0,12.4,26.0,39.0,100.3,1003,21.67,39.0,2.856,6.597,480,2.64,0.72,Bounded (75-80% Saturation),[],[]
moderate_load,Max-Pressure (tuned),max_pressure,111,0,12.91,27.0,42.0,104.8,1048,23.34,41.0,3.092,7.144,489,2.3,0.72,Bounded (75-80% Saturation),[],[]
moderate_load,Max-Pressure (tuned),max_pressure,115,0,12.18,26.0,42.0,102.9,1029,21.62,41.0,2.844,6.571,458,2.86,0.72,Bounded (75-80% Saturation),[],[]
moderate_load,Max-Pressure (tuned),max_pressure,113,0,12.46,26.0,36.0,103.7,1037,22.39,41.0,2.959,6.835,472,2.72,0.72,Bounded (75-80% Saturation),[],[]
moderate_load,Max-Pressure (tuned),max_pressure,114,0,11.31,24.0,34.0,101.8,1018,19.71,39.0,2.614,6.039,483,2.09,0.72,Bounded (75-80% Saturation),[],[]
moderate_load,Max-Pressure (tuned),max_pressure,117,0,11.86,25.0,37.0,102.3,1023,21.07,42.0,2.766,6.39,482,2.04,0.72,Bounded (75-80% Saturation),[],[]
moderate_load,Max-Pressure (tuned),max_pressure,116,0,11.6,22.15,32.0,103.5,1035,20.65,37.0,2.728,6.301,495,2.31,0.72,Bounded (75-80% Saturation),[],[]
moderate_load,Max-Pressure (tuned),max_pressure,118,0,12.36,25.0,36.0,105.8,1058,23.2,47.0,3.021,6.978,489,2.02,0.72,Bounded (75-80% Saturation),[],[]
moderate_load,Max-Pressure (tuned),max_pressure,119,0,12.67,26.0,40.0,105.9,1059,23.07,39.0,3.051,7.048,462,2.62,0.72,Bounded (75-80% Saturation),[],[]
moderate_load,Hybrid (uncoupled),hybrid_bf,100,0,6.94,15.0,27.0,104.1,1041,12.54,27.0,1.636,3.779,1338,0.7,0.72,Bounded (75-80% Saturation),[],[]
moderate_load,Hybrid (uncoupled),hybrid_bf,101,0,6.87,15.0,22.0,103.1,1031,12.18,25.0,1.601,3.698,1304,0.74,0.72,Bounded (75-80% Saturation),[],[]
moderate_load,Hybrid (uncoupled),hybrid_bf,104,0,7.83,19.0,37.0,102.7,1027,14.39,39.0,1.85,4.273,1242,0.81,0.72,Bounded (75-80% Saturation),[],[]
moderate_load,Hybrid (uncoupled),hybrid_bf,102,0,6.97,15.0,24.0,100.8,1008,12.18,27.0,1.594,3.683,1194,0.83,0.72,Bounded (75-80% Saturation),[],[]
moderate_load,Hybrid (uncoupled),hybrid_bf,106,0,6.94,17.0,31.0,99.6,996,11.87,28.0,1.555,3.592,1261,0.81,0.72,Bounded (75-80% Saturation),[],[]
moderate_load,Hybrid (uncoupled),hybrid_bf,107,0,7.2,17.0,28.0,103.5,1035,12.67,26.0,1.675,3.87,1276,0.89,0.72,Bounded (75-80% Saturation),[],[]
moderate_load,Hybrid (uncoupled),hybrid_bf,105,0,6.98,15.0,26.0,102.7,1027,12.48,27.0,1.629,3.763,1248,0.78,0.72,Bounded (75-80% Saturation),[],[]
moderate_load,Hybrid (uncoupled),hybrid_bf,103,0,7.16,16.0,35.0,102.9,1029,12.69,26.0,1.666,3.848,1273,0.78,0.72,Bounded (75-80% Saturation),[],[]
moderate_load,Hybrid (uncoupled),hybrid_bf,109,0,7.36,17.0,34.0,104.7,1047,13.12,27.0,1.734,4.007,1177,0.84,0.72,Bounded (75-80% Saturation),[],[]
moderate_load,Hybrid (uncoupled),hybrid_bf,108,0,7.57,18.0,31.0,101.8,1018,13.2,28.0,1.74,4.02,1270,0.85,0.72,Bounded (75-80% Saturation),[],[]
moderate_load,Hybrid (uncoupled),hybrid_bf,110,0,6.48,14.0,25.0,102.6,1026,11.51,28.0,1.511,3.49,1226,0.68,0.72,Bounded (75-80% Saturation),[],[]
moderate_load,Hybrid (uncoupled),hybrid_bf,112,0,6.97,16.0,27.0,101.5,1015,12.23,31.0,1.604,3.706,1308,0.72,0.72,Bounded (75-80% Saturation),[],[]
moderate_load,Hybrid (uncoupled),hybrid_bf,111,0,7.68,17.0,28.0,105.7,1057,13.91,30.0,1.836,4.24,1238,0.77,0.72,Bounded (75-80% Saturation),[],[]
moderate_load,Hybrid (uncoupled),hybrid_bf,114,0,6.56,14.0,25.0,102.7,1027,11.43,29.0,1.512,3.494,1270,0.86,0.72,Bounded (75-80% Saturation),[],[]
moderate_load,Hybrid (uncoupled),hybrid_bf,115,0,7.51,17.0,27.0,103.3,1033,13.36,30.0,1.75,4.041,1236,0.69,0.72,Bounded (75-80% Saturation),[],[]
moderate_load,Hybrid (uncoupled),hybrid_bf,119,0,7.96,17.0,35.0,106.9,1069,14.49,31.0,1.919,4.433,1296,0.73,0.72,Bounded (75-80% Saturation),[],[]
moderate_load,Hybrid (uncoupled),hybrid_bf,116,0,6.91,15.0,22.0,104.4,1044,12.28,27.0,1.623,3.748,1317,0.79,0.72,Bounded (75-80% Saturation),[],[]
moderate_load,Hybrid (uncoupled),hybrid_bf,118,0,7.38,17.0,28.0,106.7,1067,13.96,34.0,1.804,4.166,1294,0.75,0.72,Bounded (75-80% Saturation),[],[]
moderate_load,Hybrid (uncoupled),hybrid_bf,113,0,7.26,17.0,25.0,105.0,1050,13.11,26.0,1.726,3.987,1197,0.74,0.72,Bounded (75-80% Saturation),[],[]
moderate_load,Hybrid (uncoupled),hybrid_bf,117,0,6.84,15.8,30.0,102.8,1028,12.12,31.0,1.588,3.667,1202,0.8,0.72,Bounded (75-80% Saturation),[],[]
moderate_load,Hybrid Controller (Brute-Force),hybrid_bf,101,0,6.87,15.0,22.0,103.1,1031,12.18,25.0,1.601,3.698,1304,0.74,0.72,Bounded (75-80% Saturation),[],[]
moderate_load,Hybrid Controller (Brute-Force),hybrid_bf,102,0,6.97,15.0,24.0,100.8,1008,12.18,27.0,1.594,3.683,1194,0.83,0.72,Bounded (75-80% Saturation),[],[]
moderate_load,Hybrid Controller (Brute-Force),hybrid_bf,100,0,6.94,15.0,27.0,104.1,1041,12.54,27.0,1.636,3.779,1338,0.7,0.72,Bounded (75-80% Saturation),[],[]
moderate_load,Hybrid Controller (Brute-Force),hybrid_bf,104,0,7.83,19.0,37.0,102.7,1027,14.39,39.0,1.85,4.273,1242,0.81,0.72,Bounded (75-80% Saturation),[],[]
moderate_load,Hybrid Controller (Brute-Force),hybrid_bf,103,0,7.16,16.0,35.0,102.9,1029,12.69,26.0,1.666,3.848,1273,0.78,0.72,Bounded (75-80% Saturation),[],[]
moderate_load,Hybrid Controller (Brute-Force),hybrid_bf,105,0,6.98,15.0,26.0,102.7,1027,12.48,27.0,1.629,3.763,1248,0.78,0.72,Bounded (75-80% Saturation),[],[]
moderate_load,Hybrid Controller (Brute-Force),hybrid_bf,106,0,6.94,17.0,31.0,99.6,996,11.87,28.0,1.555,3.592,1261,0.81,0.72,Bounded (75-80% Saturation),[],[]
moderate_load,Hybrid Controller (Brute-Force),hybrid_bf,108,0,7.57,18.0,31.0,101.8,1018,13.2,28.0,1.74,4.02,1270,0.85,0.72,Bounded (75-80% Saturation),[],[]
moderate_load,Hybrid Controller (Brute-Force),hybrid_bf,107,0,7.2,17.0,28.0,103.5,1035,12.67,26.0,1.675,3.87,1276,0.89,0.72,Bounded (75-80% Saturation),[],[]
moderate_load,Hybrid Controller (Brute-Force),hybrid_bf,109,0,7.36,17.0,34.0,104.7,1047,13.12,27.0,1.734,4.007,1177,0.84,0.72,Bounded (75-80% Saturation),[],[]
moderate_load,Hybrid Controller (Brute-Force),hybrid_bf,110,0,6.48,14.0,25.0,102.6,1026,11.51,28.0,1.511,3.49,1226,0.68,0.72,Bounded (75-80% Saturation),[],[]
moderate_load,Hybrid Controller (Brute-Force),hybrid_bf,115,0,7.51,17.0,27.0,103.3,1033,13.36,30.0,1.75,4.041,1236,0.69,0.72,Bounded (75-80% Saturation),[],[]
moderate_load,Hybrid Controller (Brute-Force),hybrid_bf,111,0,7.68,17.0,28.0,105.7,1057,13.91,30.0,1.836,4.24,1238,0.77,0.72,Bounded (75-80% Saturation),[],[]
directional_moderate,Fixed-Timing Baseline,fixed,100,0,62.52,137.25,192.0,88.0,880,118.05,202.0,14.671,33.89,114,6.96,0.8,"Bounded (75-85% Saturation, Asymmetric)",[],[]
moderate_load,Hybrid Controller (Brute-Force),hybrid_bf,113,0,7.26,17.0,25.0,105.0,1050,13.11,26.0,1.726,3.987,1197,0.74,0.72,Bounded (75-80% Saturation),[],[]
moderate_load,Hybrid Controller (Brute-Force),hybrid_bf,117,0,6.84,15.8,30.0,102.8,1028,12.12,31.0,1.588,3.667,1202,0.8,0.72,Bounded (75-80% Saturation),[],[]
moderate_load,Hybrid Controller (Brute-Force),hybrid_bf,116,0,6.91,15.0,22.0,104.4,1044,12.28,27.0,1.623,3.748,1317,0.79,0.72,Bounded (75-80% Saturation),[],[]
directional_moderate,Fixed-Timing Baseline,fixed,101,0,53.62,124.0,158.0,86.9,869,98.0,189.0,12.202,28.187,114,7.64,0.8,"Bounded (75-85% Saturation, Asymmetric)",[],[]
moderate_load,Hybrid Controller (Brute-Force),hybrid_bf,112,0,6.97,16.0,27.0,101.5,1015,12.23,31.0,1.604,3.706,1308,0.72,0.72,Bounded (75-80% Saturation),[],[]
moderate_load,Hybrid Controller (Brute-Force),hybrid_bf,119,0,7.96,17.0,35.0,106.9,1069,14.49,31.0,1.919,4.433,1296,0.73,0.72,Bounded (75-80% Saturation),[],[]
moderate_load,Hybrid Controller (Brute-Force),hybrid_bf,114,0,6.56,14.0,25.0,102.7,1027,11.43,29.0,1.512,3.494,1270,0.86,0.72,Bounded (75-80% Saturation),[],[]
directional_moderate,Fixed-Timing Baseline,fixed,102,0,60.64,144.0,169.0,87.1,871,116.38,230.0,14.312,33.06,114,7.57,0.8,"Bounded (75-85% Saturation, Asymmetric)",[],[]
directional_moderate,Fixed-Timing Baseline,fixed,103,0,53.31,117.0,134.0,89.4,894,97.78,176.0,12.237,28.268,114,9.16,0.8,"Bounded (75-85% Saturation, Asymmetric)",[],[]
directional_moderate,Fixed-Timing Baseline,fixed,105,0,63.53,145.0,172.0,88.7,887,122.39,231.0,15.248,35.222,114,6.27,0.8,"Bounded (75-85% Saturation, Asymmetric)",[],[]
directional_moderate,Fixed-Timing Baseline,fixed,107,0,53.95,129.0,157.0,90.7,907,101.29,190.0,12.612,29.133,114,6.27,0.8,"Bounded (75-85% Saturation, Asymmetric)",[],[]
directional_moderate,Fixed-Timing Baseline,fixed,106,0,52.94,122.0,156.0,86.9,869,93.52,168.0,11.705,27.038,114,7.74,0.8,"Bounded (75-85% Saturation, Asymmetric)",[],[]
directional_moderate,Fixed-Timing Baseline,fixed,104,0,53.18,132.0,164.0,90.7,907,100.05,178.0,12.538,28.964,114,7.61,0.8,"Bounded (75-85% Saturation, Asymmetric)",[],[]
directional_moderate,Fixed-Timing Baseline,fixed,109,0,61.22,141.0,167.0,91.6,916,117.3,198.0,14.611,33.752,114,7.69,0.8,"Bounded (75-85% Saturation, Asymmetric)",[],[]
directional_moderate,Fixed-Timing Baseline,fixed,112,0,56.72,138.0,173.0,87.0,870,103.92,204.0,12.945,29.902,114,7.58,0.8,"Bounded (75-85% Saturation, Asymmetric)",[],[]
directional_moderate,Fixed-Timing Baseline,fixed,113,0,52.31,119.0,146.0,89.8,898,97.65,186.0,12.184,28.144,114,7.66,0.8,"Bounded (75-85% Saturation, Asymmetric)",[],[]
directional_moderate,Fixed-Timing Baseline,fixed,111,0,62.2,146.2,172.0,89.0,890,117.32,213.0,14.611,33.752,114,8.49,0.8,"Bounded (75-85% Saturation, Asymmetric)",[],[]
moderate_load,Hybrid Controller (Brute-Force),hybrid_bf,118,0,7.38,17.0,28.0,106.7,1067,13.96,34.0,1.804,4.166,1294,0.75,0.72,Bounded (75-80% Saturation),[],[]
directional_moderate,Fixed-Timing Baseline,fixed,114,0,57.81,122.0,146.0,89.1,891,106.0,188.0,13.219,30.536,114,6.95,0.8,"Bounded (75-85% Saturation, Asymmetric)",[],[]
directional_moderate,Fixed-Timing Baseline,fixed,116,0,60.0,134.0,150.0,88.5,885,114.17,214.0,14.173,32.74,114,9.31,0.8,"Bounded (75-85% Saturation, Asymmetric)",[],[]
directional_moderate,Fixed-Timing Baseline,fixed,110,0,58.78,132.0,157.0,88.2,882,108.82,193.0,13.637,31.502,114,7.82,0.8,"Bounded (75-85% Saturation, Asymmetric)",[],[]
directional_moderate,Fixed-Timing Baseline,fixed,108,0,62.49,162.0,204.0,88.6,886,117.95,213.0,14.622,33.778,114,7.47,0.8,"Bounded (75-85% Saturation, Asymmetric)",[],[]
directional_moderate,Fixed-Timing Baseline,fixed,115,0,59.37,138.0,184.0,89.1,891,111.42,194.0,13.867,32.033,114,8.02,0.8,"Bounded (75-85% Saturation, Asymmetric)",[],[]
directional_moderate,Fixed-Timing Baseline,fixed,118,0,64.92,145.6,182.0,88.8,888,126.45,231.0,15.71,36.29,114,7.55,0.8,"Bounded (75-85% Saturation, Asymmetric)",[],[]
directional_moderate,Fixed-Timing Baseline,fixed,117,0,60.37,136.0,151.0,88.9,889,110.94,186.0,13.859,32.014,114,8.05,0.8,"Bounded (75-85% Saturation, Asymmetric)",[],[]
directional_moderate,Fixed (tuned),fixed,100,0,23.91,39.0,47.0,100.1,1001,43.02,69.0,5.631,13.008,234,5.01,0.8,"Bounded (75-85% Saturation, Asymmetric)",[],[]
directional_moderate,Fixed-Timing Baseline,fixed,119,0,54.05,135.75,182.0,91.0,910,100.3,175.0,12.563,29.02,114,7.24,0.8,"Bounded (75-85% Saturation, Asymmetric)",[],[]
directional_moderate,Fixed (tuned),fixed,102,0,26.59,47.0,68.0,101.2,1012,48.7,92.0,6.304,14.562,234,4.06,0.8,"Bounded (75-85% Saturation, Asymmetric)",[],[]
directional_moderate,Fixed (tuned),fixed,101,0,22.74,38.0,46.0,97.7,977,39.67,66.0,5.179,11.963,234,4.14,0.8,"Bounded (75-85% Saturation, Asymmetric)",[],[]
directional_moderate,Fixed (tuned),fixed,103,0,22.78,38.0,49.0,99.3,993,40.03,68.0,5.255,12.138,234,4.36,0.8,"Bounded (75-85% Saturation, Asymmetric)",[],[]
directional_moderate,Fixed (tuned),fixed,106,0,23.24,38.0,52.0,96.2,962,39.15,72.0,5.17,11.942,234,4.73,0.8,"Bounded (75-85% Saturation, Asymmetric)",[],[]
directional_moderate,Fixed (tuned),fixed,104,0,23.67,41.0,60.0,100.0,1000,42.6,75.0,5.59,12.914,234,4.39,0.8,"Bounded (75-85% Saturation, Asymmetric)",[],[]
directional_moderate,Fixed (tuned),fixed,107,0,24.89,41.0,60.0,101.2,1012,44.63,74.0,5.825,13.457,234,4.85,0.8,"Bounded (75-85% Saturation, Asymmetric)",[],[]
directional_moderate,Fixed (tuned),fixed,108,0,27.65,46.0,62.0,101.3,1013,49.62,90.0,6.506,15.029,234,3.51,0.8,"Bounded (75-85% Saturation, Asymmetric)",[],[]
directional_moderate,Fixed (tuned),fixed,110,0,24.11,40.0,57.0,99.3,993,42.8,77.0,5.598,12.932,234,4.97,0.8,"Bounded (75-85% Saturation, Asymmetric)",[],[]
directional_moderate,Fixed (tuned),fixed,109,0,25.36,41.0,54.0,103.9,1039,46.05,80.0,6.086,14.059,234,5.06,0.8,"Bounded (75-85% Saturation, Asymmetric)",[],[]
directional_moderate,Fixed (tuned),fixed,105,0,25.47,42.0,57.0,102.0,1020,47.15,89.0,6.118,14.134,234,4.16,0.8,"Bounded (75-85% Saturation, Asymmetric)",[],[]
directional_moderate,Fixed (tuned),fixed,111,0,25.65,45.95,66.0,101.9,1019,46.16,73.0,6.054,13.986,234,4.84,0.8,"Bounded (75-85% Saturation, Asymmetric)",[],[]
directional_moderate,Fixed (tuned),fixed,112,0,25.11,45.0,62.0,97.5,975,44.4,83.0,5.741,13.262,234,4.39,0.8,"Bounded (75-85% Saturation, Asymmetric)",[],[]
directional_moderate,Fixed (tuned),fixed,113,0,23.03,39.4,55.0,100.2,1002,41.04,74.0,5.39,12.45,234,4.78,0.8,"Bounded (75-85% Saturation, Asymmetric)",[],[]
directional_moderate,Fixed (tuned),fixed,114,0,23.45,39.0,53.0,100.8,1008,40.97,68.0,5.409,12.495,234,4.36,0.8,"Bounded (75-85% Saturation, Asymmetric)",[],[]
directional_moderate,Fixed (tuned),fixed,117,0,24.36,40.0,56.0,99.7,997,42.63,73.0,5.624,12.99,234,4.91,0.8,"Bounded (75-85% Saturation, Asymmetric)",[],[]
directional_moderate,Fixed (tuned),fixed,116,0,24.76,47.0,60.0,100.8,1008,45.15,79.0,5.886,13.597,234,4.64,0.8,"Bounded (75-85% Saturation, Asymmetric)",[],[]
directional_moderate,Fixed (tuned),fixed,119,0,24.62,46.0,84.0,101.3,1013,43.82,72.0,5.806,13.411,234,4.09,0.8,"Bounded (75-85% Saturation, Asymmetric)",[],[]
directional_moderate,Fixed (tuned),fixed,118,0,25.49,40.0,68.0,102.4,1024,47.3,79.0,6.185,14.287,234,3.95,0.8,"Bounded (75-85% Saturation, Asymmetric)",[],[]
directional_moderate,Rule-Based (tuned),rule_based,101,0,12.68,26.0,55.0,100.2,1002,22.1,41.0,2.904,6.708,324,4.29,0.8,"Bounded (75-85% Saturation, Asymmetric)",[],[]
directional_moderate,Fixed (tuned),fixed,115,0,24.12,40.0,57.0,100.4,1004,43.37,72.0,5.681,13.124,234,4.69,0.8,"Bounded (75-85% Saturation, Asymmetric)",[],[]
directional_moderate,Rule-Based (tuned),rule_based,102,0,15.8,31.25,72.0,104.4,1044,28.66,64.0,3.779,8.729,318,3.91,0.8,"Bounded (75-85% Saturation, Asymmetric)",[],[]
directional_moderate,Rule-Based (tuned),rule_based,103,0,12.33,23.0,48.0,101.3,1013,21.91,41.0,2.861,6.61,338,3.5,0.8,"Bounded (75-85% Saturation, Asymmetric)",[],[]
directional_moderate,Rule-Based (tuned),rule_based,100,0,12.74,25.0,55.0,102.4,1024,23.05,39.0,3.008,6.95,323,4.31,0.8,"Bounded (75-85% Saturation, Asymmetric)",[],[]
directional_moderate,Rule-Based (tuned),rule_based,106,0,12.21,24.0,40.0,97.6,976,20.75,37.0,2.726,6.298,321,3.42,0.8,"Bounded (75-85% Saturation, Asymmetric)",[],[]
directional_moderate,Rule-Based (tuned),rule_based,107,0,13.91,26.0,61.0,104.0,1040,24.91,43.0,3.289,7.597,333,3.71,0.8,"Bounded (75-85% Saturation, Asymmetric)",[],[]
directional_moderate,Rule-Based (tuned),rule_based,105,0,14.84,29.0,57.0,104.3,1043,27.64,53.0,3.592,8.296,309,4.23,0.8,"Bounded (75-85% Saturation, Asymmetric)",[],[]
directional_moderate,Rule-Based (tuned),rule_based,108,0,17.08,39.0,76.0,103.6,1036,30.55,55.0,4.039,9.331,307,4.41,0.8,"Bounded (75-85% Saturation, Asymmetric)",[],[]
directional_moderate,Rule-Based (tuned),rule_based,109,0,14.26,29.0,48.0,105.6,1056,26.07,44.0,3.427,7.916,333,4.06,0.8,"Bounded (75-85% Saturation, Asymmetric)",[],[]
directional_moderate,Rule-Based (tuned),rule_based,104,0,14.23,31.0,58.0,101.6,1016,25.93,52.0,3.377,7.802,326,4.85,0.8,"Bounded (75-85% Saturation, Asymmetric)",[],[]
directional_moderate,Rule-Based (tuned),rule_based,111,0,14.8,32.0,70.0,104.5,1045,26.61,46.0,3.506,8.098,316,3.76,0.8,"Bounded (75-85% Saturation, Asymmetric)",[],[]
directional_moderate,Rule-Based (tuned),rule_based,110,0,13.58,27.0,40.0,101.0,1010,24.21,45.0,3.175,7.335,332,3.88,0.8,"Bounded (75-85% Saturation, Asymmetric)",[],[]
directional_moderate,Rule-Based (tuned),rule_based,112,0,13.06,26.0,42.0,100.4,1004,23.15,43.0,3.016,6.966,305,4.67,0.8,"Bounded (75-85% Saturation, Asymmetric)",[],[]
directional_moderate,Rule-Based (tuned),rule_based,113,0,12.76,25.0,47.0,102.1,1021,22.82,48.0,2.995,6.919,335,4.14,0.8,"Bounded (75-85% Saturation, Asymmetric)",[],[]
directional_moderate,Rule-Based (tuned),rule_based,114,0,12.89,26.0,53.0,102.8,1028,22.62,45.0,2.99,6.906,328,3.4,0.8,"Bounded (75-85% Saturation, Asymmetric)",[],[]
directional_moderate,Rule-Based (tuned),rule_based,117,0,14.47,29.0,63.0,101.7,1017,25.53,47.0,3.355,7.75,323,3.12,0.8,"Bounded (75-85% Saturation, Asymmetric)",[],[]
directional_moderate,Rule-Based (tuned),rule_based,116,0,14.32,33.0,63.0,104.7,1047,25.89,56.0,3.415,7.889,318,3.68,0.8,"Bounded (75-85% Saturation, Asymmetric)",[],[]
directional_moderate,Rule-Based (tuned),rule_based,118,0,14.63,29.2,56.0,103.8,1038,27.38,59.0,3.567,8.239,322,4.16,0.8,"Bounded (75-85% Saturation, Asymmetric)",[],[]
directional_moderate,Rule-Based (tuned),rule_based,115,0,13.73,29.0,53.0,102.3,1023,24.77,46.0,3.236,7.476,316,3.92,0.8,"Bounded (75-85% Saturation, Asymmetric)",[],[]
directional_moderate,Rule-Based (tuned),rule_based,119,0,14.31,30.0,60.0,103.2,1032,25.51,46.0,3.365,7.773,336,3.79,0.8,"Bounded (75-85% Saturation, Asymmetric)",[],[]
directional_moderate,Max-Pressure (tuned),max_pressure,102,0,19.48,35.0,52.0,103.4,1034,35.45,72.0,4.633,10.702,328,3.06,0.8,"Bounded (75-85% Saturation, Asymmetric)",[],[]
directional_moderate,Max-Pressure (tuned),max_pressure,103,0,17.33,33.0,46.0,100.4,1004,30.65,49.0,4.008,9.26,340,3.32,0.8,"Bounded (75-85% Saturation, Asymmetric)",[],[]
directional_moderate,Max-Pressure (tuned),max_pressure,105,0,19.77,37.0,52.0,104.0,1040,36.65,58.0,4.785,11.053,326,3.23,0.8,"Bounded (75-85% Saturation, Asymmetric)",[],[]
directional_moderate,Max-Pressure (tuned),max_pressure,100,0,17.07,32.0,41.0,101.5,1015,30.89,53.0,4.05,9.357,337,3.13,0.8,"Bounded (75-85% Saturation, Asymmetric)",[],[]
directional_moderate,Max-Pressure (tuned),max_pressure,101,0,17.26,33.0,48.0,99.0,990,30.3,48.0,3.959,9.145,334,3.19,0.8,"Bounded (75-85% Saturation, Asymmetric)",[],[]
directional_moderate,Max-Pressure (tuned),max_pressure,106,0,15.83,30.0,42.0,96.8,968,27.05,46.0,3.54,8.177,327,2.98,0.8,"Bounded (75-85% Saturation, Asymmetric)",[],[]
directional_moderate,Max-Pressure (tuned),max_pressure,104,0,17.91,36.0,53.0,101.0,1010,32.65,60.0,4.246,9.809,344,3.66,0.8,"Bounded (75-85% Saturation, Asymmetric)",[],[]
directional_moderate,Max-Pressure (tuned),max_pressure,107,0,18.18,37.0,51.0,102.7,1027,32.74,54.0,4.287,9.903,324,3.04,0.8,"Bounded (75-85% Saturation, Asymmetric)",[],[]
directional_moderate,Max-Pressure (tuned),max_pressure,108,0,19.73,43.0,57.0,102.7,1027,35.43,62.0,4.669,10.785,331,3.23,0.8,"Bounded (75-85% Saturation, Asymmetric)",[],[]
directional_moderate,Max-Pressure (tuned),max_pressure,109,0,18.68,38.0,54.0,104.7,1047,34.2,52.0,4.495,10.384,336,3.72,0.8,"Bounded (75-85% Saturation, Asymmetric)",[],[]
directional_moderate,Max-Pressure (tuned),max_pressure,110,0,16.55,31.0,41.0,100.4,1004,29.59,50.0,3.865,8.928,326,3.06,0.8,"Bounded (75-85% Saturation, Asymmetric)",[],[]
directional_moderate,Max-Pressure (tuned),max_pressure,111,0,18.81,40.0,54.0,102.8,1028,34.02,52.0,4.472,10.331,327,3.68,0.8,"Bounded (75-85% Saturation, Asymmetric)",[],[]
directional_moderate,Max-Pressure (tuned),max_pressure,115,0,18.2,38.0,49.0,102.1,1021,32.63,52.0,4.292,9.915,325,3.0,0.8,"Bounded (75-85% Saturation, Asymmetric)",[],[]
directional_moderate,Max-Pressure (tuned),max_pressure,113,0,17.62,32.0,41.0,101.1,1011,31.72,55.0,4.151,9.588,342,3.76,0.8,"Bounded (75-85% Saturation, Asymmetric)",[],[]
directional_moderate,Max-Pressure (tuned),max_pressure,112,0,19.16,39.0,51.0,98.8,988,33.84,57.0,4.398,10.16,323,3.61,0.8,"Bounded (75-85% Saturation, Asymmetric)",[],[]
directional_moderate,Max-Pressure (tuned),max_pressure,116,0,19.38,38.0,55.0,102.9,1029,35.31,67.0,4.62,10.673,341,3.21,0.8,"Bounded (75-85% Saturation, Asymmetric)",[],[]
directional_moderate,Max-Pressure (tuned),max_pressure,117,0,18.08,35.0,45.0,100.2,1002,31.87,54.0,4.183,9.662,329,3.76,0.8,"Bounded (75-85% Saturation, Asymmetric)",[],[]
directional_moderate,Max-Pressure (tuned),max_pressure,114,0,17.57,31.0,41.0,101.8,1018,30.92,57.0,4.073,9.409,340,3.49,0.8,"Bounded (75-85% Saturation, Asymmetric)",[],[]
directional_moderate,Max-Pressure (tuned),max_pressure,118,0,18.7,35.0,46.0,103.3,1033,35.15,62.0,4.537,10.48,335,3.68,0.8,"Bounded (75-85% Saturation, Asymmetric)",[],[]
directional_moderate,Max-Pressure (tuned),max_pressure,119,0,19.59,39.0,59.0,101.1,1011,35.03,61.0,4.589,10.601,341,3.4,0.8,"Bounded (75-85% Saturation, Asymmetric)",[],[]
directional_moderate,Hybrid (uncoupled),hybrid_bf,103,0,8.42,17.0,36.0,102.0,1020,14.9,29.0,1.956,4.518,970,0.89,0.8,"Bounded (75-85% Saturation, Asymmetric)",[],[]
directional_moderate,Hybrid (uncoupled),hybrid_bf,107,0,9.33,21.0,37.0,104.6,1046,16.72,33.0,2.207,5.097,976,0.88,0.8,"Bounded (75-85% Saturation, Asymmetric)",[],[]
directional_moderate,Hybrid (uncoupled),hybrid_bf,102,0,10.91,25.0,68.0,105.5,1055,19.77,43.0,2.602,6.012,910,0.97,0.8,"Bounded (75-85% Saturation, Asymmetric)",[],[]
directional_moderate,Hybrid (uncoupled),hybrid_bf,105,0,10.77,24.0,42.0,105.6,1056,20.02,41.0,2.603,6.013,889,0.96,0.8,"Bounded (75-85% Saturation, Asymmetric)",[],[]
directional_moderate,Hybrid (uncoupled),hybrid_bf,101,0,8.79,20.0,45.0,101.1,1011,15.38,32.0,2.014,4.653,908,0.97,0.8,"Bounded (75-85% Saturation, Asymmetric)",[],[]
directional_moderate,Hybrid (uncoupled),hybrid_bf,104,0,10.14,25.0,46.0,102.1,1021,18.55,45.0,2.402,5.548,978,1.01,0.8,"Bounded (75-85% Saturation, Asymmetric)",[],[]
directional_moderate,Hybrid (uncoupled),hybrid_bf,106,0,8.42,18.0,36.0,98.5,985,14.32,30.0,1.883,4.35,947,1.02,0.8,"Bounded (75-85% Saturation, Asymmetric)",[],[]
directional_moderate,Hybrid (uncoupled),hybrid_bf,100,0,9.32,20.0,33.0,103.4,1034,16.89,31.0,2.197,5.075,925,1.06,0.8,"Bounded (75-85% Saturation, Asymmetric)",[],[]
directional_moderate,Hybrid (uncoupled),hybrid_bf,109,0,10.16,23.0,47.0,106.4,1064,18.57,36.0,2.447,5.653,946,1.06,0.8,"Bounded (75-85% Saturation, Asymmetric)",[],[]
directional_moderate,Hybrid (uncoupled),hybrid_bf,108,0,11.25,27.9,50.0,104.2,1042,20.19,41.0,2.658,6.141,905,1.08,0.8,"Bounded (75-85% Saturation, Asymmetric)",[],[]
directional_moderate,Hybrid (uncoupled),hybrid_bf,110,0,9.41,22.0,35.0,102.7,1027,16.8,34.0,2.198,5.076,934,1.08,0.8,"Bounded (75-85% Saturation, Asymmetric)",[],[]
directional_moderate,Hybrid (uncoupled),hybrid_bf,113,0,8.9,19.2,35.0,103.4,1034,15.94,33.0,2.092,4.831,970,0.94,0.8,"Bounded (75-85% Saturation, Asymmetric)",[],[]
directional_moderate,Hybrid (uncoupled),hybrid_bf,112,0,9.82,23.0,47.0,101.5,1015,17.31,37.0,2.26,5.22,882,1.01,0.8,"Bounded (75-85% Saturation, Asymmetric)",[],[]
directional_moderate,Hybrid (uncoupled),hybrid_bf,111,0,10.34,25.65,55.0,105.0,1050,18.64,34.0,2.455,5.671,948,0.87,0.8,"Bounded (75-85% Saturation, Asymmetric)",[],[]
directional_moderate,Hybrid (uncoupled),hybrid_bf,116,0,10.65,27.4,50.0,105.0,1050,19.23,50.0,2.54,5.867,941,0.96,0.8,"Bounded (75-85% Saturation, Asymmetric)",[],[]
directional_moderate,Hybrid (uncoupled),hybrid_bf,115,0,9.91,23.0,45.0,103.1,1031,17.87,38.0,2.336,5.395,898,0.87,0.8,"Bounded (75-85% Saturation, Asymmetric)",[],[]
directional_moderate,Hybrid (uncoupled),hybrid_bf,114,0,8.8,19.0,30.0,103.3,1033,15.47,33.0,2.038,4.709,994,0.98,0.8,"Bounded (75-85% Saturation, Asymmetric)",[],[]
directional_moderate,Hybrid (uncoupled),hybrid_bf,118,0,10.19,23.0,52.0,105.3,1053,19.13,45.0,2.486,5.742,926,0.88,0.8,"Bounded (75-85% Saturation, Asymmetric)",[],[]
directional_moderate,Hybrid (uncoupled),hybrid_bf,117,0,9.59,21.1,51.0,102.0,1020,16.89,34.0,2.215,5.117,908,1.02,0.8,"Bounded (75-85% Saturation, Asymmetric)",[],[]
directional_moderate,Hybrid Controller (Brute-Force),hybrid_bf,103,0,8.42,17.0,36.0,102.0,1020,14.9,29.0,1.956,4.518,970,0.89,0.8,"Bounded (75-85% Saturation, Asymmetric)",[],[]
directional_moderate,Hybrid Controller (Brute-Force),hybrid_bf,100,0,9.32,20.0,33.0,103.4,1034,16.89,31.0,2.197,5.075,925,1.06,0.8,"Bounded (75-85% Saturation, Asymmetric)",[],[]
directional_moderate,Hybrid Controller (Brute-Force),hybrid_bf,102,0,10.91,25.0,68.0,105.5,1055,19.77,43.0,2.602,6.012,910,0.97,0.8,"Bounded (75-85% Saturation, Asymmetric)",[],[]
directional_moderate,Hybrid Controller (Brute-Force),hybrid_bf,101,0,8.79,20.0,45.0,101.1,1011,15.38,32.0,2.014,4.653,908,0.97,0.8,"Bounded (75-85% Saturation, Asymmetric)",[],[]
directional_moderate,Hybrid Controller (Brute-Force),hybrid_bf,105,0,10.77,24.0,42.0,105.6,1056,20.02,41.0,2.603,6.013,889,0.96,0.8,"Bounded (75-85% Saturation, Asymmetric)",[],[]
directional_moderate,Hybrid (uncoupled),hybrid_bf,119,0,10.34,23.0,57.0,103.5,1035,18.41,36.0,2.423,5.597,1012,0.89,0.8,"Bounded (75-85% Saturation, Asymmetric)",[],[]
directional_moderate,Hybrid Controller (Brute-Force),hybrid_bf,104,0,10.14,25.0,46.0,102.1,1021,18.55,45.0,2.402,5.548,978,1.01,0.8,"Bounded (75-85% Saturation, Asymmetric)",[],[]
directional_moderate,Hybrid Controller (Brute-Force),hybrid_bf,107,0,9.33,21.0,37.0,104.6,1046,16.72,33.0,2.207,5.097,976,0.88,0.8,"Bounded (75-85% Saturation, Asymmetric)",[],[]
directional_moderate,Hybrid Controller (Brute-Force),hybrid_bf,108,0,11.25,27.9,50.0,104.2,1042,20.19,41.0,2.658,6.141,905,1.08,0.8,"Bounded (75-85% Saturation, Asymmetric)",[],[]
directional_moderate,Hybrid Controller (Brute-Force),hybrid_bf,106,0,8.42,18.0,36.0,98.5,985,14.32,30.0,1.883,4.35,947,1.02,0.8,"Bounded (75-85% Saturation, Asymmetric)",[],[]
directional_moderate,Hybrid Controller (Brute-Force),hybrid_bf,110,0,9.41,22.0,35.0,102.7,1027,16.8,34.0,2.198,5.076,934,1.08,0.8,"Bounded (75-85% Saturation, Asymmetric)",[],[]
directional_moderate,Hybrid Controller (Brute-Force),hybrid_bf,112,0,9.82,23.0,47.0,101.5,1015,17.31,37.0,2.26,5.22,882,1.01,0.8,"Bounded (75-85% Saturation, Asymmetric)",[],[]
directional_moderate,Hybrid Controller (Brute-Force),hybrid_bf,113,0,8.9,19.2,35.0,103.4,1034,15.94,33.0,2.092,4.831,970,0.94,0.8,"Bounded (75-85% Saturation, Asymmetric)",[],[]
directional_moderate,Hybrid Controller (Brute-Force),hybrid_bf,111,0,10.34,25.65,55.0,105.0,1050,18.64,34.0,2.455,5.671,948,0.87,0.8,"Bounded (75-85% Saturation, Asymmetric)",[],[]
directional_moderate,Hybrid Controller (Brute-Force),hybrid_bf,109,0,10.16,23.0,47.0,106.4,1064,18.57,36.0,2.447,5.653,946,1.06,0.8,"Bounded (75-85% Saturation, Asymmetric)",[],[]
incident_moderate,Fixed-Timing Baseline,fixed,101,0,27.71,53.0,71.0,98.2,982,48.82,71.0,6.442,14.88,114,7.64,0.72,Bounded + Bottleneck Incident,[],[]
directional_moderate,Hybrid Controller (Brute-Force),hybrid_bf,114,0,8.8,19.0,30.0,103.3,1033,15.47,33.0,2.038,4.709,994,0.98,0.8,"Bounded (75-85% Saturation, Asymmetric)",[],[]
incident_moderate,Fixed-Timing Baseline,fixed,100,0,27.96,55.0,73.0,99.8,998,50.07,72.0,6.612,15.274,114,6.96,0.72,Bounded + Bottleneck Incident,[],[]
incident_moderate,Fixed-Timing Baseline,fixed,104,0,33.02,118.7,170.0,98.3,983,59.24,91.0,7.808,18.035,114,7.61,0.72,Bounded + Bottleneck Incident,[],[]
directional_moderate,Hybrid Controller (Brute-Force),hybrid_bf,115,0,9.91,23.0,45.0,103.1,1031,17.87,38.0,2.336,5.395,898,0.87,0.8,"Bounded (75-85% Saturation, Asymmetric)",[],[]
incident_moderate,Fixed-Timing Baseline,fixed,105,0,28.18,57.0,84.0,99.1,991,49.51,79.0,6.544,15.116,114,6.27,0.72,Bounded + Bottleneck Incident,[],[]
incident_moderate,Fixed-Timing Baseline,fixed,102,0,28.69,57.0,95.0,97.0,970,49.73,80.0,6.58,15.199,114,7.57,0.72,Bounded + Bottleneck Incident,[],[]
directional_moderate,Hybrid Controller (Brute-Force),hybrid_bf,116,0,10.65,27.4,50.0,105.0,1050,19.23,50.0,2.54,5.867,941,0.96,0.8,"Bounded (75-85% Saturation, Asymmetric)",[],[]
directional_moderate,Hybrid Controller (Brute-Force),hybrid_bf,117,0,9.59,21.1,51.0,102.0,1020,16.89,34.0,2.215,5.117,908,1.02,0.8,"Bounded (75-85% Saturation, Asymmetric)",[],[]
incident_moderate,Fixed-Timing Baseline,fixed,108,0,29.35,54.65,71.0,98.0,980,50.58,74.0,6.705,15.489,114,7.47,0.72,Bounded + Bottleneck Incident,[],[]
incident_moderate,Fixed-Timing Baseline,fixed,110,0,29.49,60.0,152.0,98.8,988,51.85,84.0,6.867,15.864,114,7.82,0.72,Bounded + Bottleneck Incident,[],[]
incident_moderate,Fixed-Timing Baseline,fixed,107,0,27.92,53.0,72.0,99.4,994,48.85,72.0,6.464,14.932,114,6.27,0.72,Bounded + Bottleneck Incident,[],[]
incident_moderate,Fixed-Timing Baseline,fixed,109,0,30.1,61.95,112.0,100.9,1009,53.37,78.0,7.104,16.411,114,7.69,0.72,Bounded + Bottleneck Incident,[],[]
incident_moderate,Fixed-Timing Baseline,fixed,106,0,29.02,58.0,86.0,95.8,958,49.39,79.0,6.552,15.136,114,7.74,0.72,Bounded + Bottleneck Incident,[],[]
incident_moderate,Fixed-Timing Baseline,fixed,103,0,27.5,52.0,73.0,98.4,984,48.62,80.0,6.393,14.767,114,9.16,0.72,Bounded + Bottleneck Incident,[],[]
incident_moderate,Fixed-Timing Baseline,fixed,111,0,30.68,59.0,109.0,100.7,1007,55.33,82.0,7.281,16.818,114,8.49,0.72,Bounded + Bottleneck Incident,[],[]
incident_moderate,Fixed-Timing Baseline,fixed,112,0,27.96,57.0,95.0,97.2,972,48.72,79.0,6.394,14.771,114,7.58,0.72,Bounded + Bottleneck Incident,[],[]
incident_moderate,Fixed-Timing Baseline,fixed,113,0,31.52,77.0,132.0,100.2,1002,56.74,84.0,7.516,17.361,114,7.66,0.72,Bounded + Bottleneck Incident,[],[]
incident_moderate,Fixed-Timing Baseline,fixed,114,0,27.81,54.0,80.0,98.9,989,48.33,72.0,6.402,14.788,114,6.95,0.72,Bounded + Bottleneck Incident,[],[]
incident_moderate,Fixed-Timing Baseline,fixed,115,0,27.66,53.0,69.0,99.9,999,49.07,73.0,6.509,15.037,114,8.02,0.72,Bounded + Bottleneck Incident,[],[]
incident_moderate,Fixed-Timing Baseline,fixed,116,0,27.93,54.0,71.0,99.4,994,49.66,76.0,6.598,15.241,114,9.31,0.72,Bounded + Bottleneck Incident,[],[]
incident_moderate,Fixed-Timing Baseline,fixed,119,0,34.07,85.85,136.0,101.7,1017,62.09,94.0,8.206,18.956,114,7.24,0.72,Bounded + Bottleneck Incident,[],[]
incident_moderate,Fixed (tuned),fixed,100,0,23.97,43.0,62.0,100.1,1001,43.02,62.0,5.657,13.068,174,5.87,0.72,Bounded + Bottleneck Incident,[],[]
incident_moderate,Fixed (tuned),fixed,101,0,24.61,43.0,60.0,98.7,987,43.44,61.0,5.72,13.214,174,5.0,0.72,Bounded + Bottleneck Incident,[],[]
incident_moderate,Fixed (tuned),fixed,102,0,25.47,51.45,78.0,98.2,982,44.18,75.0,5.841,13.492,174,5.14,0.72,Bounded + Bottleneck Incident,[],[]
incident_moderate,Fixed (tuned),fixed,104,0,28.03,82.9,119.0,99.6,996,50.47,75.0,6.622,15.296,174,4.72,0.72,Bounded + Bottleneck Incident,[],[]
incident_moderate,Fixed (tuned),fixed,103,0,24.77,42.0,59.0,98.7,987,43.85,71.0,5.752,13.288,174,5.24,0.72,Bounded + Bottleneck Incident,[],[]
incident_moderate,Fixed (tuned),fixed,105,0,23.38,41.95,59.0,99.0,990,41.39,67.0,5.414,12.506,174,5.38,0.72,Bounded + Bottleneck Incident,[],[]
directional_moderate,Hybrid Controller (Brute-Force),hybrid_bf,119,0,10.34,23.0,57.0,103.5,1035,18.41,36.0,2.423,5.597,1012,0.89,0.8,"Bounded (75-85% Saturation, Asymmetric)",[],[]
incident_moderate,Fixed (tuned),fixed,106,0,24.64,47.0,74.0,96.2,962,42.1,69.0,5.541,12.799,174,5.41,0.72,Bounded + Bottleneck Incident,[],[]
incident_moderate,Fixed (tuned),fixed,107,0,24.0,40.0,61.0,100.1,1001,42.09,62.0,5.552,12.826,174,5.38,0.72,Bounded + Bottleneck Incident,[],[]
incident_moderate,Fixed-Timing Baseline,fixed,117,0,29.66,65.4,107.0,99.4,994,52.26,83.0,6.941,16.033,114,8.05,0.72,Bounded + Bottleneck Incident,[],[]
incident_moderate,Fixed (tuned),fixed,109,0,25.64,47.0,86.0,101.7,1017,45.55,69.0,6.023,13.913,174,5.53,0.72,Bounded + Bottleneck Incident,[],[]
incident_moderate,Fixed (tuned),fixed,110,0,25.33,49.0,102.0,99.1,991,44.76,73.0,5.888,13.601,174,5.88,0.72,Bounded + Bottleneck Incident,[],[]
incident_moderate,Fixed (tuned),fixed,108,0,25.28,46.0,66.0,98.3,983,43.85,66.0,5.763,13.313,174,5.41,0.72,Bounded + Bottleneck Incident,[],[]
incident_moderate,Fixed-Timing Baseline,fixed,118,0,28.77,57.0,92.0,101.7,1017,53.24,83.0,7.034,16.248,114,7.55,0.72,Bounded + Bottleneck Incident,[],[]
incident_moderate,Fixed (tuned),fixed,111,0,25.37,44.0,80.0,102.3,1023,45.76,70.0,6.032,13.933,174,5.15,0.72,Bounded + Bottleneck Incident,[],[]
incident_moderate,Fixed (tuned),fixed,112,0,24.45,45.0,71.0,97.0,970,42.81,71.0,5.574,12.875,174,5.47,0.72,Bounded + Bottleneck Incident,[],[]
incident_moderate,Fixed (tuned),fixed,113,0,27.12,53.0,99.0,101.3,1013,48.73,76.0,6.436,14.866,174,5.22,0.72,Bounded + Bottleneck Incident,[],[]
incident_moderate,Fixed (tuned),fixed,114,0,24.47,42.0,57.0,99.3,993,42.66,65.0,5.628,13.0,174,5.15,0.72,Bounded + Bottleneck Incident,[],[]
incident_moderate,Fixed (tuned),fixed,116,0,24.39,41.0,52.0,99.9,999,43.38,67.0,5.739,13.256,174,4.41,0.72,Bounded + Bottleneck Incident,[],[]
incident_moderate,Fixed (tuned),fixed,117,0,25.06,44.0,77.0,99.5,995,44.23,67.0,5.848,13.508,174,5.71,0.72,Bounded + Bottleneck Incident,[],[]
incident_moderate,Fixed (tuned),fixed,118,0,25.51,46.0,68.0,102.5,1025,47.4,76.0,6.229,14.389,174,4.62,0.72,Bounded + Bottleneck Incident,[],[]
incident_moderate,Rule-Based (tuned),rule_based,100,0,9.62,20.0,32.0,103.6,1036,17.28,32.0,2.264,5.231,540,1.88,0.72,Bounded + Bottleneck Incident,[],[]
incident_moderate,Rule-Based (tuned),rule_based,101,0,8.87,18.0,30.0,102.4,1024,15.75,30.0,2.065,4.769,539,2.14,0.72,Bounded + Bottleneck Incident,[],[]
incident_moderate,Rule-Based (tuned),rule_based,102,0,9.04,19.0,30.0,100.7,1007,15.77,36.0,2.069,4.78,535,1.95,0.72,Bounded + Bottleneck Incident,[],[]
incident_moderate,Fixed (tuned),fixed,119,0,30.48,71.7,113.0,102.6,1026,55.54,79.0,7.362,17.007,174,5.25,0.72,Bounded + Bottleneck Incident,[],[]
incident_moderate,Fixed (tuned),fixed,115,0,23.99,41.0,64.0,99.9,999,42.62,64.0,5.624,12.991,174,4.86,0.72,Bounded + Bottleneck Incident,[],[]
incident_moderate,Rule-Based (tuned),rule_based,104,0,10.85,31.0,46.0,102.3,1023,19.74,44.0,2.572,5.94,530,1.76,0.72,Bounded + Bottleneck Incident,[],[]
incident_moderate,Rule-Based (tuned),rule_based,105,0,8.93,18.0,34.0,102.1,1021,15.96,29.0,2.082,4.81,533,2.03,0.72,Bounded + Bottleneck Incident,[],[]
incident_moderate,Rule-Based (tuned),rule_based,103,0,9.22,19.0,29.0,102.2,1022,16.37,33.0,2.148,4.962,535,2.2,0.72,Bounded + Bottleneck Incident,[],[]
incident_moderate,Rule-Based (tuned),rule_based,106,0,9.26,21.0,30.0,99.1,991,15.86,34.0,2.083,4.811,539,2.58,0.72,Bounded + Bottleneck Incident,[],[]
incident_moderate,Rule-Based (tuned),rule_based,107,0,9.26,20.0,38.0,103.1,1031,16.33,32.0,2.154,4.976,536,2.38,0.72,Bounded + Bottleneck Incident,[],[]
incident_moderate,Rule-Based (tuned),rule_based,108,0,9.78,20.0,31.0,101.5,1015,17.08,31.0,2.249,5.195,529,2.55,0.72,Bounded + Bottleneck Incident,[],[]
incident_moderate,Rule-Based (tuned),rule_based,112,0,10.13,21.0,37.0,100.8,1008,17.74,34.0,2.325,5.371,535,2.16,0.72,Bounded + Bottleneck Incident,[],[]
incident_moderate,Rule-Based (tuned),rule_based,113,0,8.88,19.0,25.0,104.1,1041,16.01,30.0,2.101,4.853,537,1.87,0.72,Bounded + Bottleneck Incident,[],[]
incident_moderate,Rule-Based (tuned),rule_based,109,0,9.9,20.0,44.0,104.4,1044,17.69,33.0,2.337,5.399,538,1.91,0.72,Bounded + Bottleneck Incident,[],[]
incident_moderate,Rule-Based (tuned),rule_based,111,0,9.72,19.0,30.0,104.8,1048,17.64,34.0,2.317,5.353,543,1.98,0.72,Bounded + Bottleneck Incident,[],[]
directional_moderate,Hybrid Controller (Brute-Force),hybrid_bf,118,0,10.19,23.0,52.0,105.3,1053,19.13,45.0,2.486,5.742,926,0.88,0.8,"Bounded (75-85% Saturation, Asymmetric)",[],[]
incident_moderate,Rule-Based (tuned),rule_based,116,0,9.23,19.0,30.0,104.0,1040,16.41,32.0,2.168,5.008,542,2.36,0.72,Bounded + Bottleneck Incident,[],[]
incident_moderate,Rule-Based (tuned),rule_based,115,0,9.5,19.0,32.0,103.3,1033,16.88,33.0,2.221,5.131,535,1.78,0.72,Bounded + Bottleneck Incident,[],[]
incident_moderate,Rule-Based (tuned),rule_based,117,0,10.0,20.0,36.0,102.5,1025,17.73,32.0,2.326,5.373,525,2.49,0.72,Bounded + Bottleneck Incident,[],[]
incident_moderate,Rule-Based (tuned),rule_based,118,0,9.25,19.0,28.0,106.5,1065,17.42,38.0,2.264,5.229,538,2.27,0.72,Bounded + Bottleneck Incident,[],[]
incident_moderate,Rule-Based (tuned),rule_based,119,0,12.69,34.0,59.0,105.6,1056,23.06,43.0,3.043,7.03,516,2.16,0.72,Bounded + Bottleneck Incident,[],[]
incident_moderate,Rule-Based (tuned),rule_based,110,0,9.27,19.0,32.0,101.8,1018,16.42,34.0,2.161,4.991,520,1.98,0.72,Bounded + Bottleneck Incident,[],[]
incident_moderate,Max-Pressure (tuned),max_pressure,100,0,11.88,25.0,36.0,103.5,1035,21.36,35.0,2.806,6.481,485,2.39,0.72,Bounded + Bottleneck Incident,[],[]
incident_moderate,Max-Pressure (tuned),max_pressure,101,0,11.99,26.0,44.0,102.4,1024,21.29,38.0,2.802,6.474,472,2.33,0.72,Bounded + Bottleneck Incident,[],[]
incident_moderate,Max-Pressure (tuned),max_pressure,102,0,12.27,27.0,45.0,100.1,1001,21.39,49.0,2.819,6.512,480,2.25,0.72,Bounded + Bottleneck Incident,[],[]
incident_moderate,Rule-Based (tuned),rule_based,114,0,8.52,17.0,27.0,102.1,1021,14.9,29.0,1.959,4.526,540,1.88,0.72,Bounded + Bottleneck Incident,[],[]
incident_moderate,Max-Pressure (tuned),max_pressure,103,0,11.57,25.0,35.0,101.5,1015,20.46,40.0,2.69,6.214,472,2.43,0.72,Bounded + Bottleneck Incident,[],[]
incident_moderate,Max-Pressure (tuned),max_pressure,104,0,14.05,38.0,56.0,102.0,1020,25.51,47.0,3.329,7.691,477,2.1,0.72,Bounded + Bottleneck Incident,[],[]
incident_moderate,Max-Pressure (tuned),max_pressure,105,0,12.21,27.0,36.0,101.4,1014,21.81,42.0,2.851,6.587,483,2.45,0.72,Bounded + Bottleneck Incident,[],[]
incident_moderate,Max-Pressure (tuned),max_pressure,106,0,12.15,26.0,38.0,98.4,984,20.77,40.0,2.726,6.297,477,2.6,0.72,Bounded + Bottleneck Incident,[],[]
incident_moderate,Max-Pressure (tuned),max_pressure,107,0,11.78,24.0,39.0,102.2,1022,20.89,33.0,2.741,6.332,496,2.36,0.72,Bounded + Bottleneck Incident,[],[]
incident_moderate,Max-Pressure (tuned),max_pressure,109,0,12.56,26.0,45.0,104.2,1042,22.41,40.0,2.965,6.85,474,2.31,0.72,Bounded + Bottleneck Incident,[],[]
incident_moderate,Max-Pressure (tuned),max_pressure,110,0,11.68,25.7,45.0,101.8,1018,20.66,42.0,2.717,6.276,465,2.14,0.72,Bounded + Bottleneck Incident,[],[]
incident_moderate,Max-Pressure (tuned),max_pressure,113,0,13.06,31.0,54.0,103.4,1034,23.49,39.0,3.088,7.134,470,2.78,0.72,Bounded + Bottleneck Incident,[],[]
incident_moderate,Max-Pressure (tuned),max_pressure,111,0,13.24,28.0,50.0,104.4,1044,24.03,41.0,3.154,7.285,499,2.32,0.72,Bounded + Bottleneck Incident,[],[]
incident_moderate,Max-Pressure (tuned),max_pressure,115,0,12.2,26.0,42.0,102.9,1029,21.66,41.0,2.85,6.583,458,2.86,0.72,Bounded + Bottleneck Incident,[],[]
incident_moderate,Max-Pressure (tuned),max_pressure,114,0,11.52,23.0,38.0,101.6,1016,20.04,39.0,2.644,6.108,472,2.46,0.72,Bounded + Bottleneck Incident,[],[]
incident_moderate,Max-Pressure (tuned),max_pressure,117,0,11.62,26.0,36.0,102.1,1021,20.55,38.0,2.702,6.241,474,2.21,0.72,Bounded + Bottleneck Incident,[],[]
incident_moderate,Max-Pressure (tuned),max_pressure,116,0,11.76,23.0,34.0,103.5,1035,20.89,39.0,2.755,6.364,486,2.37,0.72,Bounded + Bottleneck Incident,[],[]
incident_moderate,Max-Pressure (tuned),max_pressure,118,0,12.53,28.15,43.0,105.4,1054,23.5,47.0,3.058,7.065,477,2.23,0.72,Bounded + Bottleneck Incident,[],[]
incident_moderate,Max-Pressure (tuned),max_pressure,119,0,13.63,31.0,55.0,105.9,1059,24.88,43.0,3.269,7.552,466,2.84,0.72,Bounded + Bottleneck Incident,[],[]
incident_moderate,Max-Pressure (tuned),max_pressure,112,0,12.53,27.0,48.0,100.0,1000,21.97,39.0,2.873,6.637,496,2.49,0.72,Bounded + Bottleneck Incident,[],[]
incident_moderate,Max-Pressure (tuned),max_pressure,108,0,12.99,29.0,39.0,100.9,1009,22.68,38.0,2.991,6.909,478,2.31,0.72,Bounded + Bottleneck Incident,[],[]
incident_moderate,Hybrid (uncoupled),hybrid_bf,101,0,7.16,16.0,23.0,102.8,1028,12.69,24.0,1.672,3.861,1251,0.75,0.72,Bounded + Bottleneck Incident,[],[]
incident_moderate,Hybrid (uncoupled),hybrid_bf,103,0,7.12,16.0,27.0,102.9,1029,12.6,26.0,1.657,3.828,1265,0.84,0.72,Bounded + Bottleneck Incident,[],[]
incident_moderate,Hybrid (uncoupled),hybrid_bf,104,0,8.62,24.9,40.0,102.7,1027,15.79,39.0,2.036,4.702,1282,0.87,0.72,Bounded + Bottleneck Incident,[],[]
incident_moderate,Hybrid (uncoupled),hybrid_bf,102,0,7.49,17.0,26.0,100.9,1009,13.04,31.0,1.71,3.951,1203,0.89,0.72,Bounded + Bottleneck Incident,[],[]
incident_moderate,Hybrid (uncoupled),hybrid_bf,105,0,6.98,15.0,26.0,102.7,1027,12.48,26.0,1.629,3.763,1250,0.79,0.72,Bounded + Bottleneck Incident,[],[]
incident_moderate,Hybrid (uncoupled),hybrid_bf,106,0,7.08,17.0,31.0,99.3,993,12.12,31.0,1.589,3.67,1259,0.87,0.72,Bounded + Bottleneck Incident,[],[]
incident_moderate,Hybrid (uncoupled),hybrid_bf,108,0,7.7,18.0,31.0,101.8,1018,13.43,28.0,1.77,4.088,1245,0.8,0.72,Bounded + Bottleneck Incident,[],[]
incident_moderate,Hybrid (uncoupled),hybrid_bf,110,0,7.02,16.6,32.0,102.8,1028,12.45,29.0,1.636,3.78,1211,0.64,0.72,Bounded + Bottleneck Incident,[],[]
incident_moderate,Hybrid (uncoupled),hybrid_bf,111,0,7.91,18.0,28.0,105.2,1052,14.33,28.0,1.886,4.356,1286,0.83,0.72,Bounded + Bottleneck Incident,[],[]
incident_moderate,Hybrid (uncoupled),hybrid_bf,113,0,7.46,17.0,27.0,105.0,1050,13.49,27.0,1.77,4.089,1216,0.76,0.72,Bounded + Bottleneck Incident,[],[]
incident_moderate,Hybrid (uncoupled),hybrid_bf,112,0,7.28,17.0,32.0,101.8,1018,12.73,31.0,1.672,3.863,1345,0.67,0.72,Bounded + Bottleneck Incident,[],[]
incident_moderate,Hybrid (uncoupled),hybrid_bf,115,0,7.51,17.0,27.0,103.3,1033,13.37,30.0,1.75,4.043,1236,0.69,0.72,Bounded + Bottleneck Incident,[],[]
incident_moderate,Hybrid (uncoupled),hybrid_bf,116,0,6.94,15.0,22.0,104.4,1044,12.35,27.0,1.631,3.768,1307,0.75,0.72,Bounded + Bottleneck Incident,[],[]
incident_moderate,Hybrid (uncoupled),hybrid_bf,100,0,7.18,16.0,31.0,104.0,1040,12.95,27.0,1.693,3.912,1262,0.67,0.72,Bounded + Bottleneck Incident,[],[]
incident_moderate,Hybrid (uncoupled),hybrid_bf,109,0,7.39,16.0,34.0,104.9,1049,13.18,27.0,1.747,4.036,1236,0.77,0.72,Bounded + Bottleneck Incident,[],[]
incident_moderate,Hybrid (uncoupled),hybrid_bf,117,0,7.27,16.0,31.0,102.8,1028,12.89,30.0,1.686,3.896,1204,0.82,0.72,Bounded + Bottleneck Incident,[],[]
incident_moderate,Hybrid (uncoupled),hybrid_bf,118,0,7.37,17.0,28.0,106.7,1067,13.92,34.0,1.799,4.156,1304,0.75,0.72,Bounded + Bottleneck Incident,[],[]
incident_moderate,Hybrid Controller (Brute-Force),hybrid_bf,101,0,6.93,16.0,26.0,103.1,1031,12.29,25.0,1.616,3.733,1321,0.77,0.72,Bounded + Bottleneck Incident,[],[]
incident_moderate,Hybrid Controller (Brute-Force),hybrid_bf,100,0,7.18,16.0,30.0,103.9,1039,12.98,27.0,1.689,3.901,1323,0.74,0.72,Bounded + Bottleneck Incident,[],[]
incident_moderate,Hybrid (uncoupled),hybrid_bf,107,0,7.47,16.7,30.0,103.4,1034,13.15,28.0,1.738,4.016,1224,0.79,0.72,Bounded + Bottleneck Incident,[],[]
incident_moderate,Hybrid (uncoupled),hybrid_bf,114,0,6.56,14.0,25.0,102.7,1027,11.43,29.0,1.512,3.494,1270,0.86,0.72,Bounded + Bottleneck Incident,[],[]
incident_moderate,Hybrid Controller (Brute-Force),hybrid_bf,102,0,7.34,16.0,32.0,100.9,1009,12.77,29.0,1.676,3.872,1176,0.93,0.72,Bounded + Bottleneck Incident,[],[]
incident_moderate,Hybrid (uncoupled),hybrid_bf,119,0,8.49,19.0,43.0,106.5,1065,15.45,32.0,2.04,4.713,1239,0.85,0.72,Bounded + Bottleneck Incident,[],[]
incident_moderate,Hybrid Controller (Brute-Force),hybrid_bf,103,0,6.92,15.0,27.0,102.8,1028,12.25,25.0,1.612,3.723,1342,0.8,0.72,Bounded + Bottleneck Incident,[],[]
incident_moderate,Hybrid Controller (Brute-Force),hybrid_bf,104,0,8.99,26.0,40.0,102.8,1028,16.38,38.0,2.126,4.91,1226,0.83,0.72,Bounded + Bottleneck Incident,[],[]
incident_moderate,Hybrid Controller (Brute-Force),hybrid_bf,105,0,6.97,15.0,26.0,102.8,1028,12.47,27.0,1.627,3.759,1164,0.92,0.72,Bounded + Bottleneck Incident,[],[]
incident_moderate,Hybrid Controller (Brute-Force),hybrid_bf,106,0,7.08,16.0,36.0,99.4,994,12.1,31.0,1.587,3.666,1290,0.83,0.72,Bounded + Bottleneck Incident,[],[]
incident_moderate,Hybrid Controller (Brute-Force),hybrid_bf,107,0,7.51,17.0,30.0,103.5,1035,13.2,27.0,1.745,4.031,1263,0.79,0.72,Bounded + Bottleneck Incident,[],[]
incident_moderate,Hybrid Controller (Brute-Force),hybrid_bf,108,0,7.68,17.0,29.0,101.7,1017,13.36,28.0,1.758,4.062,1242,0.82,0.72,Bounded + Bottleneck Incident,[],[]
incident_moderate,Hybrid Controller (Brute-Force),hybrid_bf,111,0,7.82,18.0,25.0,105.2,1052,14.18,30.0,1.864,4.306,1304,0.73,0.72,Bounded + Bottleneck Incident,[],[]
incident_moderate,Hybrid Controller (Brute-Force),hybrid_bf,114,0,6.3,14.0,27.0,102.7,1027,10.98,24.0,1.449,3.347,1336,0.73,0.72,Bounded + Bottleneck Incident,[],[]
incident_moderate,Hybrid Controller (Brute-Force),hybrid_bf,113,0,7.51,17.0,25.0,105.0,1050,13.54,28.0,1.781,4.114,1163,0.72,0.72,Bounded + Bottleneck Incident,[],[]
incident_moderate,Hybrid Controller (Brute-Force),hybrid_bf,115,0,7.39,17.0,27.0,103.2,1032,13.16,31.0,1.725,3.986,1250,0.71,0.72,Bounded + Bottleneck Incident,[],[]
shifting_demand,Fixed-Timing Baseline,fixed,100,0,51.42,103.0,154.0,102.5,1025,103.89,186.0,13.836,31.962,114,6.96,0.8,Bounded (Dynamic Split Swap),[],[]
shifting_demand,Fixed-Timing Baseline,fixed,101,0,43.02,86.95,124.0,100.8,1008,84.87,174.0,11.3,26.102,114,7.64,0.8,Bounded (Dynamic Split Swap),[],[]
incident_moderate,Hybrid Controller (Brute-Force),hybrid_bf,109,0,7.25,16.0,32.0,104.5,1045,12.91,28.0,1.704,3.937,1306,0.8,0.72,Bounded + Bottleneck Incident,[],[]
incident_moderate,Hybrid Controller (Brute-Force),hybrid_bf,110,0,6.91,16.0,30.0,103.0,1030,12.27,31.0,1.613,3.727,1167,0.74,0.72,Bounded + Bottleneck Incident,[],[]
incident_moderate,Hybrid Controller (Brute-Force),hybrid_bf,118,0,7.52,17.0,27.0,106.8,1068,14.2,35.0,1.839,4.249,1331,0.83,0.72,Bounded + Bottleneck Incident,[],[]
shifting_demand,Fixed-Timing Baseline,fixed,102,0,42.69,90.0,129.0,101.8,1018,83.89,160.0,11.176,25.817,114,7.57,0.8,Bounded (Dynamic Split Swap),[],[]
incident_moderate,Hybrid Controller (Brute-Force),hybrid_bf,117,0,7.35,16.0,32.0,103.0,1030,13.01,28.0,1.708,3.945,1200,0.86,0.72,Bounded + Bottleneck Incident,[],[]
shifting_demand,Fixed-Timing Baseline,fixed,103,0,44.55,92.0,134.0,99.2,992,85.9,163.0,11.433,26.411,114,9.16,0.8,Bounded (Dynamic Split Swap),[],[]
shifting_demand,Fixed-Timing Baseline,fixed,104,0,47.51,102.45,150.0,101.0,1010,94.45,182.0,12.584,29.07,114,7.61,0.8,Bounded (Dynamic Split Swap),[],[]
incident_moderate,Hybrid Controller (Brute-Force),hybrid_bf,116,0,6.88,15.0,23.0,104.2,1042,12.21,28.0,1.614,3.727,1288,0.95,0.72,Bounded + Bottleneck Incident,[],[]
shifting_demand,Fixed-Timing Baseline,fixed,107,0,46.25,87.0,127.0,102.2,1022,92.0,171.0,12.262,28.326,114,6.27,0.8,Bounded (Dynamic Split Swap),[],[]
shifting_demand,Fixed-Timing Baseline,fixed,108,0,48.59,116.2,199.0,102.9,1029,95.39,148.0,12.709,29.358,114,7.47,0.8,Bounded (Dynamic Split Swap),[],[]
shifting_demand,Fixed-Timing Baseline,fixed,110,0,49.08,110.05,150.0,100.5,1005,96.57,175.0,12.87,29.73,114,7.82,0.8,Bounded (Dynamic Split Swap),[],[]
shifting_demand,Fixed-Timing Baseline,fixed,109,0,49.06,113.0,162.0,103.8,1038,96.91,147.0,12.919,29.844,114,7.69,0.8,Bounded (Dynamic Split Swap),[],[]
shifting_demand,Fixed-Timing Baseline,fixed,105,0,51.98,114.0,170.0,105.8,1058,106.53,171.0,14.196,32.793,114,6.27,0.8,Bounded (Dynamic Split Swap),[],[]
incident_moderate,Hybrid Controller (Brute-Force),hybrid_bf,112,0,7.47,16.4,28.0,101.6,1016,13.06,32.0,1.715,3.961,1251,0.73,0.72,Bounded + Bottleneck Incident,[],[]
shifting_demand,Fixed-Timing Baseline,fixed,112,0,48.35,99.25,145.0,100.4,1004,94.98,172.0,12.635,29.187,114,7.58,0.8,Bounded (Dynamic Split Swap),[],[]
shifting_demand,Fixed-Timing Baseline,fixed,106,0,46.39,88.0,122.0,98.9,989,89.75,171.0,11.959,27.625,114,7.74,0.8,Bounded (Dynamic Split Swap),[],[]
shifting_demand,Fixed-Timing Baseline,fixed,111,0,51.21,110.55,162.0,101.2,1012,101.69,178.0,13.542,31.283,114,8.49,0.8,Bounded (Dynamic Split Swap),[],[]
shifting_demand,Fixed-Timing Baseline,fixed,113,0,45.15,87.95,121.0,102.1,1021,90.51,181.0,12.061,27.861,114,7.66,0.8,Bounded (Dynamic Split Swap),[],[]
shifting_demand,Fixed-Timing Baseline,fixed,114,0,45.26,95.0,122.0,101.7,1017,88.26,152.0,11.757,27.159,114,6.95,0.8,Bounded (Dynamic Split Swap),[],[]
shifting_demand,Fixed-Timing Baseline,fixed,115,0,52.94,112.0,156.0,101.5,1015,105.59,181.0,14.071,32.503,114,8.02,0.8,Bounded (Dynamic Split Swap),[],[]
shifting_demand,Fixed-Timing Baseline,fixed,116,0,50.67,106.45,138.0,98.7,987,100.67,205.0,13.421,31.002,114,9.31,0.8,Bounded (Dynamic Split Swap),[],[]
incident_moderate,Hybrid Controller (Brute-Force),hybrid_bf,119,0,8.26,19.85,43.0,106.8,1068,15.03,31.0,1.991,4.598,1353,0.78,0.72,Bounded + Bottleneck Incident,[],[]
shifting_demand,Fixed-Timing Baseline,fixed,119,0,45.78,96.0,149.0,103.1,1031,92.97,186.0,12.381,28.601,114,7.24,0.8,Bounded (Dynamic Split Swap),[],[]
shifting_demand,Fixed (tuned),fixed,101,0,43.82,94.0,132.0,95.7,957,86.65,229.0,11.55,26.679,114,8.49,0.8,Bounded (Dynamic Split Swap),[],[]
shifting_demand,Fixed-Timing Baseline,fixed,118,0,52.39,115.0,148.0,103.5,1035,106.81,188.0,14.237,32.888,114,7.55,0.8,Bounded (Dynamic Split Swap),[],[]
shifting_demand,Fixed (tuned),fixed,103,0,43.36,91.0,120.0,94.8,948,83.71,210.0,11.157,25.773,114,8.83,0.8,Bounded (Dynamic Split Swap),[],[]
shifting_demand,Fixed (tuned),fixed,102,0,41.47,89.0,119.0,97.4,974,81.71,208.0,10.893,25.163,114,8.46,0.8,Bounded (Dynamic Split Swap),[],[]
shifting_demand,Fixed-Timing Baseline,fixed,117,0,52.48,107.0,145.0,103.1,1031,106.56,187.0,14.205,32.814,114,8.05,0.8,Bounded (Dynamic Split Swap),[],[]
shifting_demand,Fixed (tuned),fixed,104,0,45.6,97.0,128.0,95.9,959,90.84,236.0,12.109,27.973,114,8.21,0.8,Bounded (Dynamic Split Swap),[],[]
shifting_demand,Fixed (tuned),fixed,100,0,47.6,99.0,123.0,97.7,977,96.28,236.0,12.831,29.64,114,6.98,0.8,Bounded (Dynamic Split Swap),[],[]
shifting_demand,Fixed (tuned),fixed,105,0,48.79,101.0,137.0,100.9,1009,100.28,224.0,13.37,30.884,114,6.39,0.8,Bounded (Dynamic Split Swap),[],[]
shifting_demand,Fixed (tuned),fixed,106,0,46.69,104.0,137.0,93.5,935,90.43,227.0,12.056,27.849,114,8.19,0.8,Bounded (Dynamic Split Swap),[],[]
shifting_demand,Fixed (tuned),fixed,107,0,45.65,96.25,127.0,97.1,971,90.99,225.0,12.132,28.025,114,6.52,0.8,Bounded (Dynamic Split Swap),[],[]
shifting_demand,Fixed (tuned),fixed,108,0,46.29,108.0,141.0,98.0,980,91.06,200.0,12.139,28.042,114,6.87,0.8,Bounded (Dynamic Split Swap),[],[]
shifting_demand,Fixed (tuned),fixed,110,0,47.53,99.0,125.0,95.4,954,93.64,228.0,12.484,28.839,114,8.23,0.8,Bounded (Dynamic Split Swap),[],[]
shifting_demand,Fixed (tuned),fixed,111,0,47.97,100.0,129.0,96.6,966,95.5,228.0,12.728,29.403,114,8.04,0.8,Bounded (Dynamic Split Swap),[],[]
shifting_demand,Fixed (tuned),fixed,113,0,45.9,101.8,131.0,96.5,965,92.2,240.0,12.292,28.393,114,7.96,0.8,Bounded (Dynamic Split Swap),[],[]
shifting_demand,Fixed (tuned),fixed,116,0,48.81,110.0,148.0,93.6,936,96.98,256.0,12.929,29.865,114,9.16,0.8,Bounded (Dynamic Split Swap),[],[]
shifting_demand,Fixed (tuned),fixed,114,0,43.58,93.0,122.0,97.0,970,85.21,203.0,11.36,26.241,114,6.58,0.8,Bounded (Dynamic Split Swap),[],[]
shifting_demand,Fixed (tuned),fixed,112,0,46.09,99.95,134.0,96.0,960,90.85,222.0,12.106,27.965,114,7.9,0.8,Bounded (Dynamic Split Swap),[],[]
shifting_demand,Fixed (tuned),fixed,117,0,49.99,108.0,139.0,97.5,975,101.58,244.0,13.543,31.284,114,8.27,0.8,Bounded (Dynamic Split Swap),[],[]
shifting_demand,Fixed (tuned),fixed,109,0,45.9,92.8,129.0,98.5,985,90.66,200.0,12.087,27.92,114,7.87,0.8,Bounded (Dynamic Split Swap),[],[]
shifting_demand,Fixed (tuned),fixed,118,0,49.42,100.85,131.0,97.9,979,100.83,245.0,13.441,31.049,114,7.74,0.8,Bounded (Dynamic Split Swap),[],[]
shifting_demand,Fixed (tuned),fixed,119,0,46.19,95.0,149.0,97.5,975,93.86,244.0,12.512,28.903,114,7.41,0.8,Bounded (Dynamic Split Swap),[],[]
shifting_demand,Rule-Based (tuned),rule_based,100,0,13.17,29.0,57.0,115.3,1153,26.7,48.0,3.49,8.061,319,3.86,0.8,Bounded (Dynamic Split Swap),[],[]
shifting_demand,Rule-Based (tuned),rule_based,101,0,12.23,28.0,63.0,112.5,1125,24.39,44.0,3.176,7.336,335,3.92,0.8,Bounded (Dynamic Split Swap),[],[]
shifting_demand,Fixed (tuned),fixed,115,0,49.13,119.0,155.0,96.4,964,98.11,234.0,13.08,30.214,114,7.56,0.8,Bounded (Dynamic Split Swap),[],[]
shifting_demand,Rule-Based (tuned),rule_based,102,0,13.12,29.0,60.0,112.3,1123,25.82,54.0,3.387,7.823,343,3.48,0.8,Bounded (Dynamic Split Swap),[],[]
shifting_demand,Rule-Based (tuned),rule_based,103,0,11.42,24.1,48.0,110.6,1106,22.04,38.0,2.891,6.678,329,3.42,0.8,Bounded (Dynamic Split Swap),[],[]
shifting_demand,Rule-Based (tuned),rule_based,105,0,14.82,33.0,68.0,118.4,1184,30.33,51.0,4.005,9.251,344,3.86,0.8,Bounded (Dynamic Split Swap),[],[]
shifting_demand,Rule-Based (tuned),rule_based,107,0,12.6,27.0,57.0,115.7,1157,25.01,52.0,3.295,7.612,335,4.19,0.8,Bounded (Dynamic Split Swap),[],[]
shifting_demand,Rule-Based (tuned),rule_based,106,0,11.99,27.0,53.0,111.6,1116,23.17,42.0,3.052,7.05,329,2.78,0.8,Bounded (Dynamic Split Swap),[],[]
shifting_demand,Rule-Based (tuned),rule_based,104,0,13.34,33.0,74.0,113.6,1136,26.69,45.0,3.486,8.053,317,4.39,0.8,Bounded (Dynamic Split Swap),[],[]
shifting_demand,Rule-Based (tuned),rule_based,109,0,12.91,30.0,46.0,114.8,1148,25.45,44.0,3.348,7.734,325,4.01,0.8,Bounded (Dynamic Split Swap),[],[]
shifting_demand,Rule-Based (tuned),rule_based,110,0,11.71,27.0,66.0,113.0,1130,22.94,40.0,3.016,6.967,317,4.08,0.8,Bounded (Dynamic Split Swap),[],[]
shifting_demand,Rule-Based (tuned),rule_based,112,0,13.17,33.0,64.0,112.6,1126,26.01,54.0,3.398,7.848,322,3.99,0.8,Bounded (Dynamic Split Swap),[],[]
shifting_demand,Rule-Based (tuned),rule_based,113,0,12.03,26.0,73.0,114.5,1145,24.22,43.0,3.166,7.314,343,4.46,0.8,Bounded (Dynamic Split Swap),[],[]
shifting_demand,Rule-Based (tuned),rule_based,108,0,16.41,38.0,121.0,113.5,1135,32.22,59.0,4.237,9.788,340,4.05,0.8,Bounded (Dynamic Split Swap),[],[]
shifting_demand,Rule-Based (tuned),rule_based,114,0,11.68,29.0,50.0,112.7,1127,22.73,38.0,2.992,6.911,331,3.54,0.8,Bounded (Dynamic Split Swap),[],[]
shifting_demand,Rule-Based (tuned),rule_based,115,0,14.44,33.05,93.0,114.6,1146,28.73,55.0,3.786,8.746,326,3.38,0.8,Bounded (Dynamic Split Swap),[],[]
shifting_demand,Rule-Based (tuned),rule_based,111,0,14.14,35.0,77.0,113.8,1138,28.16,52.0,3.685,8.512,317,4.23,0.8,Bounded (Dynamic Split Swap),[],[]
shifting_demand,Rule-Based (tuned),rule_based,118,0,12.93,28.0,59.0,116.5,1165,26.41,48.0,3.485,8.05,322,4.3,0.8,Bounded (Dynamic Split Swap),[],[]
shifting_demand,Rule-Based (tuned),rule_based,119,0,14.95,35.0,87.0,116.3,1163,30.19,58.0,3.97,9.171,319,4.02,0.8,Bounded (Dynamic Split Swap),[],[]
shifting_demand,Rule-Based (tuned),rule_based,116,0,12.98,32.0,82.0,113.9,1139,25.83,48.0,3.374,7.794,310,4.17,0.8,Bounded (Dynamic Split Swap),[],[]
shifting_demand,Max-Pressure (tuned),max_pressure,100,0,16.49,35.0,79.0,115.3,1153,33.16,55.0,4.378,10.113,339,3.15,0.8,Bounded (Dynamic Split Swap),[],[]
shifting_demand,Max-Pressure (tuned),max_pressure,101,0,14.58,33.0,83.0,112.4,1124,28.96,49.0,3.787,8.748,342,3.18,0.8,Bounded (Dynamic Split Swap),[],[]
shifting_demand,Max-Pressure (tuned),max_pressure,102,0,16.4,41.0,71.0,112.3,1123,32.11,68.0,4.232,9.776,346,3.13,0.8,Bounded (Dynamic Split Swap),[],[]
shifting_demand,Max-Pressure (tuned),max_pressure,103,0,15.09,36.0,72.0,110.1,1101,29.09,57.0,3.812,8.805,326,4.18,0.8,Bounded (Dynamic Split Swap),[],[]
shifting_demand,Rule-Based (tuned),rule_based,117,0,14.1,31.0,60.0,117.8,1178,28.49,48.0,3.759,8.684,320,2.97,0.8,Bounded (Dynamic Split Swap),[],[]
shifting_demand,Max-Pressure (tuned),max_pressure,104,0,15.98,37.2,104.0,114.2,1142,31.73,56.0,4.179,9.654,321,3.75,0.8,Bounded (Dynamic Split Swap),[],[]
shifting_demand,Max-Pressure (tuned),max_pressure,106,0,14.71,34.0,69.0,111.5,1115,28.33,51.0,3.736,8.63,324,3.56,0.8,Bounded (Dynamic Split Swap),[],[]
shifting_demand,Max-Pressure (tuned),max_pressure,105,0,18.16,46.0,86.0,118.1,1181,37.07,63.0,4.916,11.356,326,3.81,0.8,Bounded (Dynamic Split Swap),[],[]
shifting_demand,Max-Pressure (tuned),max_pressure,107,0,16.0,41.0,86.0,114.9,1149,31.68,66.0,4.179,9.653,320,3.74,0.8,Bounded (Dynamic Split Swap),[],[]
shifting_demand,Max-Pressure (tuned),max_pressure,109,0,16.37,44.0,69.0,114.8,1148,32.12,51.0,4.238,9.789,336,3.53,0.8,Bounded (Dynamic Split Swap),[],[]
shifting_demand,Max-Pressure (tuned),max_pressure,112,0,17.97,50.0,103.0,112.0,1120,35.28,68.0,4.648,10.736,341,3.04,0.8,Bounded (Dynamic Split Swap),[],[]
shifting_demand,Max-Pressure (tuned),max_pressure,111,0,17.38,47.0,87.0,113.8,1138,34.48,62.0,4.546,10.5,313,4.31,0.8,Bounded (Dynamic Split Swap),[],[]
shifting_demand,Max-Pressure (tuned),max_pressure,114,0,15.39,34.3,69.0,112.4,1124,29.92,52.0,3.951,9.128,322,3.38,0.8,Bounded (Dynamic Split Swap),[],[]
shifting_demand,Max-Pressure (tuned),max_pressure,116,0,16.2,39.0,86.0,113.6,1136,32.23,57.0,4.204,9.712,326,3.82,0.8,Bounded (Dynamic Split Swap),[],[]
shifting_demand,Max-Pressure (tuned),max_pressure,115,0,18.54,49.0,129.0,114.3,1143,36.67,63.0,4.845,11.193,314,3.45,0.8,Bounded (Dynamic Split Swap),[],[]
shifting_demand,Max-Pressure (tuned),max_pressure,117,0,17.44,47.0,88.0,117.7,1177,35.21,61.0,4.663,10.772,323,3.35,0.8,Bounded (Dynamic Split Swap),[],[]
shifting_demand,Max-Pressure (tuned),max_pressure,118,0,16.25,36.0,69.0,116.1,1161,33.38,55.0,4.366,10.086,333,4.4,0.8,Bounded (Dynamic Split Swap),[],[]
shifting_demand,Max-Pressure (tuned),max_pressure,110,0,14.93,33.0,75.0,113.2,1132,29.27,50.0,3.865,8.929,319,3.41,0.8,Bounded (Dynamic Split Swap),[],[]
shifting_demand,Max-Pressure (tuned),max_pressure,119,0,17.6,44.0,119.0,116.4,1164,35.45,67.0,4.679,10.808,326,3.8,0.8,Bounded (Dynamic Split Swap),[],[]
shifting_demand,Max-Pressure (tuned),max_pressure,108,0,18.25,45.0,147.0,112.6,1126,35.7,63.0,4.726,10.917,335,3.2,0.8,Bounded (Dynamic Split Swap),[],[]
shifting_demand,Max-Pressure (tuned),max_pressure,113,0,15.36,35.0,89.0,114.1,1141,30.72,54.0,4.037,9.325,328,3.81,0.8,Bounded (Dynamic Split Swap),[],[]
shifting_demand,Hybrid (uncoupled),hybrid_bf,100,0,9.89,25.0,58.0,116.1,1161,20.02,39.0,2.624,6.061,894,0.78,0.8,Bounded (Dynamic Split Swap),[],[]
shifting_demand,Hybrid (uncoupled),hybrid_bf,101,0,8.61,22.0,51.0,113.6,1136,17.12,36.0,2.236,5.166,939,1.01,0.8,Bounded (Dynamic Split Swap),[],[]
shifting_demand,Hybrid (uncoupled),hybrid_bf,102,0,9.14,24.0,58.0,113.3,1133,18.01,46.0,2.356,5.442,978,0.9,0.8,Bounded (Dynamic Split Swap),[],[]
shifting_demand,Hybrid (uncoupled),hybrid_bf,107,0,8.77,22.0,56.0,116.2,1162,17.42,43.0,2.295,5.302,954,0.94,0.8,Bounded (Dynamic Split Swap),[],[]
shifting_demand,Hybrid (uncoupled),hybrid_bf,105,0,10.79,25.2,62.0,119.0,1190,22.13,41.0,2.918,6.74,958,1.02,0.8,Bounded (Dynamic Split Swap),[],[]
shifting_demand,Hybrid (uncoupled),hybrid_bf,103,0,7.93,20.0,39.0,111.6,1116,15.35,32.0,2.015,4.655,946,0.91,0.8,Bounded (Dynamic Split Swap),[],[]
shifting_demand,Hybrid (uncoupled),hybrid_bf,104,0,9.52,27.0,62.0,114.5,1145,19.13,37.0,2.484,5.739,865,1.02,0.8,Bounded (Dynamic Split Swap),[],[]
shifting_demand,Hybrid (uncoupled),hybrid_bf,108,0,11.09,28.0,103.0,114.0,1140,21.76,46.0,2.865,6.618,956,1.08,0.8,Bounded (Dynamic Split Swap),[],[]
shifting_demand,Hybrid (uncoupled),hybrid_bf,106,0,8.6,22.0,51.0,112.2,1122,16.56,37.0,2.182,5.039,951,0.85,0.8,Bounded (Dynamic Split Swap),[],[]
shifting_demand,Hybrid (uncoupled),hybrid_bf,111,0,10.12,27.0,63.0,114.6,1146,20.23,38.0,2.648,6.117,932,0.82,0.8,Bounded (Dynamic Split Swap),[],[]
shifting_demand,Hybrid (uncoupled),hybrid_bf,112,0,10.83,31.0,55.0,113.3,1133,21.35,46.0,2.798,6.464,939,0.92,0.8,Bounded (Dynamic Split Swap),[],[]
shifting_demand,Hybrid (uncoupled),hybrid_bf,110,0,8.25,22.0,49.0,113.6,1136,16.16,34.0,2.128,4.917,897,0.88,0.8,Bounded (Dynamic Split Swap),[],[]
shifting_demand,Hybrid (uncoupled),hybrid_bf,113,0,8.81,22.0,43.0,115.1,1151,17.7,38.0,2.317,5.352,967,1.18,0.8,Bounded (Dynamic Split Swap),[],[]
shifting_demand,Hybrid (uncoupled),hybrid_bf,114,0,8.86,20.0,46.0,113.4,1134,17.21,33.0,2.268,5.239,978,0.9,0.8,Bounded (Dynamic Split Swap),[],[]
shifting_demand,Hybrid (uncoupled),hybrid_bf,109,0,10.3,27.0,53.0,115.7,1157,20.23,36.0,2.681,6.192,913,1.04,0.8,Bounded (Dynamic Split Swap),[],[]
shifting_demand,Hybrid (uncoupled),hybrid_bf,115,0,10.48,28.1,96.0,115.4,1154,20.75,44.0,2.747,6.345,887,0.71,0.8,Bounded (Dynamic Split Swap),[],[]
shifting_demand,Hybrid (uncoupled),hybrid_bf,116,0,10.01,27.5,75.0,114.5,1145,19.94,44.0,2.604,6.016,887,0.94,0.8,Bounded (Dynamic Split Swap),[],[]
shifting_demand,Hybrid Controller (Brute-Force),hybrid_bf,102,0,9.14,24.0,58.0,113.3,1133,18.01,46.0,2.356,5.442,978,0.9,0.8,Bounded (Dynamic Split Swap),[],[]
shifting_demand,Hybrid Controller (Brute-Force),hybrid_bf,103,0,7.93,20.0,39.0,111.6,1116,15.35,32.0,2.015,4.655,946,0.91,0.8,Bounded (Dynamic Split Swap),[],[]
shifting_demand,Hybrid (uncoupled),hybrid_bf,118,0,9.24,24.0,63.0,117.3,1173,18.91,40.0,2.492,5.755,877,0.92,0.8,Bounded (Dynamic Split Swap),[],[]
shifting_demand,Hybrid (uncoupled),hybrid_bf,119,0,10.68,27.0,78.0,117.4,1174,21.63,48.0,2.844,6.57,955,0.96,0.8,Bounded (Dynamic Split Swap),[],[]
shifting_demand,Hybrid Controller (Brute-Force),hybrid_bf,101,0,8.61,22.0,51.0,113.6,1136,17.12,36.0,2.236,5.166,939,1.01,0.8,Bounded (Dynamic Split Swap),[],[]
shifting_demand,Hybrid Controller (Brute-Force),hybrid_bf,100,0,9.89,25.0,58.0,116.1,1161,20.02,39.0,2.624,6.061,894,0.78,0.8,Bounded (Dynamic Split Swap),[],[]
shifting_demand,Hybrid (uncoupled),hybrid_bf,117,0,9.94,25.0,52.0,118.0,1180,20.12,38.0,2.648,6.116,892,0.93,0.8,Bounded (Dynamic Split Swap),[],[]
shifting_demand,Hybrid Controller (Brute-Force),hybrid_bf,105,0,10.79,25.2,62.0,119.0,1190,22.13,41.0,2.918,6.74,958,1.02,0.8,Bounded (Dynamic Split Swap),[],[]
shifting_demand,Hybrid Controller (Brute-Force),hybrid_bf,106,0,8.6,22.0,51.0,112.2,1122,16.56,37.0,2.182,5.039,951,0.85,0.8,Bounded (Dynamic Split Swap),[],[]
shifting_demand,Hybrid Controller (Brute-Force),hybrid_bf,107,0,8.77,22.0,56.0,116.2,1162,17.42,43.0,2.295,5.302,954,0.94,0.8,Bounded (Dynamic Split Swap),[],[]
shifting_demand,Hybrid Controller (Brute-Force),hybrid_bf,108,0,11.09,28.0,103.0,114.0,1140,21.76,46.0,2.865,6.618,956,1.08,0.8,Bounded (Dynamic Split Swap),[],[]
shifting_demand,Hybrid Controller (Brute-Force),hybrid_bf,104,0,9.52,27.0,62.0,114.5,1145,19.13,37.0,2.484,5.739,865,1.02,0.8,Bounded (Dynamic Split Swap),[],[]
shifting_demand,Hybrid Controller (Brute-Force),hybrid_bf,110,0,8.25,22.0,49.0,113.6,1136,16.16,34.0,2.128,4.917,897,0.88,0.8,Bounded (Dynamic Split Swap),[],[]
shifting_demand,Hybrid Controller (Brute-Force),hybrid_bf,109,0,10.3,27.0,53.0,115.7,1157,20.23,36.0,2.681,6.192,913,1.04,0.8,Bounded (Dynamic Split Swap),[],[]
shifting_demand,Hybrid Controller (Brute-Force),hybrid_bf,111,0,10.12,27.0,63.0,114.6,1146,20.23,38.0,2.648,6.117,932,0.82,0.8,Bounded (Dynamic Split Swap),[],[]
shifting_demand,Hybrid Controller (Brute-Force),hybrid_bf,112,0,10.83,31.0,55.0,113.3,1133,21.35,46.0,2.798,6.464,939,0.92,0.8,Bounded (Dynamic Split Swap),[],[]
surge_moderate,Fixed-Timing Baseline,fixed,100,0,48.28,144.0,179.0,109.6,1096,99.97,194.0,12.801,29.57,114,6.96,0.78,Bounded + Transient Burst,[],[]
shifting_demand,Hybrid Controller (Brute-Force),hybrid_bf,114,0,8.86,20.0,46.0,113.4,1134,17.21,33.0,2.268,5.239,978,0.9,0.8,Bounded (Dynamic Split Swap),[],[]
surge_moderate,Fixed-Timing Baseline,fixed,101,0,49.13,145.2,181.0,107.8,1078,100.47,189.0,12.851,29.687,114,7.64,0.78,Bounded + Transient Burst,[],[]
surge_moderate,Fixed-Timing Baseline,fixed,102,0,50.8,146.8,182.0,104.2,1042,102.04,193.0,12.925,29.856,114,7.57,0.78,Bounded + Transient Burst,[],[]
surge_moderate,Fixed-Timing Baseline,fixed,103,0,46.25,123.0,168.0,109.9,1099,94.05,180.0,12.137,28.037,114,9.16,0.78,Bounded + Transient Burst,[],[]
shifting_demand,Hybrid Controller (Brute-Force),hybrid_bf,115,0,10.48,28.1,96.0,115.4,1154,20.75,44.0,2.747,6.345,887,0.71,0.8,Bounded (Dynamic Split Swap),[],[]
surge_moderate,Fixed-Timing Baseline,fixed,105,0,47.09,141.0,189.0,109.3,1093,96.46,178.0,12.37,28.574,114,6.27,0.78,Bounded + Transient Burst,[],[]
surge_moderate,Fixed-Timing Baseline,fixed,106,0,45.94,128.0,158.0,106.4,1064,91.22,162.0,11.72,27.074,114,7.74,0.78,Bounded + Transient Burst,[],[]
surge_moderate,Fixed-Timing Baseline,fixed,104,0,49.45,145.8,194.0,109.7,1097,102.77,193.0,13.242,30.59,114,7.61,0.78,Bounded + Transient Burst,[],[]
surge_moderate,Fixed-Timing Baseline,fixed,107,0,50.06,151.0,180.0,110.2,1102,103.31,197.0,13.228,30.556,114,6.27,0.78,Bounded + Transient Burst,[],[]
surge_moderate,Fixed-Timing Baseline,fixed,108,0,47.82,134.0,193.0,107.0,1070,95.17,179.0,12.242,28.28,114,7.47,0.78,Bounded + Transient Burst,[],[]
surge_moderate,Fixed-Timing Baseline,fixed,109,0,46.91,149.0,189.0,111.4,1114,96.68,177.0,12.437,28.729,114,7.69,0.78,Bounded + Transient Burst,[],[]
surge_moderate,Fixed-Timing Baseline,fixed,110,0,43.8,119.0,172.0,111.0,1110,87.58,172.0,11.486,26.532,114,7.82,0.78,Bounded + Transient Burst,[],[]
shifting_demand,Hybrid Controller (Brute-Force),hybrid_bf,116,0,10.01,27.5,75.0,114.5,1145,19.94,44.0,2.604,6.016,887,0.94,0.8,Bounded (Dynamic Split Swap),[],[]
shifting_demand,Hybrid Controller (Brute-Force),hybrid_bf,113,0,8.81,22.0,43.0,115.1,1151,17.7,38.0,2.317,5.352,967,1.18,0.8,Bounded (Dynamic Split Swap),[],[]
surge_moderate,Fixed-Timing Baseline,fixed,112,0,48.45,143.0,193.0,106.9,1069,98.37,189.0,12.585,29.072,114,7.58,0.78,Bounded + Transient Burst,[],[]
surge_moderate,Fixed-Timing Baseline,fixed,111,0,49.61,147.6,190.0,109.9,1099,102.69,197.0,13.174,30.433,114,8.49,0.78,Bounded + Transient Burst,[],[]
shifting_demand,Hybrid Controller (Brute-Force),hybrid_bf,117,0,9.94,25.0,52.0,118.0,1180,20.12,38.0,2.648,6.116,892,0.93,0.8,Bounded (Dynamic Split Swap),[],[]
surge_moderate,Fixed-Timing Baseline,fixed,114,0,47.53,134.0,178.0,108.6,1086,95.27,178.0,12.2,28.182,114,6.95,0.78,Bounded + Transient Burst,[],[]
surge_moderate,Fixed-Timing Baseline,fixed,113,0,45.08,128.0,166.0,110.7,1107,92.25,181.0,11.951,27.607,114,7.66,0.78,Bounded + Transient Burst,[],[]
surge_moderate,Fixed-Timing Baseline,fixed,115,0,50.79,154.0,190.0,110.6,1106,106.11,193.0,13.51,31.208,114,8.02,0.78,Bounded + Transient Burst,[],[]
shifting_demand,Hybrid Controller (Brute-Force),hybrid_bf,119,0,10.68,27.0,78.0,117.4,1174,21.63,48.0,2.844,6.57,955,0.96,0.8,Bounded (Dynamic Split Swap),[],[]
shifting_demand,Hybrid Controller (Brute-Force),hybrid_bf,118,0,9.24,24.0,63.0,117.3,1173,18.91,40.0,2.492,5.755,877,0.92,0.8,Bounded (Dynamic Split Swap),[],[]
surge_moderate,Fixed-Timing Baseline,fixed,116,0,46.14,126.0,150.0,108.4,1084,93.83,173.0,12.058,27.854,114,9.31,0.78,Bounded + Transient Burst,[],[]
surge_moderate,Fixed-Timing Baseline,fixed,117,0,46.22,133.3,158.0,110.5,1105,92.59,174.0,12.068,27.878,114,8.05,0.78,Bounded + Transient Burst,[],[]
surge_moderate,Fixed (tuned),fixed,101,0,43.15,98.0,127.0,110.8,1108,85.78,170.0,11.401,26.336,174,5.23,0.78,Bounded + Transient Burst,[],[]
surge_moderate,Fixed-Timing Baseline,fixed,119,0,47.68,128.0,189.0,112.6,1126,98.65,191.0,12.799,29.566,114,7.24,0.78,Bounded + Transient Burst,[],[]
surge_moderate,Fixed (tuned),fixed,103,0,44.53,88.0,118.0,111.4,1114,89.08,191.0,11.825,27.315,174,5.09,0.78,Bounded + Transient Burst,[],[]
surge_moderate,Fixed (tuned),fixed,102,0,42.54,91.0,110.0,109.1,1091,82.77,169.0,11.004,25.419,174,5.1,0.78,Bounded + Transient Burst,[],[]
surge_moderate,Fixed-Timing Baseline,fixed,118,0,48.0,136.0,170.0,110.9,1109,102.82,182.0,13.151,30.378,114,7.55,0.78,Bounded + Transient Burst,[],[]
surge_moderate,Fixed (tuned),fixed,104,0,44.17,97.4,129.0,111.6,1116,89.75,183.0,11.907,27.505,174,5.59,0.78,Bounded + Transient Burst,[],[]
surge_moderate,Fixed (tuned),fixed,105,0,41.47,89.7,128.0,111.1,1111,82.58,170.0,10.939,25.268,174,5.16,0.78,Bounded + Transient Burst,[],[]
surge_moderate,Fixed (tuned),fixed,100,0,41.38,91.0,120.0,112.5,1125,83.39,176.0,11.072,25.576,174,6.48,0.78,Bounded + Transient Burst,[],[]
surge_moderate,Fixed (tuned),fixed,106,0,39.92,77.0,109.0,108.6,1086,77.4,156.0,10.274,23.733,174,5.56,0.78,Bounded + Transient Burst,[],[]
surge_moderate,Fixed (tuned),fixed,107,0,45.24,100.0,124.0,113.5,1135,90.94,185.0,12.085,27.917,174,5.32,0.78,Bounded + Transient Burst,[],[]
surge_moderate,Fixed (tuned),fixed,108,0,41.83,89.0,113.0,108.7,1087,81.1,167.0,10.774,24.889,174,5.92,0.78,Bounded + Transient Burst,[],[]
surge_moderate,Fixed (tuned),fixed,110,0,38.23,73.75,111.0,111.1,1111,75.93,158.0,10.074,23.272,174,5.94,0.78,Bounded + Transient Burst,[],[]
surge_moderate,Fixed (tuned),fixed,109,0,43.87,97.0,130.0,113.0,1130,87.93,179.0,11.679,26.978,174,5.81,0.78,Bounded + Transient Burst,[],[]
surge_moderate,Fixed (tuned),fixed,111,0,42.75,90.0,136.0,113.3,1133,86.23,179.0,11.446,26.441,174,5.79,0.78,Bounded + Transient Burst,[],[]
surge_moderate,Fixed (tuned),fixed,113,0,42.26,89.0,116.0,112.3,1123,84.98,174.0,11.297,26.096,174,5.6,0.78,Bounded + Transient Burst,[],[]
surge_moderate,Fixed (tuned),fixed,112,0,43.13,101.0,143.0,108.9,1089,85.99,181.0,11.29,26.081,174,4.85,0.78,Bounded + Transient Burst,[],[]
surge_moderate,Fixed (tuned),fixed,114,0,42.4,89.0,124.0,111.6,1116,83.22,174.0,11.063,25.555,174,5.87,0.78,Bounded + Transient Burst,[],[]
surge_moderate,Fixed (tuned),fixed,116,0,41.22,84.0,107.0,110.8,1108,82.39,165.0,10.964,25.328,174,5.4,0.78,Bounded + Transient Burst,[],[]
surge_moderate,Fixed (tuned),fixed,117,0,41.47,90.6,112.0,110.7,1107,82.33,171.0,10.956,25.309,174,6.52,0.78,Bounded + Transient Burst,[],[]
surge_moderate,Fixed (tuned),fixed,115,0,48.81,110.0,143.0,112.3,1123,99.19,187.0,13.189,30.467,174,5.48,0.78,Bounded + Transient Burst,[],[]
surge_moderate,Fixed (tuned),fixed,119,0,47.46,120.5,178.0,112.2,1122,97.05,184.0,12.932,29.872,174,5.47,0.78,Bounded + Transient Burst,[],[]
surge_moderate,Fixed (tuned),fixed,118,0,44.55,96.0,135.0,114.2,1142,92.76,174.0,12.314,28.446,174,5.57,0.78,Bounded + Transient Burst,[],[]
surge_moderate,Rule-Based (tuned),rule_based,102,0,28.87,72.0,98.0,112.9,1129,56.1,148.0,7.437,17.179,474,2.64,0.78,Bounded + Transient Burst,[],[]
surge_moderate,Rule-Based (tuned),rule_based,101,0,28.73,76.0,97.0,115.9,1159,57.25,149.0,7.603,17.564,480,3.13,0.78,Bounded + Transient Burst,[],[]
surge_moderate,Rule-Based (tuned),rule_based,100,0,28.56,75.0,108.0,117.1,1171,57.64,151.0,7.63,17.625,490,3.07,0.78,Bounded + Transient Burst,[],[]
surge_moderate,Rule-Based (tuned),rule_based,104,0,29.18,75.4,112.0,116.7,1167,59.57,157.0,7.865,18.167,471,2.97,0.78,Bounded + Transient Burst,[],[]
surge_moderate,Rule-Based (tuned),rule_based,105,0,26.29,73.0,96.0,116.0,1160,52.68,141.0,6.964,16.087,470,2.41,0.78,Bounded + Transient Burst,[],[]
surge_moderate,Rule-Based (tuned),rule_based,103,0,28.76,73.0,106.0,116.3,1163,57.51,162.0,7.63,17.626,486,2.44,0.78,Bounded + Transient Burst,[],[]
surge_moderate,Rule-Based (tuned),rule_based,106,0,26.0,67.0,103.0,113.4,1134,50.27,126.0,6.673,15.415,497,2.71,0.78,Bounded + Transient Burst,[],[]
surge_moderate,Rule-Based (tuned),rule_based,108,0,27.43,74.0,110.0,113.4,1134,53.4,136.0,7.078,16.349,481,2.78,0.78,Bounded + Transient Burst,[],[]
surge_moderate,Rule-Based (tuned),rule_based,110,0,24.4,67.0,95.0,116.2,1162,48.47,140.0,6.43,14.853,497,2.56,0.78,Bounded + Transient Burst,[],[]
surge_moderate,Rule-Based (tuned),rule_based,111,0,28.35,77.0,110.0,117.9,1179,57.39,154.0,7.616,17.593,484,2.22,0.78,Bounded + Transient Burst,[],[]
surge_moderate,Rule-Based (tuned),rule_based,112,0,32.56,83.1,115.0,113.7,1137,64.47,165.0,8.532,19.708,473,2.91,0.78,Bounded + Transient Burst,[],[]
surge_moderate,Rule-Based (tuned),rule_based,109,0,29.23,82.0,105.0,117.4,1174,58.76,151.0,7.802,18.024,485,2.54,0.78,Bounded + Transient Burst,[],[]
surge_moderate,Rule-Based (tuned),rule_based,113,0,25.73,72.0,97.0,116.8,1168,51.56,146.0,6.838,15.797,480,2.6,0.78,Bounded + Transient Burst,[],[]
surge_moderate,Rule-Based (tuned),rule_based,107,0,31.97,80.0,100.0,117.0,1170,64.24,158.0,8.532,19.708,475,2.98,0.78,Bounded + Transient Burst,[],[]
surge_moderate,Rule-Based (tuned),rule_based,114,0,26.14,73.0,96.0,116.0,1160,51.22,147.0,6.802,15.713,486,2.46,0.78,Bounded + Transient Burst,[],[]
surge_moderate,Rule-Based (tuned),rule_based,116,0,26.27,64.0,89.0,116.0,1160,52.35,133.0,6.946,16.045,481,3.39,0.78,Bounded + Transient Burst,[],[]
surge_moderate,Rule-Based (tuned),rule_based,117,0,25.93,66.0,90.0,116.1,1161,51.26,140.0,6.8,15.709,478,2.85,0.78,Bounded + Transient Burst,[],[]
surge_moderate,Rule-Based (tuned),rule_based,118,0,28.66,74.0,99.0,119.0,1190,60.07,147.0,7.93,18.318,480,2.66,0.78,Bounded + Transient Burst,[],[]
surge_moderate,Rule-Based (tuned),rule_based,119,0,28.73,78.0,120.0,119.0,1190,58.46,149.0,7.757,17.918,481,2.88,0.78,Bounded + Transient Burst,[],[]
surge_moderate,Rule-Based (tuned),rule_based,115,0,34.46,91.0,143.0,116.9,1169,69.85,157.0,9.266,21.403,474,2.82,0.78,Bounded + Transient Burst,[],[]
surge_moderate,Max-Pressure (tuned),max_pressure,100,0,30.63,82.0,112.0,115.6,1156,61.86,159.0,8.162,18.854,450,3.51,0.78,Bounded + Transient Burst,[],[]
surge_moderate,Max-Pressure (tuned),max_pressure,101,0,29.6,80.6,109.0,115.5,1155,58.92,149.0,7.82,18.065,455,2.82,0.78,Bounded + Transient Burst,[],[]
surge_moderate,Max-Pressure (tuned),max_pressure,106,0,27.52,67.0,102.0,112.3,1123,53.25,129.0,7.057,16.302,451,3.31,0.78,Bounded + Transient Burst,[],[]
surge_moderate,Max-Pressure (tuned),max_pressure,104,0,29.65,81.35,113.0,116.3,1163,60.7,154.0,8.0,18.481,450,2.96,0.78,Bounded + Transient Burst,[],[]
surge_moderate,Max-Pressure (tuned),max_pressure,105,0,28.3,79.0,113.0,114.9,1149,56.88,141.0,7.522,17.375,447,2.95,0.78,Bounded + Transient Burst,[],[]
surge_moderate,Max-Pressure (tuned),max_pressure,103,0,29.94,76.0,112.0,115.2,1152,59.9,160.0,7.931,18.32,444,2.53,0.78,Bounded + Transient Burst,[],[]
surge_moderate,Max-Pressure (tuned),max_pressure,107,0,31.86,87.0,112.0,116.6,1166,64.37,154.0,8.495,19.624,463,3.2,0.78,Bounded + Transient Burst,[],[]
surge_moderate,Max-Pressure (tuned),max_pressure,108,0,29.9,78.3,127.0,112.6,1126,58.17,137.0,7.675,17.729,467,2.48,0.78,Bounded + Transient Burst,[],[]
surge_moderate,Max-Pressure (tuned),max_pressure,102,0,30.39,78.35,98.0,111.0,1110,59.08,146.0,7.794,18.003,445,2.68,0.78,Bounded + Transient Burst,[],[]
surge_moderate,Max-Pressure (tuned),max_pressure,110,0,25.01,71.0,109.0,115.7,1157,49.67,135.0,6.587,15.215,471,2.06,0.78,Bounded + Transient Burst,[],[]
surge_moderate,Max-Pressure (tuned),max_pressure,111,0,30.41,82.0,122.0,116.5,1165,61.77,155.0,8.123,18.764,472,2.6,0.78,Bounded + Transient Burst,[],[]
surge_moderate,Max-Pressure (tuned),max_pressure,109,0,30.02,84.2,109.0,117.3,1173,60.6,155.0,7.999,18.477,460,2.69,0.78,Bounded + Transient Burst,[],[]
surge_moderate,Max-Pressure (tuned),max_pressure,114,0,28.33,79.0,119.0,114.9,1149,55.71,151.0,7.39,17.071,455,2.39,0.78,Bounded + Transient Burst,[],[]
surge_moderate,Max-Pressure (tuned),max_pressure,113,0,27.44,76.35,103.0,116.4,1164,54.95,144.0,7.282,16.82,456,2.64,0.78,Bounded + Transient Burst,[],[]
surge_moderate,Max-Pressure (tuned),max_pressure,115,0,34.65,97.0,151.0,115.9,1159,70.54,156.0,9.294,21.47,443,2.81,0.78,Bounded + Transient Burst,[],[]
surge_moderate,Max-Pressure (tuned),max_pressure,116,0,27.66,71.6,99.0,115.4,1154,55.16,138.0,7.309,16.885,470,2.46,0.78,Bounded + Transient Burst,[],[]
surge_moderate,Max-Pressure (tuned),max_pressure,117,0,26.74,73.0,98.0,115.4,1154,53.01,142.0,7.013,16.199,449,2.39,0.78,Bounded + Transient Burst,[],[]
surge_moderate,Max-Pressure (tuned),max_pressure,118,0,30.89,78.0,111.0,118.3,1183,64.76,150.0,8.546,19.741,455,2.82,0.78,Bounded + Transient Burst,[],[]
surge_moderate,Max-Pressure (tuned),max_pressure,119,0,29.17,78.0,140.0,117.9,1179,59.37,143.0,7.85,18.133,459,2.6,0.78,Bounded + Transient Burst,[],[]
surge_moderate,Max-Pressure (tuned),max_pressure,112,0,32.2,87.0,129.0,113.3,1133,63.91,165.0,8.436,19.487,455,2.59,0.78,Bounded + Transient Burst,[],[]
surge_moderate,Hybrid (uncoupled),hybrid_bf,103,0,25.99,70.0,100.0,116.9,1169,51.87,153.0,6.889,15.914,1198,0.86,0.78,Bounded + Transient Burst,[],[]
surge_moderate,Hybrid (uncoupled),hybrid_bf,102,0,25.33,70.0,102.0,113.5,1135,49.1,140.0,6.513,15.044,1159,0.93,0.78,Bounded + Transient Burst,[],[]
surge_moderate,Hybrid (uncoupled),hybrid_bf,100,0,23.82,67.0,92.0,118.0,1180,47.98,139.0,6.363,14.699,1166,0.86,0.78,Bounded + Transient Burst,[],[]
surge_moderate,Hybrid (uncoupled),hybrid_bf,106,0,23.02,64.35,94.0,113.6,1136,44.51,119.0,5.904,13.637,1262,0.85,0.78,Bounded + Transient Burst,[],[]
surge_moderate,Hybrid (uncoupled),hybrid_bf,105,0,22.97,70.0,100.0,117.0,1170,46.03,133.0,6.104,14.1,1074,0.84,0.78,Bounded + Transient Burst,[],[]
surge_moderate,Hybrid (uncoupled),hybrid_bf,108,0,24.89,70.0,107.0,114.3,1143,48.35,133.0,6.421,14.832,1176,0.92,0.78,Bounded + Transient Burst,[],[]
surge_moderate,Hybrid (uncoupled),hybrid_bf,109,0,26.29,76.9,100.0,118.3,1183,52.85,149.0,7.029,16.237,1190,0.98,0.78,Bounded + Transient Burst,[],[]
surge_moderate,Hybrid (uncoupled),hybrid_bf,104,0,25.58,70.0,98.0,116.9,1169,52.38,147.0,6.918,15.982,1152,1.15,0.78,Bounded + Transient Burst,[],[]
surge_moderate,Hybrid (uncoupled),hybrid_bf,107,0,29.08,77.0,98.0,118.0,1180,58.42,151.0,7.774,17.957,1110,1.04,0.78,Bounded + Transient Burst,[],[]
surge_moderate,Hybrid (uncoupled),hybrid_bf,101,0,25.1,73.0,91.0,116.8,1168,49.86,141.0,6.626,15.305,1205,0.9,0.78,Bounded + Transient Burst,[],[]
surge_moderate,Hybrid (uncoupled),hybrid_bf,111,0,25.97,74.0,104.0,118.2,1182,52.48,148.0,6.967,16.094,1237,0.77,0.78,Bounded + Transient Burst,[],[]
surge_moderate,Hybrid (uncoupled),hybrid_bf,110,0,20.73,64.0,92.0,116.6,1166,41.17,133.0,5.464,12.622,1134,0.65,0.78,Bounded + Transient Burst,[],[]
surge_moderate,Hybrid (uncoupled),hybrid_bf,112,0,29.4,79.0,109.0,114.2,1142,58.4,161.0,7.723,17.839,1186,0.92,0.78,Bounded + Transient Burst,[],[]
surge_moderate,Hybrid (uncoupled),hybrid_bf,116,0,24.13,61.0,83.0,116.4,1164,47.96,132.0,6.371,14.717,1129,0.94,0.78,Bounded + Transient Burst,[],[]
surge_moderate,Hybrid (uncoupled),hybrid_bf,117,0,23.35,65.05,84.0,116.3,1163,46.14,132.0,6.124,14.146,1120,0.75,0.78,Bounded + Transient Burst,[],[]
surge_moderate,Hybrid (uncoupled),hybrid_bf,113,0,22.45,66.1,91.0,117.8,1178,45.08,136.0,5.982,13.819,1149,0.92,0.78,Bounded + Transient Burst,[],[]
surge_moderate,Hybrid (uncoupled),hybrid_bf,115,0,30.98,85.0,135.0,117.7,1177,62.76,147.0,8.33,19.243,1181,0.94,0.78,Bounded + Transient Burst,[],[]
surge_moderate,Hybrid (uncoupled),hybrid_bf,118,0,26.13,70.0,94.0,119.8,1198,54.67,142.0,7.222,16.683,1161,0.75,0.78,Bounded + Transient Burst,[],[]
surge_moderate,Hybrid (uncoupled),hybrid_bf,119,0,24.45,74.0,112.0,119.4,1194,49.65,136.0,6.59,15.223,1220,0.78,0.78,Bounded + Transient Burst,[],[]
surge_moderate,Hybrid (uncoupled),hybrid_bf,114,0,22.1,67.0,92.0,116.6,1166,43.4,134.0,5.776,13.344,1148,0.91,0.78,Bounded + Transient Burst,[],[]
surge_moderate,Hybrid Controller (Brute-Force),hybrid_bf,100,0,23.79,66.9,87.0,118.1,1181,47.97,142.0,6.361,14.694,1256,1.1,0.78,Bounded + Transient Burst,[],[]
surge_moderate,Hybrid Controller (Brute-Force),hybrid_bf,101,0,23.53,69.55,85.0,117.1,1171,46.85,135.0,6.223,14.375,1330,1.21,0.78,Bounded + Transient Burst,[],[]
surge_moderate,Hybrid Controller (Brute-Force),hybrid_bf,102,0,24.31,65.0,106.0,113.7,1137,47.17,137.0,6.261,14.463,1226,0.91,0.78,Bounded + Transient Burst,[],[]
surge_moderate,Hybrid Controller (Brute-Force),hybrid_bf,103,0,24.68,65.0,92.0,116.7,1167,49.23,146.0,6.532,15.089,1266,0.91,0.78,Bounded + Transient Burst,[],[]
surge_moderate,Hybrid Controller (Brute-Force),hybrid_bf,106,0,22.06,62.0,87.0,113.7,1137,42.68,115.0,5.663,13.081,1176,0.98,0.78,Bounded + Transient Burst,[],[]
surge_moderate,Hybrid Controller (Brute-Force),hybrid_bf,107,0,27.02,74.05,96.0,118.5,1185,54.23,146.0,7.207,16.647,1244,1.26,0.78,Bounded + Transient Burst,[],[]
surge_moderate,Hybrid Controller (Brute-Force),hybrid_bf,104,0,24.56,67.2,94.0,117.6,1176,50.2,147.0,6.643,15.346,1156,1.32,0.78,Bounded + Transient Burst,[],[]
surge_moderate,Hybrid Controller (Brute-Force),hybrid_bf,108,0,23.7,66.0,106.0,114.2,1142,45.99,132.0,6.103,14.098,1172,0.99,0.78,Bounded + Transient Burst,[],[]
surge_moderate,Hybrid Controller (Brute-Force),hybrid_bf,110,0,20.71,60.8,89.0,116.3,1163,41.09,132.0,5.452,12.595,1226,0.83,0.78,Bounded + Transient Burst,[],[]
surge_moderate,Hybrid Controller (Brute-Force),hybrid_bf,105,0,22.43,71.0,102.0,117.0,1170,44.98,130.0,5.953,13.751,1218,0.88,0.78,Bounded + Transient Burst,[],[]
surge_moderate,Hybrid Controller (Brute-Force),hybrid_bf,111,0,24.58,68.0,104.0,117.9,1179,49.62,145.0,6.577,15.194,1370,0.8,0.78,Bounded + Transient Burst,[],[]
surge_moderate,Hybrid Controller (Brute-Force),hybrid_bf,112,0,27.05,72.0,105.0,114.7,1147,53.62,154.0,7.1,16.402,1232,0.91,0.78,Bounded + Transient Burst,[],[]
surge_moderate,Hybrid Controller (Brute-Force),hybrid_bf,109,0,25.03,72.0,95.0,118.0,1180,50.27,140.0,6.68,15.431,1304,1.09,0.78,Bounded + Transient Burst,[],[]
surge_moderate,Hybrid Controller (Brute-Force),hybrid_bf,116,0,22.11,59.6,79.0,117.0,1170,43.97,126.0,5.842,13.495,1248,1.15,0.78,Bounded + Transient Burst,[],[]
rush_hour,Fixed-Timing Baseline,fixed,100,0,108.22,270.0,297.0,105.0,1050,305.5,543.0,38.309,88.494,114,6.96,1.2,Oversaturated (Arterial Dominance),[],[]
surge_moderate,Hybrid Controller (Brute-Force),hybrid_bf,113,0,22.21,64.0,93.0,118.0,1180,44.56,135.0,5.922,13.679,1206,1.08,0.78,Bounded + Transient Burst,[],[]
surge_moderate,Hybrid Controller (Brute-Force),hybrid_bf,115,0,30.75,86.0,127.0,117.8,1178,62.36,148.0,8.276,19.117,1168,1.15,0.78,Bounded + Transient Burst,[],[]
rush_hour,Fixed-Timing Baseline,fixed,102,0,107.28,266.0,299.0,102.4,1024,302.59,568.0,37.929,87.617,114,7.57,1.2,Oversaturated (Arterial Dominance),[],[]
rush_hour,Fixed-Timing Baseline,fixed,101,0,104.98,263.0,279.0,102.6,1026,289.67,532.0,36.23,83.691,114,7.64,1.2,Oversaturated (Arterial Dominance),[],[]
rush_hour,Fixed-Timing Baseline,fixed,103,0,99.36,248.65,286.0,107.1,1071,276.64,511.0,34.622,79.977,114,9.16,1.2,Oversaturated (Arterial Dominance),[],[]
rush_hour,Fixed-Timing Baseline,fixed,106,0,101.17,237.15,260.0,103.5,1035,275.4,515.0,34.577,79.873,114,7.74,1.2,Oversaturated (Arterial Dominance),[],[]
rush_hour,Fixed-Timing Baseline,fixed,104,0,101.44,257.0,287.0,106.2,1062,287.34,533.0,35.956,83.058,114,7.61,1.2,Oversaturated (Arterial Dominance),[],[]
surge_moderate,Hybrid Controller (Brute-Force),hybrid_bf,117,0,22.0,61.0,78.0,116.2,1162,43.47,130.0,5.764,13.314,1204,0.82,0.78,Bounded + Transient Burst,[],[]
rush_hour,Fixed-Timing Baseline,fixed,107,0,104.93,261.0,286.0,107.6,1076,299.56,550.0,37.564,86.774,114,6.27,1.2,Oversaturated (Arterial Dominance),[],[]
rush_hour,Fixed-Timing Baseline,fixed,105,0,104.92,256.0,290.0,104.7,1047,292.95,546.0,36.698,84.773,114,6.27,1.2,Oversaturated (Arterial Dominance),[],[]
rush_hour,Fixed-Timing Baseline,fixed,109,0,109.26,267.0,308.0,106.9,1069,315.18,571.0,39.577,91.423,114,7.69,1.2,Oversaturated (Arterial Dominance),[],[]
surge_moderate,Hybrid Controller (Brute-Force),hybrid_bf,114,0,20.38,61.0,86.0,116.6,1166,39.99,129.0,5.321,12.291,1318,0.97,0.78,Bounded + Transient Burst,[],[]
rush_hour,Fixed-Timing Baseline,fixed,110,0,101.88,257.0,285.0,105.3,1053,281.44,508.0,35.227,81.375,114,7.82,1.2,Oversaturated (Arterial Dominance),[],[]
rush_hour,Fixed-Timing Baseline,fixed,108,0,108.33,255.0,304.0,102.7,1027,297.19,540.0,37.265,86.083,114,7.47,1.2,Oversaturated (Arterial Dominance),[],[]
rush_hour,Fixed-Timing Baseline,fixed,111,0,103.48,256.0,292.0,105.8,1058,289.85,536.0,36.289,83.827,114,8.49,1.2,Oversaturated (Arterial Dominance),[],[]
surge_moderate,Hybrid Controller (Brute-Force),hybrid_bf,118,0,24.72,68.0,91.0,120.1,1201,51.75,139.0,6.829,15.774,1232,1.07,0.78,Bounded + Transient Burst,[],[]
rush_hour,Fixed-Timing Baseline,fixed,112,0,106.23,255.45,307.0,102.4,1024,292.52,546.0,36.637,84.632,114,7.58,1.2,Oversaturated (Arterial Dominance),[],[]
rush_hour,Fixed-Timing Baseline,fixed,113,0,101.61,253.0,282.0,106.2,1062,283.0,519.0,35.405,81.785,114,7.66,1.2,Oversaturated (Arterial Dominance),[],[]
rush_hour,Fixed-Timing Baseline,fixed,115,0,106.27,260.7,293.0,104.9,1049,295.03,527.0,37.006,85.484,114,8.02,1.2,Oversaturated (Arterial Dominance),[],[]
rush_hour,Fixed-Timing Baseline,fixed,116,0,104.36,249.6,278.0,105.0,1050,293.7,542.0,36.85,85.124,114,9.31,1.2,Oversaturated (Arterial Dominance),[],[]
rush_hour,Fixed-Timing Baseline,fixed,117,0,110.85,272.65,312.0,105.0,1050,312.02,548.0,39.116,90.358,114,8.05,1.2,Oversaturated (Arterial Dominance),[],[]
rush_hour,Fixed-Timing Baseline,fixed,119,0,102.48,256.15,305.0,109.1,1091,293.51,532.0,36.846,85.115,114,7.24,1.2,Oversaturated (Arterial Dominance),[],[]
rush_hour,Fixed-Timing Baseline,fixed,114,0,109.89,267.0,294.0,106.5,1065,314.86,563.0,39.511,91.27,114,6.95,1.2,Oversaturated (Arterial Dominance),[],[]
rush_hour,Fixed-Timing Baseline,fixed,118,0,107.0,267.0,295.0,105.7,1057,308.87,573.0,38.758,89.532,114,7.55,1.2,Oversaturated (Arterial Dominance),[],[]
rush_hour,Fixed (tuned),fixed,100,0,72.43,131.0,177.0,124.4,1244,199.62,349.0,25.64,59.229,174,7.11,1.2,Oversaturated (Arterial Dominance),[],[]
rush_hour,Fixed (tuned),fixed,101,0,66.05,113.4,172.0,123.6,1236,177.89,317.0,22.794,52.655,174,6.21,1.2,Oversaturated (Arterial Dominance),[],[]
rush_hour,Fixed (tuned),fixed,102,0,72.57,137.0,238.0,123.1,1231,200.8,360.0,25.657,59.267,174,6.08,1.2,Oversaturated (Arterial Dominance),[],[]
rush_hour,Fixed (tuned),fixed,103,0,67.98,161.65,220.0,124.3,1243,183.37,325.0,23.687,54.716,174,5.7,1.2,Oversaturated (Arterial Dominance),[],[]
rush_hour,Fixed (tuned),fixed,104,0,68.77,132.3,196.0,124.5,1245,188.88,350.0,24.376,56.309,174,6.3,1.2,Oversaturated (Arterial Dominance),[],[]
rush_hour,Fixed (tuned),fixed,105,0,71.6,141.0,201.0,123.9,1239,194.49,335.0,25.044,57.851,174,5.24,1.2,Oversaturated (Arterial Dominance),[],[]
rush_hour,Fixed (tuned),fixed,106,0,64.35,150.0,219.0,123.5,1235,170.75,303.0,21.992,50.801,174,6.1,1.2,Oversaturated (Arterial Dominance),[],[]
rush_hour,Fixed (tuned),fixed,108,0,68.46,136.65,193.0,123.8,1238,183.52,310.0,23.55,54.399,174,6.45,1.2,Oversaturated (Arterial Dominance),[],[]
rush_hour,Fixed (tuned),fixed,110,0,65.37,131.0,195.0,124.5,1245,175.43,311.0,22.602,52.211,174,6.55,1.2,Oversaturated (Arterial Dominance),[],[]
rush_hour,Fixed (tuned),fixed,109,0,77.14,143.55,212.0,124.6,1246,217.46,384.0,27.941,64.544,174,6.14,1.2,Oversaturated (Arterial Dominance),[],[]
rush_hour,Fixed (tuned),fixed,111,0,69.53,138.0,215.0,123.9,1239,189.51,339.0,24.382,56.323,174,6.87,1.2,Oversaturated (Arterial Dominance),[],[]
rush_hour,Fixed (tuned),fixed,107,0,74.32,154.0,207.0,124.6,1246,206.49,366.0,26.608,61.463,174,6.16,1.2,Oversaturated (Arterial Dominance),[],[]
surge_moderate,Hybrid Controller (Brute-Force),hybrid_bf,119,0,24.46,74.0,111.0,119.5,1195,49.8,138.0,6.619,15.291,1342,0.82,0.78,Bounded + Transient Burst,[],[]
rush_hour,Fixed (tuned),fixed,112,0,64.97,130.0,163.0,123.5,1235,174.98,320.0,22.408,51.762,174,6.41,1.2,Oversaturated (Arterial Dominance),[],[]
rush_hour,Fixed (tuned),fixed,114,0,79.22,146.0,222.0,124.5,1245,221.25,373.0,28.485,65.8,174,6.26,1.2,Oversaturated (Arterial Dominance),[],[]
rush_hour,Fixed (tuned),fixed,113,0,70.74,140.0,236.0,124.4,1244,191.04,324.0,24.647,56.935,174,6.66,1.2,Oversaturated (Arterial Dominance),[],[]
rush_hour,Fixed (tuned),fixed,115,0,69.88,141.7,240.0,123.2,1232,189.71,335.0,24.334,56.211,174,6.4,1.2,Oversaturated (Arterial Dominance),[],[]
rush_hour,Fixed (tuned),fixed,116,0,67.39,132.0,178.0,124.2,1242,185.07,347.0,23.797,54.97,174,6.27,1.2,Oversaturated (Arterial Dominance),[],[]
rush_hour,Fixed (tuned),fixed,117,0,75.0,131.0,176.0,124.2,1242,206.04,349.0,26.466,61.136,174,7.38,1.2,Oversaturated (Arterial Dominance),[],[]
rush_hour,Fixed (tuned),fixed,118,0,72.46,141.0,236.0,124.8,1248,204.54,382.0,26.246,60.629,174,6.12,1.2,Oversaturated (Arterial Dominance),[],[]
rush_hour,Fixed (tuned),fixed,119,0,78.71,170.15,313.0,123.6,1236,218.86,382.0,28.299,65.371,174,6.59,1.2,Oversaturated (Arterial Dominance),[],[]
rush_hour,Rule-Based (tuned),rule_based,102,0,79.58,208.0,294.0,115.4,1154,217.95,442.0,28.226,65.201,229,7.48,1.2,Oversaturated (Arterial Dominance),[],[]
rush_hour,Rule-Based (tuned),rule_based,103,0,71.15,167.0,291.0,120.5,1205,191.96,366.0,24.841,57.382,280,4.16,1.2,Oversaturated (Arterial Dominance),[],[]
rush_hour,Rule-Based (tuned),rule_based,105,0,73.15,177.25,253.0,120.3,1203,198.62,376.0,25.619,59.181,250,4.19,1.2,Oversaturated (Arterial Dominance),[],[]
rush_hour,Rule-Based (tuned),rule_based,106,0,65.99,161.7,289.0,119.9,1199,174.31,348.0,22.684,52.401,268,5.45,1.2,Oversaturated (Arterial Dominance),[],[]
rush_hour,Rule-Based (tuned),rule_based,107,0,75.34,178.0,294.0,120.6,1206,209.43,406.0,26.973,62.308,260,5.1,1.2,Oversaturated (Arterial Dominance),[],[]
rush_hour,Rule-Based (tuned),rule_based,108,0,70.97,185.0,252.0,120.9,1209,189.56,344.0,24.477,56.542,246,5.9,1.2,Oversaturated (Arterial Dominance),[],[]
rush_hour,Rule-Based (tuned),rule_based,101,0,70.07,169.15,247.0,120.0,1200,187.64,358.0,24.26,56.042,249,6.31,1.2,Oversaturated (Arterial Dominance),[],[]
rush_hour,Rule-Based (tuned),rule_based,109,0,84.01,215.0,319.0,119.0,1190,235.34,451.0,30.637,70.771,243,7.54,1.2,Oversaturated (Arterial Dominance),[],[]
rush_hour,Rule-Based (tuned),rule_based,100,0,74.18,182.3,259.0,121.9,1219,203.37,376.0,26.294,60.74,252,5.43,1.2,Oversaturated (Arterial Dominance),[],[]
rush_hour,Rule-Based (tuned),rule_based,110,0,67.55,160.0,232.0,121.4,1214,181.07,345.0,23.403,54.061,273,4.85,1.2,Oversaturated (Arterial Dominance),[],[]
rush_hour,Rule-Based (tuned),rule_based,111,0,71.33,179.0,269.0,120.4,1204,194.13,377.0,25.062,57.894,259,5.65,1.2,Oversaturated (Arterial Dominance),[],[]
rush_hour,Rule-Based (tuned),rule_based,112,0,68.91,174.3,282.0,119.1,1191,183.85,367.0,23.811,55.003,245,6.06,1.2,Oversaturated (Arterial Dominance),[],[]
rush_hour,Rule-Based (tuned),rule_based,104,0,72.3,160.5,244.0,118.5,1185,198.07,422.0,25.803,59.604,258,7.11,1.2,Oversaturated (Arterial Dominance),[],[]
rush_hour,Rule-Based (tuned),rule_based,113,0,72.23,178.0,260.0,120.7,1207,195.09,369.0,25.201,58.215,267,6.28,1.2,Oversaturated (Arterial Dominance),[],[]
rush_hour,Rule-Based (tuned),rule_based,114,0,85.15,202.1,329.0,119.3,1193,237.4,429.0,30.656,70.814,250,4.63,1.2,Oversaturated (Arterial Dominance),[],[]
rush_hour,Rule-Based (tuned),rule_based,115,0,72.98,184.6,265.0,120.3,1203,197.66,369.0,25.447,58.782,264,4.52,1.2,Oversaturated (Arterial Dominance),[],[]
rush_hour,Rule-Based (tuned),rule_based,116,0,67.88,160.35,222.0,122.1,1221,186.7,373.0,24.044,55.542,266,5.35,1.2,Oversaturated (Arterial Dominance),[],[]
rush_hour,Rule-Based (tuned),rule_based,117,0,83.24,193.0,268.0,117.7,1177,227.19,419.0,29.41,67.938,249,5.48,1.2,Oversaturated (Arterial Dominance),[],[]
rush_hour,Rule-Based (tuned),rule_based,119,0,83.55,214.05,322.0,117.6,1176,232.47,444.0,30.078,69.48,266,5.83,1.2,Oversaturated (Arterial Dominance),[],[]
rush_hour,Max-Pressure (tuned),max_pressure,100,0,71.55,160.0,221.0,123.2,1232,197.07,366.0,25.406,58.689,267,5.06,1.2,Oversaturated (Arterial Dominance),[],[]
rush_hour,Max-Pressure (tuned),max_pressure,101,0,69.39,143.0,193.0,121.1,1211,185.78,347.0,24.023,55.492,261,5.24,1.2,Oversaturated (Arterial Dominance),[],[]
rush_hour,Max-Pressure (tuned),max_pressure,103,0,69.5,143.0,259.0,121.7,1217,187.99,354.0,24.263,56.047,287,3.92,1.2,Oversaturated (Arterial Dominance),[],[]
rush_hour,Rule-Based (tuned),rule_based,118,0,78.67,194.8,293.0,119.3,1193,221.29,440.0,28.549,65.947,251,5.04,1.2,Oversaturated (Arterial Dominance),[],[]
rush_hour,Max-Pressure (tuned),max_pressure,104,0,71.1,133.0,204.0,120.1,1201,195.25,401.0,25.31,58.467,273,6.04,1.2,Oversaturated (Arterial Dominance),[],[]
rush_hour,Max-Pressure (tuned),max_pressure,102,0,75.53,180.45,265.0,119.1,1191,207.49,401.0,26.72,61.723,241,6.25,1.2,Oversaturated (Arterial Dominance),[],[]
rush_hour,Max-Pressure (tuned),max_pressure,106,0,64.56,149.0,258.0,120.7,1207,172.04,332.0,22.08,51.005,272,5.19,1.2,Oversaturated (Arterial Dominance),[],[]
rush_hour,Max-Pressure (tuned),max_pressure,107,0,74.7,169.0,254.0,122.4,1224,207.76,392.0,26.776,61.852,273,5.33,1.2,Oversaturated (Arterial Dominance),[],[]
rush_hour,Max-Pressure (tuned),max_pressure,105,0,71.23,160.3,238.0,121.6,1216,193.2,363.0,24.929,57.586,266,4.51,1.2,Oversaturated (Arterial Dominance),[],[]
rush_hour,Max-Pressure (tuned),max_pressure,108,0,68.85,168.0,221.0,121.9,1219,183.85,332.0,23.732,54.82,254,5.19,1.2,Oversaturated (Arterial Dominance),[],[]
rush_hour,Max-Pressure (tuned),max_pressure,110,0,67.04,148.0,215.0,122.4,1224,180.13,338.0,23.256,53.72,276,4.07,1.2,Oversaturated (Arterial Dominance),[],[]
rush_hour,Max-Pressure (tuned),max_pressure,111,0,70.92,157.0,217.0,120.9,1209,193.72,374.0,24.948,57.63,272,3.84,1.2,Oversaturated (Arterial Dominance),[],[]
rush_hour,Max-Pressure (tuned),max_pressure,113,0,70.04,151.8,225.0,122.7,1227,189.63,344.0,24.422,56.415,277,5.08,1.2,Oversaturated (Arterial Dominance),[],[]
rush_hour,Max-Pressure (tuned),max_pressure,116,0,66.87,136.0,203.0,122.4,1224,184.34,367.0,23.644,54.617,270,4.07,1.2,Oversaturated (Arterial Dominance),[],[]
rush_hour,Max-Pressure (tuned),max_pressure,115,0,72.69,166.0,258.0,121.5,1215,196.73,355.0,25.36,58.581,271,4.5,1.2,Oversaturated (Arterial Dominance),[],[]
rush_hour,Max-Pressure (tuned),max_pressure,114,0,83.16,174.2,292.0,121.1,1211,231.52,409.0,29.921,69.117,262,4.99,1.2,Oversaturated (Arterial Dominance),[],[]
rush_hour,Max-Pressure (tuned),max_pressure,109,0,80.83,172.25,260.0,121.8,1218,227.36,418.0,29.387,67.884,261,4.97,1.2,Oversaturated (Arterial Dominance),[],[]
rush_hour,Max-Pressure (tuned),max_pressure,112,0,66.47,153.25,201.0,121.1,1211,178.04,348.0,22.983,53.092,262,5.18,1.2,Oversaturated (Arterial Dominance),[],[]
rush_hour,Max-Pressure (tuned),max_pressure,117,0,79.54,160.0,226.0,120.3,1203,218.0,390.0,28.14,65.002,261,4.49,1.2,Oversaturated (Arterial Dominance),[],[]
rush_hour,Max-Pressure (tuned),max_pressure,118,0,76.19,175.4,281.0,121.3,1213,214.35,420.0,27.648,63.866,262,5.47,1.2,Oversaturated (Arterial Dominance),[],[]
rush_hour,Max-Pressure (tuned),max_pressure,119,0,80.24,177.15,306.0,120.4,1204,224.42,416.0,28.886,66.727,278,4.88,1.2,Oversaturated (Arterial Dominance),[],[]
rush_hour,Hybrid (uncoupled),hybrid_bf,100,0,71.01,181.0,253.0,122.7,1227,195.0,367.0,25.154,58.105,756,1.31,1.2,Oversaturated (Arterial Dominance),[],[]
rush_hour,Hybrid (uncoupled),hybrid_bf,101,0,66.32,169.0,235.0,121.0,1210,177.43,346.0,22.93,52.969,724,1.3,1.2,Oversaturated (Arterial Dominance),[],[]
rush_hour,Hybrid (uncoupled),hybrid_bf,102,0,75.1,206.0,278.0,117.5,1175,205.87,420.0,26.619,61.49,666,1.73,1.2,Oversaturated (Arterial Dominance),[],[]
rush_hour,Hybrid (uncoupled),hybrid_bf,104,0,67.77,157.0,225.0,120.5,1205,186.07,399.0,24.128,55.735,766,1.77,1.2,Oversaturated (Arterial Dominance),[],[]
rush_hour,Hybrid (uncoupled),hybrid_bf,103,0,67.63,163.55,291.0,121.1,1211,182.9,359.0,23.595,54.505,812,0.98,1.2,Oversaturated (Arterial Dominance),[],[]
rush_hour,Hybrid (uncoupled),hybrid_bf,108,0,67.4,188.55,236.0,122.0,1220,179.8,330.0,23.216,53.628,725,1.4,1.2,Oversaturated (Arterial Dominance),[],[]
rush_hour,Hybrid (uncoupled),hybrid_bf,107,0,72.53,180.0,285.0,122.2,1222,201.43,394.0,26.031,60.132,764,1.28,1.2,Oversaturated (Arterial Dominance),[],[]
rush_hour,Hybrid (uncoupled),hybrid_bf,105,0,69.38,182.3,279.0,121.2,1212,188.4,365.0,24.283,56.095,744,0.98,1.2,Oversaturated (Arterial Dominance),[],[]
rush_hour,Hybrid (uncoupled),hybrid_bf,106,0,62.43,161.0,283.0,120.6,1206,165.68,334.0,21.363,49.349,792,1.35,1.2,Oversaturated (Arterial Dominance),[],[]
rush_hour,Hybrid (uncoupled),hybrid_bf,109,0,79.13,206.0,275.0,121.1,1211,222.25,423.0,28.732,66.371,720,1.95,1.2,Oversaturated (Arterial Dominance),[],[]
rush_hour,Hybrid (uncoupled),hybrid_bf,110,0,64.15,158.05,228.0,122.8,1228,172.19,332.0,22.238,51.37,780,1.19,1.2,Oversaturated (Arterial Dominance),[],[]
rush_hour,Hybrid (uncoupled),hybrid_bf,111,0,67.28,176.0,257.0,121.6,1216,183.09,363.0,23.607,54.531,758,1.08,1.2,Oversaturated (Arterial Dominance),[],[]
rush_hour,Hybrid (uncoupled),hybrid_bf,112,0,64.64,169.25,249.0,120.6,1206,173.14,353.0,22.35,51.63,716,1.39,1.2,Oversaturated (Arterial Dominance),[],[]
rush_hour,Hybrid (uncoupled),hybrid_bf,113,0,67.66,172.55,245.0,122.7,1227,183.41,345.0,23.605,54.528,801,1.34,1.2,Oversaturated (Arterial Dominance),[],[]
rush_hour,Hybrid (uncoupled),hybrid_bf,114,0,81.35,202.0,329.0,121.2,1212,226.82,410.0,29.306,67.696,733,1.35,1.2,Oversaturated (Arterial Dominance),[],[]
rush_hour,Hybrid (uncoupled),hybrid_bf,117,0,77.56,185.45,260.0,120.2,1202,212.63,393.0,27.441,63.388,732,1.27,1.2,Oversaturated (Arterial Dominance),[],[]
rush_hour,Hybrid (uncoupled),hybrid_bf,115,0,70.19,178.0,263.0,121.3,1213,190.48,358.0,24.504,56.603,758,1.52,1.2,Oversaturated (Arterial Dominance),[],[]
rush_hour,Hybrid (uncoupled),hybrid_bf,116,0,64.29,156.4,223.0,122.8,1228,176.76,365.0,22.759,52.573,768,1.2,1.2,Oversaturated (Arterial Dominance),[],[]
rush_hour,Hybrid (uncoupled),hybrid_bf,119,0,80.02,197.95,322.0,119.7,1197,222.95,425.0,28.842,66.626,810,1.18,1.2,Oversaturated (Arterial Dominance),[],[]
rush_hour,Hybrid (uncoupled),hybrid_bf,118,0,76.19,196.4,293.0,120.5,1205,213.98,428.0,27.649,63.868,736,1.16,1.2,Oversaturated (Arterial Dominance),[],[]
rush_hour,Hybrid Controller (Brute-Force),hybrid_bf,100,0,67.11,164.2,216.0,125.7,1257,185.25,340.0,23.815,55.012,766,1.77,1.2,Oversaturated (Arterial Dominance),[],[]
rush_hour,Hybrid Controller (Brute-Force),hybrid_bf,104,0,61.21,146.0,191.0,124.8,1248,167.71,347.0,21.694,50.114,792,1.98,1.2,Oversaturated (Arterial Dominance),[],[]
rush_hour,Hybrid Controller (Brute-Force),hybrid_bf,101,0,62.54,158.0,200.0,123.4,1234,167.84,321.0,21.611,49.922,726,1.93,1.2,Oversaturated (Arterial Dominance),[],[]
rush_hour,Hybrid Controller (Brute-Force),hybrid_bf,103,0,59.96,157.0,246.0,125.4,1254,163.11,318.0,20.946,48.386,824,1.42,1.2,Oversaturated (Arterial Dominance),[],[]
rush_hour,Hybrid Controller (Brute-Force),hybrid_bf,106,0,55.96,162.05,260.0,123.8,1238,148.92,302.0,19.149,44.234,776,1.67,1.2,Oversaturated (Arterial Dominance),[],[]
rush_hour,Hybrid Controller (Brute-Force),hybrid_bf,105,0,64.78,167.0,245.0,123.9,1239,176.02,340.0,22.686,52.404,734,1.48,1.2,Oversaturated (Arterial Dominance),[],[]
rush_hour,Hybrid Controller (Brute-Force),hybrid_bf,102,0,70.16,186.4,292.0,121.8,1218,192.73,375.0,24.835,57.37,672,2.89,1.2,Oversaturated (Arterial Dominance),[],[]
rush_hour,Hybrid Controller (Brute-Force),hybrid_bf,109,0,76.05,188.45,245.0,124.1,1241,213.82,392.0,27.581,63.713,732,2.44,1.2,Oversaturated (Arterial Dominance),[],[]
rush_hour,Hybrid Controller (Brute-Force),hybrid_bf,107,0,66.22,171.0,251.0,125.0,1250,184.45,364.0,23.735,54.828,774,1.81,1.2,Oversaturated (Arterial Dominance),[],[]
rush_hour,Hybrid Controller (Brute-Force),hybrid_bf,108,0,64.67,183.0,234.0,123.3,1233,172.74,317.0,22.274,51.452,722,1.96,1.2,Oversaturated (Arterial Dominance),[],[]
rush_hour,Hybrid Controller (Brute-Force),hybrid_bf,110,0,58.15,143.15,216.0,125.6,1256,156.45,302.0,20.134,46.509,790,1.62,1.2,Oversaturated (Arterial Dominance),[],[]
rush_hour,Hybrid Controller (Brute-Force),hybrid_bf,111,0,64.84,167.05,220.0,124.0,1240,176.83,340.0,22.765,52.586,768,1.67,1.2,Oversaturated (Arterial Dominance),[],[]
rush_hour,Hybrid Controller (Brute-Force),hybrid_bf,113,0,62.62,153.45,243.0,125.6,1256,170.74,316.0,21.875,50.532,796,1.58,1.2,Oversaturated (Arterial Dominance),[],[]
rush_hour,Hybrid Controller (Brute-Force),hybrid_bf,112,0,62.79,165.0,207.0,122.8,1228,168.22,329.0,21.684,50.089,712,1.92,1.2,Oversaturated (Arterial Dominance),[],[]
rush_hour,Hybrid Controller (Brute-Force),hybrid_bf,114,0,73.53,185.0,296.0,124.9,1249,205.47,373.0,26.47,61.145,756,1.57,1.2,Oversaturated (Arterial Dominance),[],[]
rush_hour,Hybrid Controller (Brute-Force),hybrid_bf,115,0,67.86,170.0,252.0,123.0,1230,183.62,340.0,23.662,54.658,754,1.88,1.2,Oversaturated (Arterial Dominance),[],[]
rush_hour,Hybrid Controller (Brute-Force),hybrid_bf,117,0,69.75,169.0,230.0,124.8,1248,192.01,348.0,24.675,56.998,766,1.91,1.2,Oversaturated (Arterial Dominance),[],[]
rush_hour,Hybrid Controller (Brute-Force),hybrid_bf,116,0,59.87,156.5,201.0,126.0,1260,164.8,331.0,21.169,48.9,780,1.59,1.2,Oversaturated (Arterial Dominance),[],[]
surge_accident,Fixed-Timing Baseline,fixed,101,0,102.33,269.0,319.0,116.9,1169,315.4,572.0,39.589,91.451,114,7.64,1.3,Oversaturated + Bottleneck Incident,[],[]
rush_hour,Hybrid Controller (Brute-Force),hybrid_bf,118,0,69.18,175.0,261.0,124.7,1247,194.57,385.0,25.088,57.954,742,1.99,1.2,Oversaturated (Arterial Dominance),[],[]
surge_accident,Fixed-Timing Baseline,fixed,102,0,105.86,279.0,313.0,114.2,1142,326.81,605.0,41.095,94.93,114,7.57,1.3,Oversaturated + Bottleneck Incident,[],[]
rush_hour,Hybrid Controller (Brute-Force),hybrid_bf,119,0,75.11,188.0,306.0,123.7,1237,210.19,385.0,27.073,62.538,812,1.51,1.2,Oversaturated (Arterial Dominance),[],[]
surge_accident,Fixed-Timing Baseline,fixed,103,0,98.18,258.8,302.0,120.5,1205,303.0,540.0,38.074,87.95,114,9.16,1.3,Oversaturated + Bottleneck Incident,[],[]
surge_accident,Fixed-Timing Baseline,fixed,104,0,99.79,267.2,330.0,119.9,1199,313.78,578.0,39.405,91.025,114,7.61,1.3,Oversaturated + Bottleneck Incident,[],[]
surge_accident,Fixed-Timing Baseline,fixed,105,0,103.19,271.0,329.0,117.9,1179,318.13,571.0,39.993,92.383,114,6.27,1.3,Oversaturated + Bottleneck Incident,[],[]
surge_accident,Fixed-Timing Baseline,fixed,106,0,100.36,251.3,305.0,116.9,1169,303.47,546.0,38.247,88.351,114,7.74,1.3,Oversaturated + Bottleneck Incident,[],[]
surge_accident,Fixed-Timing Baseline,fixed,107,0,104.11,270.0,322.0,119.2,1192,325.78,579.0,40.974,94.649,114,6.27,1.3,Oversaturated + Bottleneck Incident,[],[]
surge_accident,Fixed-Timing Baseline,fixed,108,0,106.79,269.0,324.0,116.1,1161,324.57,567.0,40.84,94.339,114,7.47,1.3,Oversaturated + Bottleneck Incident,[],[]
surge_accident,Fixed-Timing Baseline,fixed,100,0,105.81,275.25,327.0,119.4,1194,331.92,582.0,41.761,96.468,114,6.96,1.3,Oversaturated + Bottleneck Incident,[],[]
surge_accident,Fixed-Timing Baseline,fixed,109,0,107.79,279.0,352.0,121.0,1210,343.79,598.0,43.309,100.043,114,7.69,1.3,Oversaturated + Bottleneck Incident,[],[]
surge_accident,Fixed-Timing Baseline,fixed,110,0,100.33,270.25,332.0,119.1,1191,308.07,545.0,38.706,89.411,114,7.82,1.3,Oversaturated + Bottleneck Incident,[],[]
surge_accident,Fixed-Timing Baseline,fixed,111,0,102.82,265.0,314.0,117.8,1178,316.78,564.0,39.805,91.949,114,8.49,1.3,Oversaturated + Bottleneck Incident,[],[]
surge_accident,Fixed-Timing Baseline,fixed,112,0,103.65,271.0,307.0,116.7,1167,317.62,570.0,39.916,92.207,114,7.58,1.3,Oversaturated + Bottleneck Incident,[],[]
surge_accident,Fixed-Timing Baseline,fixed,113,0,100.79,271.0,328.0,121.7,1217,315.27,553.0,39.645,91.58,114,7.66,1.3,Oversaturated + Bottleneck Incident,[],[]
surge_accident,Fixed-Timing Baseline,fixed,114,0,108.52,278.2,334.0,118.7,1187,340.44,590.0,42.855,98.994,114,6.95,1.3,Oversaturated + Bottleneck Incident,[],[]
surge_accident,Fixed-Timing Baseline,fixed,117,0,107.36,283.6,338.0,120.6,1206,339.32,583.0,42.68,98.59,114,8.05,1.3,Oversaturated + Bottleneck Incident,[],[]
surge_accident,Fixed-Timing Baseline,fixed,118,0,105.27,272.0,319.0,118.6,1186,336.3,624.0,42.342,97.811,114,7.55,1.3,Oversaturated + Bottleneck Incident,[],[]
surge_accident,Fixed-Timing Baseline,fixed,115,0,104.37,268.0,313.0,121.0,1210,327.84,570.0,41.286,95.37,114,8.02,1.3,Oversaturated + Bottleneck Incident,[],[]
surge_accident,Fixed-Timing Baseline,fixed,116,0,103.1,268.0,330.0,117.8,1178,321.21,587.0,40.439,93.414,114,9.31,1.3,Oversaturated + Bottleneck Incident,[],[]
surge_accident,Fixed (tuned),fixed,100,0,89.92,182.0,225.0,128.2,1282,277.76,494.0,35.489,81.979,234,5.01,1.3,Oversaturated + Bottleneck Incident,[],[]
surge_accident,Fixed-Timing Baseline,fixed,119,0,103.03,267.95,352.0,122.3,1223,328.15,585.0,41.394,95.62,114,7.24,1.3,Oversaturated + Bottleneck Incident,[],[]
surge_accident,Fixed (tuned),fixed,101,0,83.96,165.0,205.0,127.2,1272,254.53,469.0,32.482,75.033,234,4.14,1.3,Oversaturated + Bottleneck Incident,[],[]
surge_accident,Fixed (tuned),fixed,103,0,85.22,166.0,200.0,127.7,1277,257.85,468.0,33.048,76.34,234,4.36,1.3,Oversaturated + Bottleneck Incident,[],[]
surge_accident,Fixed (tuned),fixed,102,0,84.89,181.0,209.0,126.7,1267,258.82,480.0,32.954,76.125,234,4.06,1.3,Oversaturated + Bottleneck Incident,[],[]
surge_accident,Fixed (tuned),fixed,104,0,85.23,160.0,210.0,128.1,1281,262.69,496.0,33.655,77.742,234,4.39,1.3,Oversaturated + Bottleneck Incident,[],[]
surge_accident,Fixed (tuned),fixed,105,0,88.57,171.85,226.0,127.1,1271,268.13,477.0,34.324,79.288,234,4.16,1.3,Oversaturated + Bottleneck Incident,[],[]
surge_accident,Fixed (tuned),fixed,106,0,81.63,163.0,199.0,127.4,1274,243.18,441.0,31.11,71.863,234,4.73,1.3,Oversaturated + Bottleneck Incident,[],[]
surge_accident,Fixed (tuned),fixed,109,0,96.46,186.3,236.0,127.5,1275,302.83,533.0,38.756,89.526,234,5.06,1.3,Oversaturated + Bottleneck Incident,[],[]
surge_accident,Fixed (tuned),fixed,107,0,90.38,173.0,193.0,127.3,1273,277.69,498.0,35.57,82.167,234,4.85,1.3,Oversaturated + Bottleneck Incident,[],[]
surge_accident,Fixed (tuned),fixed,108,0,88.37,185.0,222.0,127.0,1270,264.64,451.0,33.798,78.073,234,3.51,1.3,Oversaturated + Bottleneck Incident,[],[]
surge_accident,Fixed (tuned),fixed,111,0,86.14,167.0,200.0,127.1,1271,260.84,471.0,33.347,77.031,234,4.84,1.3,Oversaturated + Bottleneck Incident,[],[]
surge_accident,Fixed (tuned),fixed,112,0,86.5,171.0,207.0,126.6,1266,260.76,469.0,33.311,76.949,234,4.39,1.3,Oversaturated + Bottleneck Incident,[],[]
surge_accident,Fixed (tuned),fixed,113,0,92.35,183.55,237.0,127.7,1277,282.57,493.0,36.323,83.906,234,4.78,1.3,Oversaturated + Bottleneck Incident,[],[]
surge_accident,Fixed (tuned),fixed,114,0,94.75,176.0,233.0,127.7,1277,292.55,500.0,37.414,86.427,234,4.36,1.3,Oversaturated + Bottleneck Incident,[],[]
surge_accident,Fixed (tuned),fixed,116,0,85.89,164.0,205.0,127.4,1274,263.31,491.0,33.688,77.819,234,4.64,1.3,Oversaturated + Bottleneck Incident,[],[]
surge_accident,Fixed (tuned),fixed,115,0,92.93,174.0,238.0,127.1,1271,286.79,509.0,36.758,84.91,234,4.69,1.3,Oversaturated + Bottleneck Incident,[],[]
surge_accident,Fixed (tuned),fixed,117,0,93.84,183.0,220.0,127.8,1278,291.15,511.0,37.308,86.18,234,4.91,1.3,Oversaturated + Bottleneck Incident,[],[]
surge_accident,Fixed (tuned),fixed,118,0,89.91,177.0,210.0,127.9,1279,283.05,531.0,36.164,83.54,234,3.95,1.3,Oversaturated + Bottleneck Incident,[],[]
surge_accident,Fixed (tuned),fixed,119,0,95.23,211.65,268.0,127.1,1271,298.14,537.0,38.261,88.384,234,4.09,1.3,Oversaturated + Bottleneck Incident,[],[]
surge_accident,Fixed (tuned),fixed,110,0,84.51,173.25,216.0,127.5,1275,254.55,461.0,32.602,75.312,234,4.97,1.3,Oversaturated + Bottleneck Incident,[],[]
surge_accident,Rule-Based (tuned),rule_based,100,0,106.91,244.6,370.0,114.2,1142,326.86,641.0,42.36,97.851,308,5.8,1.3,Oversaturated + Bottleneck Incident,[],[]
surge_accident,Rule-Based (tuned),rule_based,101,0,99.46,215.6,382.0,114.8,1148,298.58,601.0,38.658,89.301,301,7.62,1.3,Oversaturated + Bottleneck Incident,[],[]
surge_accident,Rule-Based (tuned),rule_based,103,0,102.09,238.4,344.0,112.8,1128,306.55,625.0,39.769,91.867,338,3.9,1.3,Oversaturated + Bottleneck Incident,[],[]
surge_accident,Rule-Based (tuned),rule_based,102,0,105.38,257.0,418.0,107.8,1078,316.79,677.0,41.1,94.941,264,8.09,1.3,Oversaturated + Bottleneck Incident,[],[]
surge_accident,Rule-Based (tuned),rule_based,105,0,101.07,217.0,334.0,115.4,1154,304.46,599.0,39.239,90.641,300,4.83,1.3,Oversaturated + Bottleneck Incident,[],[]
surge_accident,Rule-Based (tuned),rule_based,104,0,104.96,238.3,359.0,109.9,1099,319.68,696.0,41.869,96.718,300,8.17,1.3,Oversaturated + Bottleneck Incident,[],[]
surge_accident,Rule-Based (tuned),rule_based,106,0,95.45,223.6,334.0,113.7,1137,280.87,592.0,36.675,84.72,328,4.12,1.3,Oversaturated + Bottleneck Incident,[],[]
surge_accident,Rule-Based (tuned),rule_based,107,0,97.36,206.8,313.0,119.8,1198,296.0,585.0,38.574,89.106,312,4.7,1.3,Oversaturated + Bottleneck Incident,[],[]
surge_accident,Rule-Based (tuned),rule_based,108,0,102.09,228.0,294.0,117.5,1175,302.44,550.0,39.134,90.4,309,4.82,1.3,Oversaturated + Bottleneck Incident,[],[]
surge_accident,Rule-Based (tuned),rule_based,109,0,112.74,269.05,365.0,114.1,1141,349.76,679.0,45.598,105.332,299,6.53,1.3,Oversaturated + Bottleneck Incident,[],[]
surge_accident,Rule-Based (tuned),rule_based,110,0,100.88,221.65,342.0,112.3,1123,301.43,625.0,39.185,90.517,320,5.39,1.3,Oversaturated + Bottleneck Incident,[],[]
surge_accident,Rule-Based (tuned),rule_based,111,0,101.66,230.8,374.0,112.0,1120,306.24,627.0,39.42,91.061,301,8.18,1.3,Oversaturated + Bottleneck Incident,[],[]
surge_accident,Rule-Based (tuned),rule_based,112,0,99.17,229.8,370.0,114.8,1148,295.1,598.0,38.456,88.834,305,6.0,1.3,Oversaturated + Bottleneck Incident,[],[]
surge_accident,Rule-Based (tuned),rule_based,113,0,101.4,231.0,315.0,117.5,1175,308.47,606.0,40.131,92.702,329,6.23,1.3,Oversaturated + Bottleneck Incident,[],[]
surge_accident,Rule-Based (tuned),rule_based,115,0,101.35,218.7,303.0,119.4,1194,310.62,593.0,40.247,92.97,336,3.36,1.3,Oversaturated + Bottleneck Incident,[],[]
surge_accident,Rule-Based (tuned),rule_based,116,0,95.76,213.0,321.0,119.2,1192,290.78,581.0,37.73,87.157,316,5.77,1.3,Oversaturated + Bottleneck Incident,[],[]
surge_accident,Rule-Based (tuned),rule_based,114,0,112.14,247.0,394.0,112.8,1128,343.16,661.0,44.582,102.983,284,6.79,1.3,Oversaturated + Bottleneck Incident,[],[]
surge_accident,Rule-Based (tuned),rule_based,117,0,112.4,240.6,354.0,112.6,1126,344.27,679.0,45.086,104.148,320,5.15,1.3,Oversaturated + Bottleneck Incident,[],[]
surge_accident,Rule-Based (tuned),rule_based,118,0,106.55,246.0,372.0,115.1,1151,331.01,668.0,43.069,99.49,304,5.3,1.3,Oversaturated + Bottleneck Incident,[],[]
surge_accident,Rule-Based (tuned),rule_based,119,0,110.99,272.7,408.0,114.0,1140,345.31,674.0,44.742,103.354,328,5.41,1.3,Oversaturated + Bottleneck Incident,[],[]
surge_accident,Max-Pressure (tuned),max_pressure,100,0,100.68,216.0,322.0,119.3,1193,308.08,594.0,39.981,92.355,321,5.11,1.3,Oversaturated + Bottleneck Incident,[],[]
surge_accident,Max-Pressure (tuned),max_pressure,101,0,93.12,193.8,301.0,119.1,1191,279.5,554.0,36.108,83.409,320,5.27,1.3,Oversaturated + Bottleneck Incident,[],[]
surge_accident,Max-Pressure (tuned),max_pressure,102,0,97.92,210.0,326.0,115.0,1150,294.74,606.0,38.211,88.268,289,5.63,1.3,Oversaturated + Bottleneck Incident,[],[]
surge_accident,Max-Pressure (tuned),max_pressure,103,0,94.4,195.6,298.0,118.8,1188,283.67,561.0,36.692,84.757,339,3.38,1.3,Oversaturated + Bottleneck Incident,[],[]
surge_accident,Max-Pressure (tuned),max_pressure,104,0,97.45,213.3,318.0,115.7,1157,297.05,638.0,38.87,89.789,330,6.62,1.3,Oversaturated + Bottleneck Incident,[],[]
surge_accident,Max-Pressure (tuned),max_pressure,106,0,88.23,188.0,273.0,120.7,1207,260.39,518.0,33.822,78.128,331,4.09,1.3,Oversaturated + Bottleneck Incident,[],[]
surge_accident,Max-Pressure (tuned),max_pressure,105,0,94.65,197.55,299.0,120.0,1200,284.37,550.0,36.807,85.024,324,3.8,1.3,Oversaturated + Bottleneck Incident,[],[]
surge_accident,Max-Pressure (tuned),max_pressure,108,0,96.16,204.75,283.0,121.1,1211,284.71,515.0,36.883,85.199,316,4.23,1.3,Oversaturated + Bottleneck Incident,[],[]
surge_accident,Max-Pressure (tuned),max_pressure,107,0,94.77,182.0,282.0,121.8,1218,289.82,553.0,37.298,86.158,328,4.38,1.3,Oversaturated + Bottleneck Incident,[],[]
surge_accident,Max-Pressure (tuned),max_pressure,109,0,108.19,230.0,344.0,118.1,1181,336.53,634.0,43.612,100.743,317,5.27,1.3,Oversaturated + Bottleneck Incident,[],[]
surge_accident,Max-Pressure (tuned),max_pressure,110,0,95.3,201.0,299.0,118.5,1185,285.05,560.0,36.954,85.363,332,3.98,1.3,Oversaturated + Bottleneck Incident,[],[]
surge_accident,Max-Pressure (tuned),max_pressure,111,0,93.55,194.0,322.0,119.0,1190,281.35,555.0,36.278,83.803,328,3.74,1.3,Oversaturated + Bottleneck Incident,[],[]
surge_accident,Max-Pressure (tuned),max_pressure,112,0,94.21,190.15,304.0,118.2,1182,282.24,560.0,36.387,84.054,323,3.91,1.3,Oversaturated + Bottleneck Incident,[],[]
surge_accident,Max-Pressure (tuned),max_pressure,113,0,98.05,214.0,271.0,120.9,1209,299.69,565.0,38.653,89.288,346,3.38,1.3,Oversaturated + Bottleneck Incident,[],[]
surge_accident,Max-Pressure (tuned),max_pressure,116,0,91.02,189.0,246.0,122.9,1229,276.26,545.0,35.881,82.884,337,3.51,1.3,Oversaturated + Bottleneck Incident,[],[]
surge_accident,Max-Pressure (tuned),max_pressure,115,0,97.3,194.0,271.0,122.6,1226,298.76,557.0,38.552,89.055,351,3.88,1.3,Oversaturated + Bottleneck Incident,[],[]
surge_accident,Max-Pressure (tuned),max_pressure,114,0,105.64,215.0,332.0,117.9,1179,322.97,606.0,41.906,96.802,307,4.52,1.3,Oversaturated + Bottleneck Incident,[],[]
surge_accident,Max-Pressure (tuned),max_pressure,118,0,100.49,213.0,295.0,118.8,1188,315.06,622.0,40.42,93.371,316,4.83,1.3,Oversaturated + Bottleneck Incident,[],[]
surge_accident,Max-Pressure (tuned),max_pressure,117,0,104.64,203.0,275.0,118.9,1189,322.09,611.0,41.784,96.522,329,4.04,1.3,Oversaturated + Bottleneck Incident,[],[]
surge_accident,Max-Pressure (tuned),max_pressure,119,0,107.34,253.0,378.0,115.9,1159,334.57,654.0,43.247,99.9,332,5.75,1.3,Oversaturated + Bottleneck Incident,[],[]
surge_accident,Hybrid (uncoupled),hybrid_bf,101,0,92.33,203.0,322.0,118.6,1186,277.17,562.0,35.864,82.845,846,1.4,1.3,Oversaturated + Bottleneck Incident,[],[]
surge_accident,Hybrid (uncoupled),hybrid_bf,100,0,101.01,224.0,341.0,118.2,1182,308.86,604.0,40.088,92.604,855,1.48,1.3,Oversaturated + Bottleneck Incident,[],[]
surge_accident,Hybrid (uncoupled),hybrid_bf,103,0,94.32,219.0,325.0,117.5,1175,283.77,576.0,36.701,84.779,958,1.09,1.3,Oversaturated + Bottleneck Incident,[],[]
surge_accident,Hybrid (uncoupled),hybrid_bf,107,0,94.66,203.25,304.0,121.5,1215,288.4,563.0,37.36,86.302,900,1.14,1.3,Oversaturated + Bottleneck Incident,[],[]
surge_accident,Hybrid (uncoupled),hybrid_bf,105,0,94.43,207.55,316.0,118.7,1187,283.57,563.0,36.724,84.833,864,0.78,1.3,Oversaturated + Bottleneck Incident,[],[]
surge_accident,Hybrid (uncoupled),hybrid_bf,102,0,98.47,239.0,367.0,112.8,1128,296.12,627.0,38.404,88.713,787,1.32,1.3,Oversaturated + Bottleneck Incident,[],[]
surge_accident,Hybrid (uncoupled),hybrid_bf,109,0,108.69,255.3,359.0,116.6,1166,338.02,650.0,43.838,101.266,840,1.76,1.3,Oversaturated + Bottleneck Incident,[],[]
surge_accident,Hybrid (uncoupled),hybrid_bf,106,0,89.33,205.05,317.0,117.4,1174,264.26,546.0,34.143,78.87,912,1.05,1.3,Oversaturated + Bottleneck Incident,[],[]
surge_accident,Hybrid (uncoupled),hybrid_bf,104,0,98.48,221.3,324.0,113.3,1133,300.07,662.0,39.284,90.746,818,2.26,1.3,Oversaturated + Bottleneck Incident,[],[]
surge_accident,Hybrid (uncoupled),hybrid_bf,108,0,95.0,220.0,285.0,120.8,1208,281.19,517.0,36.417,84.124,883,1.47,1.3,Oversaturated + Bottleneck Incident,[],[]
surge_accident,Hybrid (uncoupled),hybrid_bf,110,0,94.75,206.85,308.0,117.1,1171,283.03,576.0,36.721,84.825,888,1.29,1.3,Oversaturated + Bottleneck Incident,[],[]
surge_accident,Hybrid (uncoupled),hybrid_bf,111,0,93.57,220.0,344.0,117.1,1171,281.27,577.0,36.327,83.915,886,1.4,1.3,Oversaturated + Bottleneck Incident,[],[]
surge_accident,Hybrid (uncoupled),hybrid_bf,112,0,92.29,213.0,334.0,119.0,1190,275.38,553.0,35.686,82.436,856,0.94,1.3,Oversaturated + Bottleneck Incident,[],[]
surge_accident,Hybrid (uncoupled),hybrid_bf,116,0,90.66,209.1,274.0,121.6,1216,275.5,554.0,35.658,82.37,902,1.06,1.3,Oversaturated + Bottleneck Incident,[],[]
surge_accident,Hybrid (uncoupled),hybrid_bf,115,0,95.8,208.0,292.0,122.8,1228,294.36,556.0,37.98,87.734,936,0.95,1.3,Oversaturated + Bottleneck Incident,[],[]
surge_accident,Hybrid (uncoupled),hybrid_bf,117,0,106.08,225.0,324.0,116.4,1164,325.72,639.0,42.455,98.071,894,1.24,1.3,Oversaturated + Bottleneck Incident,[],[]
surge_accident,Hybrid (uncoupled),hybrid_bf,113,0,97.77,220.2,306.0,120.4,1204,297.36,574.0,38.608,89.184,920,1.25,1.3,Oversaturated + Bottleneck Incident,[],[]
surge_accident,Hybrid (uncoupled),hybrid_bf,118,0,100.62,235.0,345.0,117.7,1177,313.83,639.0,40.605,93.798,850,0.96,1.3,Oversaturated + Bottleneck Incident,[],[]
surge_accident,Hybrid (uncoupled),hybrid_bf,114,0,106.55,239.0,370.0,115.7,1157,326.4,626.0,42.217,97.521,812,1.49,1.3,Oversaturated + Bottleneck Incident,[],[]
surge_accident,Hybrid (uncoupled),hybrid_bf,119,0,106.74,260.35,379.0,116.1,1161,332.77,653.0,43.03,99.399,908,1.33,1.3,Oversaturated + Bottleneck Incident,[],[]
surge_accident,Hybrid Controller (Brute-Force),hybrid_bf,101,0,84.58,179.8,245.0,125.5,1255,254.68,490.0,32.798,75.763,940,1.46,1.3,Oversaturated + Bottleneck Incident,[],[]
surge_accident,Hybrid Controller (Brute-Force),hybrid_bf,100,0,88.78,184.0,232.0,127.3,1273,272.61,507.0,35.118,81.122,968,1.62,1.3,Oversaturated + Bottleneck Incident,[],[]
surge_accident,Hybrid Controller (Brute-Force),hybrid_bf,102,0,87.2,193.6,292.0,123.4,1234,263.13,515.0,33.893,78.293,822,1.99,1.3,Oversaturated + Bottleneck Incident,[],[]
surge_accident,Hybrid Controller (Brute-Force),hybrid_bf,105,0,85.84,183.0,257.0,125.9,1259,258.67,489.0,33.346,77.029,936,0.98,1.3,Oversaturated + Bottleneck Incident,[],[]
surge_accident,Hybrid Controller (Brute-Force),hybrid_bf,103,0,83.43,186.0,261.0,127.0,1270,251.53,479.0,32.426,74.903,1008,1.07,1.3,Oversaturated + Bottleneck Incident,[],[]
surge_accident,Hybrid Controller (Brute-Force),hybrid_bf,104,0,86.31,173.0,228.0,125.2,1252,263.88,528.0,34.142,78.869,980,1.33,1.3,Oversaturated + Bottleneck Incident,[],[]
surge_accident,Hybrid Controller (Brute-Force),hybrid_bf,106,0,78.97,187.0,273.0,125.7,1257,233.5,460.0,30.132,69.604,980,1.51,1.3,Oversaturated + Bottleneck Incident,[],[]
surge_accident,Hybrid Controller (Brute-Force),hybrid_bf,107,0,87.97,193.0,261.0,126.0,1260,268.59,513.0,34.659,80.062,944,1.35,1.3,Oversaturated + Bottleneck Incident,[],[]
surge_accident,Hybrid Controller (Brute-Force),hybrid_bf,108,0,88.22,198.0,268.0,124.5,1245,261.51,479.0,33.78,78.031,908,1.41,1.3,Oversaturated + Bottleneck Incident,[],[]
surge_accident,Hybrid Controller (Brute-Force),hybrid_bf,109,0,97.16,204.0,264.0,125.7,1257,302.75,553.0,39.08,90.274,934,1.79,1.3,Oversaturated + Bottleneck Incident,[],[]
surge_accident,Hybrid Controller (Brute-Force),hybrid_bf,110,0,83.43,172.0,230.0,126.5,1265,250.22,475.0,32.26,74.522,954,1.51,1.3,Oversaturated + Bottleneck Incident,[],[]
surge_accident,Hybrid Controller (Brute-Force),hybrid_bf,111,0,87.02,190.0,248.0,124.8,1248,261.14,497.0,33.726,77.908,944,1.19,1.3,Oversaturated + Bottleneck Incident,[],[]
surge_accident,Hybrid Controller (Brute-Force),hybrid_bf,113,0,89.01,189.05,261.0,127.3,1273,272.05,501.0,35.088,81.054,1004,1.28,1.3,Oversaturated + Bottleneck Incident,[],[]
balanced,Fixed-Timing Baseline,fixed,100,2,118.42,221.0,259.0,129.3,1293,427.05,797.0,55.001,127.053,114,6.96,1.4,Oversaturated (Unbounded Queues),[],[]
surge_accident,Hybrid Controller (Brute-Force),hybrid_bf,112,0,85.62,187.0,244.0,125.0,1250,255.79,489.0,33.01,76.253,918,1.53,1.3,Oversaturated + Bottleneck Incident,[],[]
surge_accident,Hybrid Controller (Brute-Force),hybrid_bf,116,0,83.97,175.6,233.0,126.7,1267,256.29,502.0,33.009,76.251,964,1.37,1.3,Oversaturated + Bottleneck Incident,[],[]
balanced,Fixed-Timing Baseline,fixed,101,2,104.8,198.0,237.0,129.5,1295,361.6,701.0,46.484,107.378,114,7.64,1.4,Oversaturated (Unbounded Queues),[],[]
surge_accident,Hybrid Controller (Brute-Force),hybrid_bf,115,0,92.69,196.0,266.0,126.0,1260,284.8,524.0,36.747,84.885,996,1.23,1.3,Oversaturated + Bottleneck Incident,[],[]
surge_accident,Hybrid Controller (Brute-Force),hybrid_bf,114,0,93.56,200.0,282.0,126.2,1262,286.49,518.0,36.989,85.444,904,1.41,1.3,Oversaturated + Bottleneck Incident,[],[]
surge_accident,Hybrid Controller (Brute-Force),hybrid_bf,117,0,95.04,185.0,226.0,126.4,1264,292.72,529.0,37.826,87.379,960,1.6,1.3,Oversaturated + Bottleneck Incident,[],[]
balanced,Fixed-Timing Baseline,fixed,102,2,113.96,216.0,265.0,128.2,1282,406.74,784.0,52.318,120.856,114,7.57,1.4,Oversaturated (Unbounded Queues),[],[]
balanced,Fixed-Timing Baseline,fixed,103,2,114.95,215.0,274.0,129.1,1291,399.85,730.0,51.625,119.253,114,9.16,1.4,Oversaturated (Unbounded Queues),[],[]
balanced,Fixed-Timing Baseline,fixed,104,2,113.23,215.0,259.0,130.5,1305,402.74,759.0,51.937,119.975,114,7.61,1.4,Oversaturated (Unbounded Queues),[],[]
surge_accident,Hybrid Controller (Brute-Force),hybrid_bf,118,0,89.57,201.0,249.0,126.5,1265,279.64,547.0,36.065,83.311,938,1.12,1.3,Oversaturated + Bottleneck Incident,[],[]
surge_accident,Hybrid Controller (Brute-Force),hybrid_bf,119,0,94.71,205.0,288.0,125.8,1258,295.64,554.0,38.136,88.094,996,1.22,1.3,Oversaturated + Bottleneck Incident,[],[]
balanced,Fixed-Timing Baseline,fixed,105,2,118.5,218.1,258.0,129.4,1294,424.12,785.0,54.749,126.47,114,6.27,1.4,Oversaturated (Unbounded Queues),[],[]
balanced,Fixed-Timing Baseline,fixed,106,2,112.12,200.0,249.0,129.1,1291,390.49,730.0,50.356,116.322,114,7.74,1.4,Oversaturated (Unbounded Queues),[],[]
balanced,Fixed-Timing Baseline,fixed,107,2,114.75,212.0,254.0,129.0,1290,404.9,761.0,52.299,120.811,114,6.27,1.4,Oversaturated (Unbounded Queues),[],[]
balanced,Fixed-Timing Baseline,fixed,108,2,114.19,218.0,271.0,128.6,1286,400.34,745.0,51.539,119.054,114,7.47,1.4,Oversaturated (Unbounded Queues),[],[]
balanced,Fixed-Timing Baseline,fixed,109,2,122.86,218.7,259.0,128.5,1285,437.65,782.0,56.433,130.361,114,7.69,1.4,Oversaturated (Unbounded Queues),[],[]
balanced,Fixed-Timing Baseline,fixed,110,2,111.25,206.0,248.0,129.6,1296,391.03,744.0,50.433,116.499,114,7.82,1.4,Oversaturated (Unbounded Queues),[],[]
balanced,Fixed-Timing Baseline,fixed,114,2,116.72,210.0,258.0,129.3,1293,408.67,736.0,52.627,121.568,114,6.95,1.4,Oversaturated (Unbounded Queues),[],[]
balanced,Fixed-Timing Baseline,fixed,112,2,117.88,222.0,270.0,128.1,1281,421.18,794.0,54.33,125.503,114,7.58,1.4,Oversaturated (Unbounded Queues),[],[]
balanced,Fixed-Timing Baseline,fixed,113,2,119.98,221.0,271.0,129.7,1297,435.54,816.0,56.338,130.141,114,7.66,1.4,Oversaturated (Unbounded Queues),[],[]
balanced,Fixed-Timing Baseline,fixed,116,2,115.83,215.0,255.0,128.9,1289,417.7,805.0,53.901,124.511,114,9.31,1.4,Oversaturated (Unbounded Queues),[],[]
balanced,Fixed-Timing Baseline,fixed,115,2,119.77,217.0,258.0,128.1,1281,426.55,786.0,55.015,127.084,114,8.02,1.4,Oversaturated (Unbounded Queues),[],[]
balanced,Fixed-Timing Baseline,fixed,117,2,122.01,216.0,262.0,128.8,1288,441.87,815.0,57.018,131.711,114,8.05,1.4,Oversaturated (Unbounded Queues),[],[]
balanced,Fixed-Timing Baseline,fixed,118,2,120.77,220.0,253.0,129.1,1291,441.36,828.0,56.868,131.364,114,7.55,1.4,Oversaturated (Unbounded Queues),[],[]
balanced,Fixed-Timing Baseline,fixed,119,2,118.9,230.0,286.0,128.1,1281,424.08,792.0,54.773,126.526,114,7.24,1.4,Oversaturated (Unbounded Queues),[],[]
balanced,Fixed (tuned),fixed,101,2,98.65,380.25,445.0,131.8,1318,356.05,679.0,43.756,101.076,114,9.26,1.4,Oversaturated (Unbounded Queues),[],[]
balanced,Fixed-Timing Baseline,fixed,111,2,112.95,210.95,253.0,129.6,1296,405.7,786.0,52.259,120.719,114,8.49,1.4,Oversaturated (Unbounded Queues),[],[]
balanced,Fixed (tuned),fixed,100,2,105.86,402.55,467.0,136.7,1367,398.11,726.0,49.167,113.575,114,9.29,1.4,Oversaturated (Unbounded Queues),[],[]
balanced,Fixed (tuned),fixed,103,2,102.22,392.0,452.0,134.8,1348,372.97,675.0,45.908,106.048,114,10.21,1.4,Oversaturated (Unbounded Queues),[],[]
balanced,Fixed (tuned),fixed,104,2,101.29,390.0,456.0,136.5,1365,377.32,701.0,46.458,107.317,114,9.11,1.4,Oversaturated (Unbounded Queues),[],[]
balanced,Fixed (tuned),fixed,102,2,105.26,381.0,448.0,133.2,1332,390.4,737.0,48.324,111.628,114,9.69,1.4,Oversaturated (Unbounded Queues),[],[]
balanced,Fixed (tuned),fixed,106,2,100.92,395.0,455.0,135.4,1354,368.94,670.0,45.324,104.698,114,9.7,1.4,Oversaturated (Unbounded Queues),[],[]
balanced,Fixed (tuned),fixed,105,2,102.58,393.0,457.0,137.6,1376,384.27,705.0,47.394,109.481,114,8.59,1.4,Oversaturated (Unbounded Queues),[],[]
balanced,Fixed (tuned),fixed,107,2,99.6,383.0,452.0,137.4,1374,368.75,681.0,45.395,104.863,114,8.31,1.4,Oversaturated (Unbounded Queues),[],[]
balanced,Fixed (tuned),fixed,109,2,106.29,396.7,478.0,137.0,1370,395.54,708.0,48.825,112.785,114,9.71,1.4,Oversaturated (Unbounded Queues),[],[]
balanced,Fixed (tuned),fixed,110,2,101.19,396.05,464.0,135.6,1356,373.45,684.0,45.874,105.968,114,9.65,1.4,Oversaturated (Unbounded Queues),[],[]
balanced,Fixed (tuned),fixed,111,2,102.45,388.0,452.0,136.8,1368,384.16,714.0,47.4,109.493,114,9.28,1.4,Oversaturated (Unbounded Queues),[],[]
balanced,Fixed (tuned),fixed,113,2,101.55,389.0,458.0,140.7,1407,386.25,708.0,47.682,110.145,114,9.04,1.4,Oversaturated (Unbounded Queues),[],[]
balanced,Fixed (tuned),fixed,114,2,104.59,395.0,458.0,134.7,1347,382.58,686.0,47.159,108.938,114,10.07,1.4,Oversaturated (Unbounded Queues),[],[]
balanced,Fixed (tuned),fixed,112,2,105.02,384.35,462.0,136.2,1362,391.75,719.0,48.402,111.808,114,9.31,1.4,Oversaturated (Unbounded Queues),[],[]
balanced,Fixed (tuned),fixed,115,2,107.29,396.0,454.0,135.9,1359,398.64,713.0,49.282,113.841,114,9.97,1.4,Oversaturated (Unbounded Queues),[],[]
balanced,Fixed (tuned),fixed,116,2,102.31,390.35,464.0,137.1,1371,385.94,725.0,47.607,109.971,114,10.37,1.4,Oversaturated (Unbounded Queues),[],[]
balanced,Fixed (tuned),fixed,108,2,105.66,387.5,464.0,132.1,1321,386.59,715.0,47.689,110.162,114,9.73,1.4,Oversaturated (Unbounded Queues),[],[]
balanced,Fixed (tuned),fixed,118,2,106.3,399.0,464.0,137.2,1372,405.01,747.0,50.057,115.632,114,9.6,1.4,Oversaturated (Unbounded Queues),[],[]
balanced,Fixed (tuned),fixed,119,2,103.56,384.4,459.0,137.7,1377,386.1,696.0,47.705,110.198,114,9.92,1.4,Oversaturated (Unbounded Queues),[],[]
balanced,Fixed (tuned),fixed,117,2,104.24,399.0,454.0,139.9,1399,394.9,708.0,48.716,112.533,114,8.86,1.4,Oversaturated (Unbounded Queues),[],[]
balanced,Rule-Based (tuned),rule_based,104,2,121.01,254.0,334.0,123.9,1239,424.38,850.0,56.174,129.762,101,9.49,1.4,Oversaturated (Unbounded Queues),[],[]
balanced,Rule-Based (tuned),rule_based,102,2,130.76,284.0,385.0,105.8,1058,458.75,1038.0,60.905,140.69,88,14.53,1.4,Oversaturated (Unbounded Queues),[],[]
balanced,Rule-Based (tuned),rule_based,101,2,110.64,232.0,278.0,125.0,1250,377.82,761.0,49.442,114.212,107,9.48,1.4,Oversaturated (Unbounded Queues),[],[]
balanced,Rule-Based (tuned),rule_based,100,2,126.88,263.8,333.0,118.9,1189,455.38,916.0,59.35,137.1,99,8.6,1.4,Oversaturated (Unbounded Queues),[],[]
balanced,Rule-Based (tuned),rule_based,103,2,118.4,247.0,312.0,123.2,1232,410.76,799.0,53.439,123.444,103,7.46,1.4,Oversaturated (Unbounded Queues),[],[]
balanced,Rule-Based (tuned),rule_based,106,2,115.18,239.0,291.0,125.9,1259,399.09,773.0,51.985,120.085,106,7.2,1.4,Oversaturated (Unbounded Queues),[],[]
balanced,Rule-Based (tuned),rule_based,105,2,126.0,270.0,327.0,120.4,1204,447.33,890.0,58.632,135.439,102,7.6,1.4,Oversaturated (Unbounded Queues),[],[]
balanced,Rule-Based (tuned),rule_based,107,2,118.63,249.0,307.0,123.6,1236,416.38,829.0,54.33,125.503,103,7.52,1.4,Oversaturated (Unbounded Queues),[],[]
balanced,Rule-Based (tuned),rule_based,108,2,122.02,250.75,314.0,124.7,1247,423.22,799.0,55.478,128.153,103,10.7,1.4,Oversaturated (Unbounded Queues),[],[]
balanced,Rule-Based (tuned),rule_based,111,2,115.56,232.7,290.0,126.9,1269,414.37,818.0,53.595,123.805,107,7.88,1.4,Oversaturated (Unbounded Queues),[],[]
balanced,Rule-Based (tuned),rule_based,109,2,129.4,263.0,307.0,124.3,1243,457.71,840.0,59.725,137.966,105,8.68,1.4,Oversaturated (Unbounded Queues),[],[]
balanced,Rule-Based (tuned),rule_based,110,2,118.01,254.0,321.0,121.4,1214,413.67,837.0,53.787,124.248,103,8.54,1.4,Oversaturated (Unbounded Queues),[],[]
balanced,Rule-Based (tuned),rule_based,112,2,130.9,285.1,344.0,114.1,1141,468.54,941.0,60.476,139.7,93,8.37,1.4,Oversaturated (Unbounded Queues),[],[]
balanced,Rule-Based (tuned),rule_based,113,2,124.38,261.0,321.0,124.3,1243,450.26,886.0,58.848,135.938,101,9.48,1.4,Oversaturated (Unbounded Queues),[],[]
balanced,Rule-Based (tuned),rule_based,114,2,126.56,268.35,333.0,117.8,1178,442.87,856.0,57.204,132.141,100,10.45,1.4,Oversaturated (Unbounded Queues),[],[]
balanced,Rule-Based (tuned),rule_based,115,2,128.4,253.0,370.0,119.4,1194,453.59,898.0,59.694,137.893,100,9.85,1.4,Oversaturated (Unbounded Queues),[],[]
balanced,Rule-Based (tuned),rule_based,116,2,121.38,240.0,307.0,124.0,1240,437.55,859.0,56.619,130.79,102,9.9,1.4,Oversaturated (Unbounded Queues),[],[]
balanced,Rule-Based (tuned),rule_based,117,2,124.91,251.0,330.0,123.1,1231,455.66,872.0,58.374,134.843,104,9.1,1.4,Oversaturated (Unbounded Queues),[],[]
balanced,Rule-Based (tuned),rule_based,118,2,126.85,251.0,344.0,122.5,1225,457.58,914.0,60.294,139.28,103,8.23,1.4,Oversaturated (Unbounded Queues),[],[]
balanced,Max-Pressure (tuned),max_pressure,102,2,119.25,258.0,307.0,123.4,1234,420.62,847.0,55.148,127.391,102,10.58,1.4,Oversaturated (Unbounded Queues),[],[]
balanced,Max-Pressure (tuned),max_pressure,100,2,125.23,266.55,322.0,121.9,1219,453.67,871.0,58.161,134.352,100,8.28,1.4,Oversaturated (Unbounded Queues),[],[]
balanced,Rule-Based (tuned),rule_based,119,2,124.68,256.0,364.0,119.3,1193,445.13,895.0,57.852,133.637,99,8.68,1.4,Oversaturated (Unbounded Queues),[],[]
balanced,Max-Pressure (tuned),max_pressure,101,2,108.53,222.95,276.0,127.0,1270,373.68,732.0,48.286,111.541,108,9.08,1.4,Oversaturated (Unbounded Queues),[],[]
balanced,Max-Pressure (tuned),max_pressure,104,2,115.09,239.0,334.0,128.2,1282,408.94,792.0,53.046,122.536,103,10.02,1.4,Oversaturated (Unbounded Queues),[],[]
balanced,Max-Pressure (tuned),max_pressure,103,2,117.12,233.0,285.0,127.4,1274,404.84,762.0,52.991,122.41,104,7.6,1.4,Oversaturated (Unbounded Queues),[],[]
balanced,Max-Pressure (tuned),max_pressure,105,2,118.65,253.0,289.0,129.0,1290,422.04,799.0,55.081,127.237,104,7.62,1.4,Oversaturated (Unbounded Queues),[],[]
balanced,Max-Pressure (tuned),max_pressure,106,2,114.12,228.5,264.0,128.2,1282,394.85,749.0,51.506,118.978,105,7.59,1.4,Oversaturated (Unbounded Queues),[],[]
balanced,Max-Pressure (tuned),max_pressure,107,2,114.04,229.0,277.0,130.1,1301,400.8,762.0,52.231,120.654,106,8.17,1.4,Oversaturated (Unbounded Queues),[],[]
balanced,Max-Pressure (tuned),max_pressure,108,2,119.96,246.0,314.0,127.5,1275,415.63,771.0,54.544,125.996,106,9.37,1.4,Oversaturated (Unbounded Queues),[],[]
balanced,Max-Pressure (tuned),max_pressure,110,2,115.24,243.0,325.0,126.4,1264,405.64,781.0,52.372,120.978,104,9.18,1.4,Oversaturated (Unbounded Queues),[],[]
balanced,Max-Pressure (tuned),max_pressure,109,2,127.61,259.0,299.0,126.8,1268,451.61,815.0,58.899,136.056,106,8.34,1.4,Oversaturated (Unbounded Queues),[],[]
balanced,Max-Pressure (tuned),max_pressure,113,2,123.77,248.1,310.0,127.6,1276,449.49,843.0,58.283,134.635,101,8.64,1.4,Oversaturated (Unbounded Queues),[],[]
balanced,Max-Pressure (tuned),max_pressure,112,2,124.93,265.0,323.0,121.7,1217,443.49,876.0,57.997,133.973,103,7.25,1.4,Oversaturated (Unbounded Queues),[],[]
balanced,Max-Pressure (tuned),max_pressure,114,2,122.54,247.0,305.0,125.2,1252,426.61,788.0,55.55,128.321,105,9.19,1.4,Oversaturated (Unbounded Queues),[],[]
balanced,Max-Pressure (tuned),max_pressure,115,2,123.38,235.65,323.0,124.1,1241,441.29,827.0,56.699,130.974,101,10.48,1.4,Oversaturated (Unbounded Queues),[],[]
balanced,Max-Pressure (tuned),max_pressure,111,2,114.41,232.7,284.0,128.2,1282,409.9,805.0,53.06,122.57,107,7.81,1.4,Oversaturated (Unbounded Queues),[],[]
balanced,Max-Pressure (tuned),max_pressure,116,2,116.93,233.0,301.0,128.0,1280,419.65,827.0,54.67,126.289,103,9.09,1.4,Oversaturated (Unbounded Queues),[],[]
balanced,Max-Pressure (tuned),max_pressure,117,2,122.64,246.0,306.0,127.0,1270,444.09,840.0,57.451,132.711,105,8.67,1.4,Oversaturated (Unbounded Queues),[],[]
balanced,Max-Pressure (tuned),max_pressure,118,2,124.18,255.0,333.0,125.6,1256,449.75,873.0,58.752,135.718,106,9.72,1.4,Oversaturated (Unbounded Queues),[],[]
balanced,Max-Pressure (tuned),max_pressure,119,2,121.87,254.0,339.0,124.2,1242,433.49,842.0,56.441,130.378,100,7.83,1.4,Oversaturated (Unbounded Queues),[],[]
balanced,Hybrid (uncoupled),hybrid_bf,100,2,143.88,310.0,379.0,106.8,1068,509.85,1052.0,67.783,156.578,127,8.68,1.4,Oversaturated (Unbounded Queues),[],[]
balanced,Hybrid (uncoupled),hybrid_bf,101,2,125.26,275.0,321.0,111.4,1114,429.84,897.0,55.979,129.312,129,6.96,1.4,Oversaturated (Unbounded Queues),[],[]
balanced,Hybrid (uncoupled),hybrid_bf,102,2,141.85,307.0,378.0,99.5,995,505.27,1081.0,65.439,151.164,122,9.36,1.4,Oversaturated (Unbounded Queues),[],[]
balanced,Hybrid (uncoupled),hybrid_bf,103,2,134.07,300.5,344.0,110.2,1102,459.71,949.0,61.108,141.159,128,6.99,1.4,Oversaturated (Unbounded Queues),[],[]
balanced,Hybrid (uncoupled),hybrid_bf,104,2,127.58,282.0,347.0,115.9,1159,448.14,930.0,59.224,136.808,126,10.13,1.4,Oversaturated (Unbounded Queues),[],[]
balanced,Hybrid (uncoupled),hybrid_bf,105,2,131.12,289.85,355.0,112.3,1123,472.92,961.0,60.722,140.267,125,5.6,1.4,Oversaturated (Unbounded Queues),[],[]
balanced,Hybrid (uncoupled),hybrid_bf,106,2,131.63,286.75,347.0,111.7,1117,452.59,929.0,59.846,138.243,138,7.26,1.4,Oversaturated (Unbounded Queues),[],[]
balanced,Hybrid (uncoupled),hybrid_bf,107,2,127.22,270.0,324.0,113.6,1136,450.51,922.0,58.124,134.267,118,6.9,1.4,Oversaturated (Unbounded Queues),[],[]
balanced,Hybrid (uncoupled),hybrid_bf,109,2,136.69,288.0,338.0,114.1,1141,482.89,947.0,63.243,146.092,119,7.87,1.4,Oversaturated (Unbounded Queues),[],[]
balanced,Hybrid (uncoupled),hybrid_bf,108,2,129.4,277.0,340.0,117.9,1179,449.41,866.0,58.689,135.571,130,7.45,1.4,Oversaturated (Unbounded Queues),[],[]
balanced,Hybrid (uncoupled),hybrid_bf,111,2,125.33,269.0,320.0,120.9,1209,446.35,884.0,58.267,134.596,127,6.99,1.4,Oversaturated (Unbounded Queues),[],[]
balanced,Hybrid (uncoupled),hybrid_bf,114,2,135.0,295.0,370.0,108.9,1089,472.89,950.0,61.17,141.303,118,8.15,1.4,Oversaturated (Unbounded Queues),[],[]
balanced,Hybrid (uncoupled),hybrid_bf,112,2,142.42,322.0,388.0,102.1,1021,503.48,1075.0,66.271,153.085,117,9.36,1.4,Oversaturated (Unbounded Queues),[],[]
balanced,Hybrid (uncoupled),hybrid_bf,110,2,128.35,281.0,359.0,111.7,1117,452.14,929.0,58.356,134.802,123,6.81,1.4,Oversaturated (Unbounded Queues),[],[]
balanced,Hybrid (uncoupled),hybrid_bf,113,2,138.51,304.65,376.0,111.3,1113,500.08,1015.0,65.501,151.307,123,7.04,1.4,Oversaturated (Unbounded Queues),[],[]
balanced,Hybrid (uncoupled),hybrid_bf,115,2,132.3,276.0,375.0,117.3,1173,465.42,914.0,61.357,141.735,122,7.02,1.4,Oversaturated (Unbounded Queues),[],[]
balanced,Hybrid (uncoupled),hybrid_bf,117,2,132.98,286.0,371.0,114.1,1141,487.13,962.0,62.145,143.555,120,6.94,1.4,Oversaturated (Unbounded Queues),[],[]
balanced,Hybrid (uncoupled),hybrid_bf,116,2,128.82,268.0,337.0,117.5,1175,459.6,939.0,60.517,139.795,128,6.27,1.4,Oversaturated (Unbounded Queues),[],[]
balanced,Hybrid Controller (Brute-Force),hybrid_bf,101,2,110.32,221.0,265.0,125.1,1251,382.7,745.0,48.933,113.035,174,5.68,1.4,Oversaturated (Unbounded Queues),[],[]
balanced,Hybrid Controller (Brute-Force),hybrid_bf,100,2,127.9,255.0,306.0,122.9,1229,463.19,863.0,59.402,137.218,184,6.2,1.4,Oversaturated (Unbounded Queues),[],[]
balanced,Hybrid (uncoupled),hybrid_bf,118,2,135.75,283.0,350.0,115.8,1158,489.85,981.0,64.528,149.061,133,6.05,1.4,Oversaturated (Unbounded Queues),[],[]
balanced,Hybrid Controller (Brute-Force),hybrid_bf,103,2,117.13,238.5,285.0,126.3,1263,405.78,768.0,52.866,122.12,168,5.95,1.4,Oversaturated (Unbounded Queues),[],[]
balanced,Hybrid Controller (Brute-Force),hybrid_bf,102,2,123.2,237.0,284.0,122.0,1220,441.0,846.0,56.562,130.658,178,6.78,1.4,Oversaturated (Unbounded Queues),[],[]
balanced,Hybrid Controller (Brute-Force),hybrid_bf,106,2,121.11,246.5,282.0,123.5,1235,419.14,800.0,54.662,126.27,204,4.42,1.4,Oversaturated (Unbounded Queues),[],[]
balanced,Hybrid Controller (Brute-Force),hybrid_bf,105,2,124.59,263.0,314.0,125.7,1257,443.15,834.0,57.839,133.608,168,4.9,1.4,Oversaturated (Unbounded Queues),[],[]
balanced,Hybrid (uncoupled),hybrid_bf,119,2,144.85,325.0,394.0,104.9,1049,511.05,1044.0,67.369,155.623,122,8.33,1.4,Oversaturated (Unbounded Queues),[],[]
balanced,Hybrid Controller (Brute-Force),hybrid_bf,104,2,119.2,240.85,311.0,125.7,1257,427.32,807.0,54.673,126.295,168,6.68,1.4,Oversaturated (Unbounded Queues),[],[]
balanced,Hybrid Controller (Brute-Force),hybrid_bf,107,2,116.01,226.5,274.0,128.0,1280,412.95,775.0,52.875,122.142,162,5.28,1.4,Oversaturated (Unbounded Queues),[],[]
balanced,Hybrid Controller (Brute-Force),hybrid_bf,109,2,129.97,247.7,316.0,124.4,1244,465.15,833.0,59.702,137.911,176,5.66,1.4,Oversaturated (Unbounded Queues),[],[]
balanced,Hybrid Controller (Brute-Force),hybrid_bf,110,2,120.71,252.0,325.0,123.0,1230,421.51,820.0,54.989,127.025,204,4.92,1.4,Oversaturated (Unbounded Queues),[],[]
balanced,Hybrid Controller (Brute-Force),hybrid_bf,108,2,121.88,238.5,307.0,123.9,1239,429.09,793.0,55.01,127.074,186,5.41,1.4,Oversaturated (Unbounded Queues),[],[]
balanced,Hybrid Controller (Brute-Force),hybrid_bf,111,2,124.29,252.0,314.0,123.5,1235,442.83,858.0,57.779,133.47,192,5.59,1.4,Oversaturated (Unbounded Queues),[],[]
balanced,Hybrid Controller (Brute-Force),hybrid_bf,112,2,126.95,252.0,303.0,122.7,1227,451.03,866.0,58.794,135.814,164,6.31,1.4,Oversaturated (Unbounded Queues),[],[]
balanced,Hybrid Controller (Brute-Force),hybrid_bf,114,2,122.62,248.0,288.0,124.8,1248,432.01,782.0,55.29,127.72,194,4.26,1.4,Oversaturated (Unbounded Queues),[],[]
balanced,Hybrid Controller (Brute-Force),hybrid_bf,113,2,124.5,259.0,304.0,125.3,1253,456.35,862.0,58.458,135.037,194,5.29,1.4,Oversaturated (Unbounded Queues),[],[]
balanced,Hybrid Controller (Brute-Force),hybrid_bf,115,2,124.76,252.0,309.0,125.5,1255,447.74,817.0,57.307,132.379,182,5.69,1.4,Oversaturated (Unbounded Queues),[],[]
moderate_load,Fixed-Timing Baseline,fixed,100,2,31.82,59.0,80.0,99.0,990,57.01,77.0,7.509,17.347,114,6.96,0.72,Bounded (75-80% Saturation),[],[]
balanced,Hybrid Controller (Brute-Force),hybrid_bf,116,2,126.28,254.0,307.0,123.1,1231,452.06,877.0,59.044,136.392,196,5.97,1.4,Oversaturated (Unbounded Queues),[],[]
moderate_load,Fixed-Timing Baseline,fixed,102,2,32.07,60.0,71.0,96.5,965,55.51,90.0,7.325,16.922,114,7.57,0.72,Bounded (75-80% Saturation),[],[]
moderate_load,Fixed-Timing Baseline,fixed,101,2,31.64,58.0,68.0,97.3,973,55.82,81.0,7.34,16.955,114,7.64,0.72,Bounded (75-80% Saturation),[],[]
balanced,Hybrid Controller (Brute-Force),hybrid_bf,117,2,131.67,277.4,322.0,124.2,1242,473.17,877.0,61.826,142.819,180,5.23,1.4,Oversaturated (Unbounded Queues),[],[]
moderate_load,Fixed-Timing Baseline,fixed,103,2,31.97,60.0,75.0,97.7,977,56.49,85.0,7.411,17.119,114,9.16,0.72,Bounded (75-80% Saturation),[],[]
moderate_load,Fixed-Timing Baseline,fixed,104,2,31.93,62.0,94.0,98.1,981,57.09,94.0,7.521,17.373,114,7.61,0.72,Bounded (75-80% Saturation),[],[]
moderate_load,Fixed-Timing Baseline,fixed,105,2,31.4,57.0,69.0,98.2,982,55.3,87.0,7.285,16.829,114,6.27,0.72,Bounded (75-80% Saturation),[],[]
moderate_load,Fixed-Timing Baseline,fixed,107,2,32.25,59.0,77.0,98.5,985,56.47,81.0,7.433,17.17,114,6.27,0.72,Bounded (75-80% Saturation),[],[]
balanced,Hybrid Controller (Brute-Force),hybrid_bf,118,2,126.82,255.0,303.0,126.9,1269,459.2,860.0,60.002,138.604,180,5.26,1.4,Oversaturated (Unbounded Queues),[],[]
moderate_load,Fixed-Timing Baseline,fixed,106,2,32.6,61.0,85.0,95.1,951,55.43,85.0,7.338,16.95,114,7.74,0.72,Bounded (75-80% Saturation),[],[]
balanced,Hybrid Controller (Brute-Force),hybrid_bf,119,2,123.53,247.0,325.0,125.7,1257,437.96,826.0,57.179,132.084,180,4.87,1.4,Oversaturated (Unbounded Queues),[],[]
moderate_load,Fixed-Timing Baseline,fixed,109,2,32.98,61.0,78.0,100.1,1001,58.4,87.0,7.76,17.926,114,7.69,0.72,Bounded (75-80% Saturation),[],[]
moderate_load,Fixed-Timing Baseline,fixed,108,2,34.81,64.0,90.0,97.2,972,59.98,89.0,7.928,18.314,114,7.47,0.72,Bounded (75-80% Saturation),[],[]
moderate_load,Fixed-Timing Baseline,fixed,111,2,33.79,61.0,75.0,100.0,1000,61.05,87.0,8.011,18.506,114,8.49,0.72,Bounded (75-80% Saturation),[],[]
moderate_load,Fixed-Timing Baseline,fixed,112,2,31.46,59.0,76.0,96.3,963,54.88,91.0,7.172,16.568,114,7.58,0.72,Bounded (75-80% Saturation),[],[]
moderate_load,Fixed-Timing Baseline,fixed,110,2,31.33,59.0,88.0,98.1,981,55.06,98.0,7.269,16.792,114,7.82,0.72,Bounded (75-80% Saturation),[],[]
moderate_load,Fixed-Timing Baseline,fixed,113,2,32.76,59.5,73.0,100.1,1001,58.75,89.0,7.798,18.013,114,7.66,0.72,Bounded (75-80% Saturation),[],[]
moderate_load,Fixed-Timing Baseline,fixed,114,2,32.43,59.0,69.0,98.1,981,56.24,86.0,7.43,17.164,114,6.95,0.72,Bounded (75-80% Saturation),[],[]
moderate_load,Fixed-Timing Baseline,fixed,115,2,33.12,59.0,75.0,99.2,992,58.7,89.0,7.771,17.952,114,8.02,0.72,Bounded (75-80% Saturation),[],[]
moderate_load,Fixed-Timing Baseline,fixed,117,2,31.65,60.0,78.0,98.6,986,55.77,89.0,7.378,17.043,114,8.05,0.72,Bounded (75-80% Saturation),[],[]
moderate_load,Fixed-Timing Baseline,fixed,119,2,35.99,76.0,112.0,100.6,1006,65.58,94.0,8.668,20.024,114,7.24,0.72,Bounded (75-80% Saturation),[],[]
moderate_load,Fixed-Timing Baseline,fixed,118,2,32.38,60.0,70.0,100.7,1007,60.05,96.0,7.901,18.252,114,7.55,0.72,Bounded (75-80% Saturation),[],[]
moderate_load,Fixed-Timing Baseline,fixed,116,2,31.92,59.1,69.0,98.3,983,56.69,86.0,7.512,17.352,114,9.31,0.72,Bounded (75-80% Saturation),[],[]
moderate_load,Fixed (tuned),fixed,102,2,31.58,59.0,75.0,97.1,971,54.74,92.0,7.2,16.631,174,5.14,0.72,Bounded (75-80% Saturation),[],[]
moderate_load,Fixed (tuned),fixed,101,2,30.63,53.0,71.0,97.6,976,54.23,76.0,7.126,16.461,174,5.0,0.72,Bounded (75-80% Saturation),[],[]
moderate_load,Fixed (tuned),fixed,103,2,31.48,55.0,79.0,97.4,974,55.82,82.0,7.269,16.792,174,5.24,0.72,Bounded (75-80% Saturation),[],[]
moderate_load,Fixed (tuned),fixed,100,2,30.24,56.0,72.0,98.9,989,54.37,78.0,7.129,16.468,174,5.87,0.72,Bounded (75-80% Saturation),[],[]
moderate_load,Fixed (tuned),fixed,105,2,29.7,50.0,70.0,98.2,982,52.68,82.0,6.884,15.902,174,5.38,0.72,Bounded (75-80% Saturation),[],[]
moderate_load,Fixed (tuned),fixed,104,2,30.66,53.0,77.0,98.2,982,55.27,88.0,7.243,16.732,174,4.72,0.72,Bounded (75-80% Saturation),[],[]
moderate_load,Fixed (tuned),fixed,106,2,30.44,56.45,77.0,95.7,957,51.95,82.0,6.845,15.812,174,5.41,0.72,Bounded (75-80% Saturation),[],[]
moderate_load,Fixed (tuned),fixed,107,2,30.35,51.0,75.0,98.6,986,53.46,78.0,6.994,16.156,174,5.38,0.72,Bounded (75-80% Saturation),[],[]
moderate_load,Fixed (tuned),fixed,108,2,33.72,63.8,91.0,97.2,972,58.46,83.0,7.682,17.745,174,5.41,0.72,Bounded (75-80% Saturation),[],[]
moderate_load,Fixed (tuned),fixed,110,2,30.52,56.0,82.0,98.3,983,53.92,88.0,7.095,16.389,174,5.88,0.72,Bounded (75-80% Saturation),[],[]
moderate_load,Fixed (tuned),fixed,111,2,32.01,55.0,72.0,101.0,1010,57.86,86.0,7.612,17.584,174,5.15,0.72,Bounded (75-80% Saturation),[],[]
moderate_load,Fixed (tuned),fixed,112,2,30.44,54.85,76.0,95.7,957,53.43,85.0,6.926,16.0,174,5.47,0.72,Bounded (75-80% Saturation),[],[]
moderate_load,Fixed (tuned),fixed,114,2,31.06,53.65,67.0,98.0,980,54.05,78.0,7.095,16.39,174,5.15,0.72,Bounded (75-80% Saturation),[],[]
moderate_load,Fixed (tuned),fixed,109,2,31.67,54.0,77.0,100.9,1009,56.23,81.0,7.439,17.184,174,5.53,0.72,Bounded (75-80% Saturation),[],[]
moderate_load,Fixed (tuned),fixed,115,2,31.36,53.4,70.0,98.8,988,55.69,85.0,7.339,16.953,174,4.86,0.72,Bounded (75-80% Saturation),[],[]
moderate_load,Fixed (tuned),fixed,116,2,31.0,52.3,66.0,98.1,981,55.13,83.0,7.267,16.787,174,4.41,0.72,Bounded (75-80% Saturation),[],[]
moderate_load,Fixed (tuned),fixed,117,2,30.76,53.0,66.0,98.5,985,54.47,85.0,7.177,16.578,174,5.71,0.72,Bounded (75-80% Saturation),[],[]
moderate_load,Fixed (tuned),fixed,113,2,32.13,55.0,74.0,100.8,1008,57.73,88.0,7.633,17.631,174,5.22,0.72,Bounded (75-80% Saturation),[],[]
moderate_load,Fixed (tuned),fixed,118,2,31.89,56.0,70.0,100.9,1009,59.32,91.0,7.773,17.956,174,4.62,0.72,Bounded (75-80% Saturation),[],[]
moderate_load,Fixed (tuned),fixed,119,2,36.75,85.0,123.0,100.8,1008,67.03,95.0,8.853,20.45,174,5.25,0.72,Bounded (75-80% Saturation),[],[]
moderate_load,Rule-Based (tuned),rule_based,100,2,22.49,40.1,68.0,101.3,1013,40.66,63.0,5.292,12.223,199,5.54,0.72,Bounded (75-80% Saturation),[],[]
moderate_load,Rule-Based (tuned),rule_based,102,2,22.27,42.0,57.0,99.1,991,38.6,64.0,5.067,11.705,199,4.94,0.72,Bounded (75-80% Saturation),[],[]
moderate_load,Rule-Based (tuned),rule_based,101,2,21.45,40.0,55.0,100.3,1003,38.05,62.0,4.977,11.497,199,4.79,0.72,Bounded (75-80% Saturation),[],[]
moderate_load,Rule-Based (tuned),rule_based,105,2,21.34,39.0,59.0,100.6,1006,37.91,64.0,4.946,11.425,195,4.81,0.72,Bounded (75-80% Saturation),[],[]
moderate_load,Rule-Based (tuned),rule_based,104,2,22.48,45.0,57.0,99.8,998,40.96,76.0,5.356,12.373,192,5.32,0.72,Bounded (75-80% Saturation),[],[]
moderate_load,Rule-Based (tuned),rule_based,106,2,21.18,41.0,62.0,96.9,969,36.3,66.0,4.75,10.972,195,4.75,0.72,Bounded (75-80% Saturation),[],[]
moderate_load,Rule-Based (tuned),rule_based,103,2,23.21,45.0,65.0,99.8,998,41.1,67.0,5.386,12.441,195,4.16,0.72,Bounded (75-80% Saturation),[],[]
moderate_load,Rule-Based (tuned),rule_based,108,2,25.01,47.55,82.0,99.6,996,43.47,63.0,5.724,13.222,196,4.95,0.72,Bounded (75-80% Saturation),[],[]
moderate_load,Rule-Based (tuned),rule_based,107,2,20.55,42.0,63.0,100.9,1009,36.33,61.0,4.745,10.961,199,5.02,0.72,Bounded (75-80% Saturation),[],[]
moderate_load,Rule-Based (tuned),rule_based,109,2,22.22,44.0,64.0,102.7,1027,39.77,62.0,5.21,12.036,195,5.37,0.72,Bounded (75-80% Saturation),[],[]
moderate_load,Rule-Based (tuned),rule_based,110,2,21.67,42.4,57.0,100.3,1003,38.35,64.0,5.072,11.715,200,5.54,0.72,Bounded (75-80% Saturation),[],[]
moderate_load,Rule-Based (tuned),rule_based,111,2,23.53,47.0,71.0,102.7,1027,42.56,66.0,5.6,12.935,195,5.75,0.72,Bounded (75-80% Saturation),[],[]
moderate_load,Rule-Based (tuned),rule_based,114,2,22.06,41.0,62.0,100.0,1000,38.38,61.0,5.064,11.699,196,4.97,0.72,Bounded (75-80% Saturation),[],[]
moderate_load,Rule-Based (tuned),rule_based,113,2,22.31,44.0,65.0,102.2,1022,40.07,64.0,5.314,12.276,198,4.82,0.72,Bounded (75-80% Saturation),[],[]
moderate_load,Rule-Based (tuned),rule_based,115,2,22.41,43.0,59.0,100.6,1006,39.93,67.0,5.26,12.151,199,4.35,0.72,Bounded (75-80% Saturation),[],[]
moderate_load,Rule-Based (tuned),rule_based,112,2,22.3,42.0,64.0,97.1,971,39.18,64.0,5.098,11.777,193,4.26,0.72,Bounded (75-80% Saturation),[],[]
moderate_load,Rule-Based (tuned),rule_based,116,2,21.41,42.0,57.0,100.8,1008,38.27,59.0,5.043,11.649,199,5.71,0.72,Bounded (75-80% Saturation),[],[]
moderate_load,Rule-Based (tuned),rule_based,117,2,21.05,41.0,65.0,100.5,1005,37.58,58.0,4.907,11.335,195,5.21,0.72,Bounded (75-80% Saturation),[],[]
moderate_load,Rule-Based (tuned),rule_based,118,2,21.9,40.0,59.0,103.3,1033,40.93,71.0,5.362,12.387,202,5.41,0.72,Bounded (75-80% Saturation),[],[]
moderate_load,Rule-Based (tuned),rule_based,119,2,26.05,59.0,88.0,103.3,1033,47.6,73.0,6.241,14.416,197,4.98,0.72,Bounded (75-80% Saturation),[],[]
moderate_load,Max-Pressure (tuned),max_pressure,100,2,17.11,38.85,70.0,101.6,1016,31.05,48.0,4.046,9.345,252,4.35,0.72,Bounded (75-80% Saturation),[],[]
moderate_load,Max-Pressure (tuned),max_pressure,101,2,16.2,33.0,55.0,100.7,1007,28.73,48.0,3.78,8.731,251,4.31,0.72,Bounded (75-80% Saturation),[],[]
moderate_load,Max-Pressure (tuned),max_pressure,102,2,17.73,39.0,57.0,99.2,992,31.05,55.0,4.054,9.366,247,3.97,0.72,Bounded (75-80% Saturation),[],[]
moderate_load,Max-Pressure (tuned),max_pressure,103,2,20.27,49.0,75.0,99.8,998,35.97,58.0,4.716,10.894,252,4.02,0.72,Bounded (75-80% Saturation),[],[]
moderate_load,Max-Pressure (tuned),max_pressure,104,2,19.34,44.0,70.0,100.8,1008,35.25,64.0,4.582,10.584,247,4.05,0.72,Bounded (75-80% Saturation),[],[]
moderate_load,Max-Pressure (tuned),max_pressure,105,2,17.3,35.0,53.0,100.8,1008,30.94,54.0,4.042,9.336,249,4.27,0.72,Bounded (75-80% Saturation),[],[]
moderate_load,Max-Pressure (tuned),max_pressure,107,2,17.04,36.0,59.0,101.6,1016,30.27,48.0,3.952,9.13,247,3.83,0.72,Bounded (75-80% Saturation),[],[]
moderate_load,Max-Pressure (tuned),max_pressure,109,2,20.11,46.75,78.0,103.2,1032,36.0,58.0,4.763,11.002,249,4.39,0.72,Bounded (75-80% Saturation),[],[]
moderate_load,Max-Pressure (tuned),max_pressure,108,2,21.71,47.45,90.0,99.5,995,37.9,59.0,4.978,11.499,252,3.67,0.72,Bounded (75-80% Saturation),[],[]
moderate_load,Max-Pressure (tuned),max_pressure,106,2,17.97,39.0,60.0,97.8,978,30.8,54.0,4.03,9.31,248,3.39,0.72,Bounded (75-80% Saturation),[],[]
moderate_load,Max-Pressure (tuned),max_pressure,110,2,17.82,39.45,68.0,101.0,1010,31.66,57.0,4.167,9.626,257,3.89,0.72,Bounded (75-80% Saturation),[],[]
moderate_load,Max-Pressure (tuned),max_pressure,111,2,19.73,42.0,67.0,102.9,1029,36.05,61.0,4.71,10.879,253,3.07,0.72,Bounded (75-80% Saturation),[],[]
moderate_load,Max-Pressure (tuned),max_pressure,112,2,18.32,40.0,60.0,98.7,987,32.28,58.0,4.185,9.667,247,4.09,0.72,Bounded (75-80% Saturation),[],[]
moderate_load,Max-Pressure (tuned),max_pressure,113,2,21.46,46.0,73.0,102.5,1025,38.83,62.0,5.097,11.774,251,4.14,0.72,Bounded (75-80% Saturation),[],[]
moderate_load,Max-Pressure (tuned),max_pressure,115,2,19.37,42.0,72.0,101.5,1015,34.52,59.0,4.519,10.438,247,3.32,0.72,Bounded (75-80% Saturation),[],[]
moderate_load,Max-Pressure (tuned),max_pressure,114,2,18.69,38.0,57.0,101.1,1011,32.53,52.0,4.295,9.922,247,3.94,0.72,Bounded (75-80% Saturation),[],[]
moderate_load,Max-Pressure (tuned),max_pressure,116,2,18.79,37.0,55.0,101.3,1013,33.72,55.0,4.426,10.224,248,4.63,0.72,Bounded (75-80% Saturation),[],[]
moderate_load,Max-Pressure (tuned),max_pressure,117,2,17.84,36.0,54.0,101.1,1011,31.82,51.0,4.174,9.643,251,4.06,0.72,Bounded (75-80% Saturation),[],[]
moderate_load,Max-Pressure (tuned),max_pressure,118,2,17.87,36.05,53.0,104.4,1044,33.65,61.0,4.368,10.089,247,4.0,0.72,Bounded (75-80% Saturation),[],[]
moderate_load,Max-Pressure (tuned),max_pressure,119,2,23.72,58.0,79.0,103.7,1037,43.24,64.0,5.694,13.153,247,4.15,0.72,Bounded (75-80% Saturation),[],[]
moderate_load,Hybrid (uncoupled),hybrid_bf,101,2,22.92,43.0,63.0,100.2,1002,40.75,60.0,5.354,12.367,216,4.39,0.72,Bounded (75-80% Saturation),[],[]
moderate_load,Hybrid (uncoupled),hybrid_bf,100,2,24.63,50.0,74.0,100.5,1005,44.31,66.0,5.834,13.477,214,3.38,0.72,Bounded (75-80% Saturation),[],[]
moderate_load,Hybrid (uncoupled),hybrid_bf,108,2,27.25,57.0,90.0,98.5,985,47.46,69.0,6.25,14.436,211,3.92,0.72,Bounded (75-80% Saturation),[],[]
moderate_load,Hybrid (uncoupled),hybrid_bf,106,2,23.78,48.0,70.0,96.8,968,40.52,68.0,5.344,12.344,207,3.76,0.72,Bounded (75-80% Saturation),[],[]
moderate_load,Hybrid (uncoupled),hybrid_bf,109,2,25.34,48.0,72.0,102.3,1023,45.47,65.0,6.007,13.877,219,3.79,0.72,Bounded (75-80% Saturation),[],[]
moderate_load,Hybrid (uncoupled),hybrid_bf,102,2,23.84,47.0,65.0,99.1,991,41.37,65.0,5.458,12.607,205,4.05,0.72,Bounded (75-80% Saturation),[],[]
moderate_load,Hybrid (uncoupled),hybrid_bf,105,2,22.79,43.0,61.0,99.3,993,40.43,61.0,5.312,12.27,203,3.23,0.72,Bounded (75-80% Saturation),[],[]
moderate_load,Hybrid (uncoupled),hybrid_bf,103,2,25.14,51.0,74.0,98.8,988,44.51,66.0,5.861,13.539,209,3.56,0.72,Bounded (75-80% Saturation),[],[]
moderate_load,Hybrid (uncoupled),hybrid_bf,104,2,25.11,50.0,77.0,99.4,994,45.59,75.0,5.964,13.777,202,3.71,0.72,Bounded (75-80% Saturation),[],[]
moderate_load,Hybrid (uncoupled),hybrid_bf,107,2,22.44,45.0,66.0,99.9,999,39.79,63.0,5.212,12.04,204,4.44,0.72,Bounded (75-80% Saturation),[],[]
moderate_load,Hybrid (uncoupled),hybrid_bf,110,2,24.3,48.55,70.0,100.0,1000,43.02,71.0,5.669,13.095,217,3.86,0.72,Bounded (75-80% Saturation),[],[]
moderate_load,Hybrid (uncoupled),hybrid_bf,111,2,24.86,47.0,62.0,101.9,1019,45.01,67.0,5.917,13.668,221,3.79,0.72,Bounded (75-80% Saturation),[],[]
moderate_load,Hybrid (uncoupled),hybrid_bf,112,2,24.5,47.0,65.0,97.3,973,43.07,68.0,5.618,12.977,208,3.52,0.72,Bounded (75-80% Saturation),[],[]
moderate_load,Hybrid (uncoupled),hybrid_bf,115,2,24.86,49.0,77.0,100.7,1007,44.29,72.0,5.824,13.453,215,3.34,0.72,Bounded (75-80% Saturation),[],[]
moderate_load,Hybrid (uncoupled),hybrid_bf,118,2,23.84,43.0,62.0,103.1,1031,44.76,74.0,5.849,13.511,213,3.66,0.72,Bounded (75-80% Saturation),[],[]
moderate_load,Hybrid (uncoupled),hybrid_bf,114,2,25.62,49.0,69.0,100.1,1001,44.51,71.0,5.871,13.562,226,3.23,0.72,Bounded (75-80% Saturation),[],[]
moderate_load,Hybrid (uncoupled),hybrid_bf,113,2,23.61,48.0,66.0,102.1,1021,42.54,63.0,5.599,12.934,207,3.6,0.72,Bounded (75-80% Saturation),[],[]
moderate_load,Hybrid (uncoupled),hybrid_bf,119,2,26.85,60.0,83.0,103.0,1030,48.91,70.0,6.432,14.857,214,4.36,0.72,Bounded (75-80% Saturation),[],[]
moderate_load,Hybrid (uncoupled),hybrid_bf,117,2,25.05,46.0,80.0,100.8,1008,44.49,73.0,5.856,13.528,215,3.65,0.72,Bounded (75-80% Saturation),[],[]
moderate_load,Hybrid (uncoupled),hybrid_bf,116,2,25.85,49.0,63.0,99.6,996,46.15,78.0,6.09,14.067,221,3.27,0.72,Bounded (75-80% Saturation),[],[]
moderate_load,Hybrid Controller (Brute-Force),hybrid_bf,100,2,24.63,50.0,74.0,100.5,1005,44.31,66.0,5.834,13.477,214,3.38,0.72,Bounded (75-80% Saturation),[],[]
moderate_load,Hybrid Controller (Brute-Force),hybrid_bf,102,2,23.84,47.0,65.0,99.1,991,41.37,65.0,5.458,12.607,205,4.05,0.72,Bounded (75-80% Saturation),[],[]
moderate_load,Hybrid Controller (Brute-Force),hybrid_bf,101,2,22.92,43.0,63.0,100.2,1002,40.75,60.0,5.354,12.367,216,4.39,0.72,Bounded (75-80% Saturation),[],[]
moderate_load,Hybrid Controller (Brute-Force),hybrid_bf,105,2,22.79,43.0,61.0,99.3,993,40.43,61.0,5.312,12.27,203,3.23,0.72,Bounded (75-80% Saturation),[],[]
moderate_load,Hybrid Controller (Brute-Force),hybrid_bf,106,2,23.78,48.0,70.0,96.8,968,40.52,68.0,5.344,12.344,207,3.76,0.72,Bounded (75-80% Saturation),[],[]
moderate_load,Hybrid Controller (Brute-Force),hybrid_bf,103,2,25.14,51.0,74.0,98.8,988,44.51,66.0,5.861,13.539,209,3.56,0.72,Bounded (75-80% Saturation),[],[]
moderate_load,Hybrid Controller (Brute-Force),hybrid_bf,104,2,25.11,50.0,77.0,99.4,994,45.59,75.0,5.964,13.777,202,3.71,0.72,Bounded (75-80% Saturation),[],[]
moderate_load,Hybrid Controller (Brute-Force),hybrid_bf,108,2,27.25,57.0,90.0,98.5,985,47.46,69.0,6.25,14.436,211,3.92,0.72,Bounded (75-80% Saturation),[],[]
moderate_load,Hybrid Controller (Brute-Force),hybrid_bf,109,2,25.34,48.0,72.0,102.3,1023,45.47,65.0,6.007,13.877,219,3.79,0.72,Bounded (75-80% Saturation),[],[]
moderate_load,Hybrid Controller (Brute-Force),hybrid_bf,107,2,22.44,45.0,66.0,99.9,999,39.79,63.0,5.212,12.04,204,4.44,0.72,Bounded (75-80% Saturation),[],[]
moderate_load,Hybrid Controller (Brute-Force),hybrid_bf,112,2,24.5,47.0,65.0,97.3,973,43.07,68.0,5.618,12.977,208,3.52,0.72,Bounded (75-80% Saturation),[],[]
moderate_load,Hybrid Controller (Brute-Force),hybrid_bf,110,2,24.3,48.55,70.0,100.0,1000,43.02,71.0,5.669,13.095,217,3.86,0.72,Bounded (75-80% Saturation),[],[]
moderate_load,Hybrid Controller (Brute-Force),hybrid_bf,111,2,24.86,47.0,62.0,101.9,1019,45.01,67.0,5.917,13.668,221,3.79,0.72,Bounded (75-80% Saturation),[],[]
moderate_load,Hybrid Controller (Brute-Force),hybrid_bf,113,2,23.61,48.0,66.0,102.1,1021,42.54,63.0,5.599,12.934,207,3.6,0.72,Bounded (75-80% Saturation),[],[]
moderate_load,Hybrid Controller (Brute-Force),hybrid_bf,114,2,25.62,49.0,69.0,100.1,1001,44.51,71.0,5.871,13.562,226,3.23,0.72,Bounded (75-80% Saturation),[],[]
moderate_load,Hybrid Controller (Brute-Force),hybrid_bf,116,2,25.85,49.0,63.0,99.6,996,46.15,78.0,6.09,14.067,221,3.27,0.72,Bounded (75-80% Saturation),[],[]
moderate_load,Hybrid Controller (Brute-Force),hybrid_bf,115,2,24.86,49.0,77.0,100.7,1007,44.29,72.0,5.824,13.453,215,3.34,0.72,Bounded (75-80% Saturation),[],[]
moderate_load,Hybrid Controller (Brute-Force),hybrid_bf,117,2,25.05,46.0,80.0,100.8,1008,44.49,73.0,5.856,13.528,215,3.65,0.72,Bounded (75-80% Saturation),[],[]
directional_moderate,Fixed-Timing Baseline,fixed,101,2,63.67,149.0,181.0,83.3,833,117.36,228.0,14.489,33.47,114,7.64,0.8,"Bounded (75-85% Saturation, Asymmetric)",[],[]
directional_moderate,Fixed-Timing Baseline,fixed,100,2,74.03,161.25,220.0,84.0,840,140.35,245.0,17.372,40.129,114,6.96,0.8,"Bounded (75-85% Saturation, Asymmetric)",[],[]
moderate_load,Hybrid Controller (Brute-Force),hybrid_bf,118,2,23.84,43.0,62.0,103.1,1031,44.76,74.0,5.849,13.511,213,3.66,0.72,Bounded (75-80% Saturation),[],[]
moderate_load,Hybrid Controller (Brute-Force),hybrid_bf,119,2,26.85,60.0,83.0,103.0,1030,48.91,70.0,6.432,14.857,214,4.36,0.72,Bounded (75-80% Saturation),[],[]
directional_moderate,Fixed-Timing Baseline,fixed,102,2,71.12,169.0,189.0,83.4,834,136.58,270.0,16.784,38.772,114,7.57,0.8,"Bounded (75-85% Saturation, Asymmetric)",[],[]
directional_moderate,Fixed-Timing Baseline,fixed,103,2,64.95,146.0,161.0,85.4,854,120.23,218.0,14.91,34.442,114,9.16,0.8,"Bounded (75-85% Saturation, Asymmetric)",[],[]
directional_moderate,Fixed-Timing Baseline,fixed,105,2,74.76,172.0,203.0,84.7,847,144.75,274.0,17.943,41.449,114,6.27,0.8,"Bounded (75-85% Saturation, Asymmetric)",[],[]
directional_moderate,Fixed-Timing Baseline,fixed,104,2,64.13,163.0,194.0,86.7,867,121.74,220.0,15.12,34.928,114,7.61,0.8,"Bounded (75-85% Saturation, Asymmetric)",[],[]
directional_moderate,Fixed-Timing Baseline,fixed,106,2,64.55,142.3,174.0,83.0,830,114.95,205.0,14.273,32.971,114,7.74,0.8,"Bounded (75-85% Saturation, Asymmetric)",[],[]
directional_moderate,Fixed-Timing Baseline,fixed,107,2,64.77,148.45,184.0,86.8,868,122.16,231.0,15.141,34.975,114,6.27,0.8,"Bounded (75-85% Saturation, Asymmetric)",[],[]
directional_moderate,Fixed-Timing Baseline,fixed,108,2,73.53,184.4,248.0,84.7,847,139.47,251.0,17.206,39.745,114,7.47,0.8,"Bounded (75-85% Saturation, Asymmetric)",[],[]
directional_moderate,Fixed-Timing Baseline,fixed,109,2,72.4,169.4,197.0,87.6,876,139.64,241.0,17.28,39.916,114,7.69,0.8,"Bounded (75-85% Saturation, Asymmetric)",[],[]
directional_moderate,Fixed-Timing Baseline,fixed,112,2,67.63,161.0,195.0,83.3,833,124.35,242.0,15.434,35.652,114,7.58,0.8,"Bounded (75-85% Saturation, Asymmetric)",[],[]
directional_moderate,Fixed-Timing Baseline,fixed,110,2,70.46,157.0,190.0,84.2,842,131.07,236.0,16.346,37.759,114,7.82,0.8,"Bounded (75-85% Saturation, Asymmetric)",[],[]
directional_moderate,Fixed-Timing Baseline,fixed,111,2,73.71,179.0,205.0,85.0,850,139.79,251.0,17.314,39.994,114,8.49,0.8,"Bounded (75-85% Saturation, Asymmetric)",[],[]
directional_moderate,Fixed-Timing Baseline,fixed,113,2,63.79,146.3,176.0,85.8,858,119.41,223.0,14.856,34.317,114,7.66,0.8,"Bounded (75-85% Saturation, Asymmetric)",[],[]
directional_moderate,Fixed-Timing Baseline,fixed,114,2,69.51,155.0,176.0,85.1,851,128.33,226.0,15.895,36.717,114,6.95,0.8,"Bounded (75-85% Saturation, Asymmetric)",[],[]
directional_moderate,Fixed-Timing Baseline,fixed,117,2,71.91,160.0,192.0,85.0,850,132.62,224.0,16.506,38.129,114,8.05,0.8,"Bounded (75-85% Saturation, Asymmetric)",[],[]
directional_moderate,Fixed-Timing Baseline,fixed,115,2,71.19,162.0,220.0,85.1,851,133.77,238.0,16.627,38.409,114,8.02,0.8,"Bounded (75-85% Saturation, Asymmetric)",[],[]
directional_moderate,Fixed-Timing Baseline,fixed,116,2,70.26,159.0,187.0,84.8,848,134.4,251.0,16.597,38.339,114,9.31,0.8,"Bounded (75-85% Saturation, Asymmetric)",[],[]
directional_moderate,Fixed-Timing Baseline,fixed,118,2,76.2,179.2,215.0,84.6,846,148.89,275.0,18.44,42.597,114,7.55,0.8,"Bounded (75-85% Saturation, Asymmetric)",[],[]
directional_moderate,Fixed-Timing Baseline,fixed,119,2,64.65,155.75,209.0,87.1,871,121.42,214.0,15.027,34.712,114,7.24,0.8,"Bounded (75-85% Saturation, Asymmetric)",[],[]
directional_moderate,Fixed (tuned),fixed,100,2,34.55,62.0,92.0,98.4,984,63.31,103.0,8.177,18.89,90,9.67,0.8,"Bounded (75-85% Saturation, Asymmetric)",[],[]
directional_moderate,Fixed (tuned),fixed,101,2,31.87,60.0,97.0,96.4,964,56.44,96.0,7.294,16.849,90,10.53,0.8,"Bounded (75-85% Saturation, Asymmetric)",[],[]
directional_moderate,Fixed (tuned),fixed,102,2,37.68,69.0,100.0,98.9,989,69.59,120.0,8.893,20.544,90,12.95,0.8,"Bounded (75-85% Saturation, Asymmetric)",[],[]
directional_moderate,Fixed (tuned),fixed,104,2,33.51,63.0,105.0,97.5,975,61.36,111.0,7.939,18.338,90,8.29,0.8,"Bounded (75-85% Saturation, Asymmetric)",[],[]
directional_moderate,Fixed (tuned),fixed,103,2,32.62,67.2,96.0,97.6,976,58.11,91.0,7.516,17.362,90,11.49,0.8,"Bounded (75-85% Saturation, Asymmetric)",[],[]
directional_moderate,Fixed (tuned),fixed,106,2,33.5,64.0,102.0,93.6,936,57.66,96.0,7.429,17.162,90,8.22,0.8,"Bounded (75-85% Saturation, Asymmetric)",[],[]
directional_moderate,Fixed (tuned),fixed,105,2,35.76,67.85,88.0,100.2,1002,67.04,112.0,8.615,19.9,90,10.22,0.8,"Bounded (75-85% Saturation, Asymmetric)",[],[]
directional_moderate,Fixed (tuned),fixed,108,2,40.11,71.3,112.0,98.1,981,73.22,122.0,9.405,21.725,90,9.81,0.8,"Bounded (75-85% Saturation, Asymmetric)",[],[]
directional_moderate,Fixed (tuned),fixed,107,2,35.82,71.0,100.0,99.0,990,65.33,105.0,8.397,19.397,90,10.58,0.8,"Bounded (75-85% Saturation, Asymmetric)",[],[]
directional_moderate,Fixed (tuned),fixed,110,2,33.31,60.0,94.0,97.3,973,60.09,101.0,7.742,17.884,90,12.82,0.8,"Bounded (75-85% Saturation, Asymmetric)",[],[]
directional_moderate,Fixed (tuned),fixed,111,2,35.73,69.0,98.0,99.6,996,65.3,104.0,8.425,19.461,90,12.21,0.8,"Bounded (75-85% Saturation, Asymmetric)",[],[]
directional_moderate,Fixed (tuned),fixed,109,2,33.85,64.0,87.0,101.7,1017,62.53,102.0,8.132,18.784,90,11.25,0.8,"Bounded (75-85% Saturation, Asymmetric)",[],[]
directional_moderate,Fixed (tuned),fixed,113,2,32.1,64.0,104.0,97.8,978,58.2,96.0,7.497,17.318,90,11.06,0.8,"Bounded (75-85% Saturation, Asymmetric)",[],[]
directional_moderate,Fixed (tuned),fixed,112,2,34.78,64.0,95.0,95.5,955,62.26,111.0,7.96,18.389,90,10.99,0.8,"Bounded (75-85% Saturation, Asymmetric)",[],[]
directional_moderate,Fixed (tuned),fixed,116,2,35.44,68.55,105.0,98.9,989,65.59,112.0,8.427,19.466,90,11.82,0.8,"Bounded (75-85% Saturation, Asymmetric)",[],[]
directional_moderate,Fixed (tuned),fixed,115,2,34.5,66.0,97.0,98.3,983,62.78,104.0,8.096,18.701,90,11.31,0.8,"Bounded (75-85% Saturation, Asymmetric)",[],[]
directional_moderate,Fixed (tuned),fixed,114,2,34.41,62.0,89.0,98.6,986,60.98,102.0,7.93,18.318,90,9.5,0.8,"Bounded (75-85% Saturation, Asymmetric)",[],[]
directional_moderate,Fixed (tuned),fixed,117,2,32.88,63.0,102.0,97.5,975,58.46,99.0,7.584,17.519,90,10.65,0.8,"Bounded (75-85% Saturation, Asymmetric)",[],[]
directional_moderate,Fixed (tuned),fixed,118,2,35.87,63.0,103.0,99.5,995,67.66,111.0,8.714,20.128,90,11.16,0.8,"Bounded (75-85% Saturation, Asymmetric)",[],[]
directional_moderate,Rule-Based (tuned),rule_based,101,2,26.2,48.0,91.0,97.2,972,45.82,73.0,6.002,13.866,208,4.96,0.8,"Bounded (75-85% Saturation, Asymmetric)",[],[]
directional_moderate,Fixed (tuned),fixed,119,2,37.17,99.65,170.0,98.8,988,66.53,104.0,8.657,19.997,90,10.67,0.8,"Bounded (75-85% Saturation, Asymmetric)",[],[]
directional_moderate,Rule-Based (tuned),rule_based,103,2,25.71,43.0,82.0,98.7,987,45.47,68.0,5.965,13.78,215,5.38,0.8,"Bounded (75-85% Saturation, Asymmetric)",[],[]
directional_moderate,Rule-Based (tuned),rule_based,102,2,32.58,63.0,130.0,99.8,998,59.34,96.0,7.776,17.963,190,7.47,0.8,"Bounded (75-85% Saturation, Asymmetric)",[],[]
directional_moderate,Rule-Based (tuned),rule_based,100,2,28.11,49.0,91.0,100.2,1002,50.75,73.0,6.66,15.385,201,6.83,0.8,"Bounded (75-85% Saturation, Asymmetric)",[],[]
directional_moderate,Rule-Based (tuned),rule_based,104,2,26.81,52.0,101.0,98.2,982,49.0,86.0,6.364,14.7,208,6.4,0.8,"Bounded (75-85% Saturation, Asymmetric)",[],[]
directional_moderate,Rule-Based (tuned),rule_based,105,2,33.17,60.0,109.0,100.8,1008,61.35,88.0,8.019,18.524,199,4.71,0.8,"Bounded (75-85% Saturation, Asymmetric)",[],[]
directional_moderate,Rule-Based (tuned),rule_based,106,2,27.86,52.0,84.0,95.4,954,47.26,75.0,6.235,14.403,202,5.27,0.8,"Bounded (75-85% Saturation, Asymmetric)",[],[]
directional_moderate,Rule-Based (tuned),rule_based,107,2,30.28,58.1,93.0,99.4,994,54.5,90.0,7.125,16.46,208,5.42,0.8,"Bounded (75-85% Saturation, Asymmetric)",[],[]
directional_moderate,Rule-Based (tuned),rule_based,108,2,32.57,68.0,107.0,100.2,1002,58.64,89.0,7.724,17.841,191,6.25,0.8,"Bounded (75-85% Saturation, Asymmetric)",[],[]
directional_moderate,Rule-Based (tuned),rule_based,113,2,27.83,52.0,87.0,98.8,988,50.28,80.0,6.542,15.112,214,5.79,0.8,"Bounded (75-85% Saturation, Asymmetric)",[],[]
directional_moderate,Rule-Based (tuned),rule_based,109,2,30.71,59.0,83.0,102.6,1026,56.29,77.0,7.392,17.075,208,5.68,0.8,"Bounded (75-85% Saturation, Asymmetric)",[],[]
directional_moderate,Rule-Based (tuned),rule_based,111,2,29.55,62.0,102.0,100.5,1005,53.49,80.0,7.012,16.198,201,5.27,0.8,"Bounded (75-85% Saturation, Asymmetric)",[],[]
directional_moderate,Rule-Based (tuned),rule_based,115,2,30.09,58.0,94.0,98.4,984,54.33,85.0,7.082,16.359,205,6.27,0.8,"Bounded (75-85% Saturation, Asymmetric)",[],[]
directional_moderate,Rule-Based (tuned),rule_based,117,2,26.26,49.0,95.0,98.6,986,46.43,69.0,6.082,14.048,209,4.73,0.8,"Bounded (75-85% Saturation, Asymmetric)",[],[]
directional_moderate,Rule-Based (tuned),rule_based,116,2,31.81,61.0,99.0,98.8,988,58.02,102.0,7.591,17.536,203,5.91,0.8,"Bounded (75-85% Saturation, Asymmetric)",[],[]
directional_moderate,Rule-Based (tuned),rule_based,118,2,31.96,60.0,93.0,100.0,1000,59.67,96.0,7.785,17.983,201,5.87,0.8,"Bounded (75-85% Saturation, Asymmetric)",[],[]
directional_moderate,Rule-Based (tuned),rule_based,110,2,28.22,55.0,85.0,98.3,983,50.27,79.0,6.603,15.254,206,5.52,0.8,"Bounded (75-85% Saturation, Asymmetric)",[],[]
directional_moderate,Rule-Based (tuned),rule_based,114,2,27.45,48.0,79.0,99.2,992,48.39,73.0,6.337,14.639,215,4.38,0.8,"Bounded (75-85% Saturation, Asymmetric)",[],[]
directional_moderate,Rule-Based (tuned),rule_based,112,2,29.03,57.0,93.0,97.1,971,51.33,76.0,6.689,15.451,202,5.63,0.8,"Bounded (75-85% Saturation, Asymmetric)",[],[]
directional_moderate,Rule-Based (tuned),rule_based,119,2,35.36,77.0,151.0,98.5,985,63.24,98.0,8.273,19.111,216,4.93,0.8,"Bounded (75-85% Saturation, Asymmetric)",[],[]
directional_moderate,Max-Pressure (tuned),max_pressure,101,2,32.06,65.0,90.0,95.0,950,56.62,86.0,7.36,17.002,236,4.73,0.8,"Bounded (75-85% Saturation, Asymmetric)",[],[]
directional_moderate,Max-Pressure (tuned),max_pressure,100,2,32.99,68.0,95.0,98.4,984,60.11,86.0,7.801,18.02,234,4.22,0.8,"Bounded (75-85% Saturation, Asymmetric)",[],[]
directional_moderate,Max-Pressure (tuned),max_pressure,102,2,40.65,75.45,104.0,96.9,969,74.7,121.0,9.684,22.37,234,4.78,0.8,"Bounded (75-85% Saturation, Asymmetric)",[],[]
directional_moderate,Max-Pressure (tuned),max_pressure,103,2,32.43,66.0,80.0,96.1,961,57.72,85.0,7.524,17.38,235,3.98,0.8,"Bounded (75-85% Saturation, Asymmetric)",[],[]
directional_moderate,Max-Pressure (tuned),max_pressure,104,2,31.56,65.0,83.0,96.7,967,57.68,104.0,7.511,17.35,240,5.12,0.8,"Bounded (75-85% Saturation, Asymmetric)",[],[]
directional_moderate,Max-Pressure (tuned),max_pressure,105,2,38.19,70.0,103.0,97.8,978,71.01,113.0,9.207,21.269,229,4.34,0.8,"Bounded (75-85% Saturation, Asymmetric)",[],[]
directional_moderate,Max-Pressure (tuned),max_pressure,106,2,32.46,58.0,69.0,93.5,935,55.41,85.0,7.278,16.812,238,4.27,0.8,"Bounded (75-85% Saturation, Asymmetric)",[],[]
directional_moderate,Max-Pressure (tuned),max_pressure,109,2,34.74,72.0,85.0,100.8,1008,64.42,89.0,8.391,19.384,237,3.67,0.8,"Bounded (75-85% Saturation, Asymmetric)",[],[]
directional_moderate,Max-Pressure (tuned),max_pressure,107,2,33.88,77.05,101.0,97.6,976,61.67,95.0,7.981,18.436,235,4.31,0.8,"Bounded (75-85% Saturation, Asymmetric)",[],[]
directional_moderate,Max-Pressure (tuned),max_pressure,108,2,40.02,90.0,108.0,97.3,973,72.45,110.0,9.471,21.878,232,4.87,0.8,"Bounded (75-85% Saturation, Asymmetric)",[],[]
directional_moderate,Max-Pressure (tuned),max_pressure,110,2,33.35,75.0,88.0,95.8,958,60.15,94.0,7.781,17.974,235,4.88,0.8,"Bounded (75-85% Saturation, Asymmetric)",[],[]
directional_moderate,Max-Pressure (tuned),max_pressure,111,2,38.21,79.0,93.0,97.8,978,69.64,100.0,9.043,20.889,234,4.77,0.8,"Bounded (75-85% Saturation, Asymmetric)",[],[]
directional_moderate,Max-Pressure (tuned),max_pressure,112,2,31.93,72.0,89.0,95.2,952,56.78,93.0,7.379,17.045,234,4.23,0.8,"Bounded (75-85% Saturation, Asymmetric)",[],[]
directional_moderate,Max-Pressure (tuned),max_pressure,113,2,33.0,66.0,86.0,96.9,969,59.96,92.0,7.723,17.84,241,4.42,0.8,"Bounded (75-85% Saturation, Asymmetric)",[],[]
directional_moderate,Max-Pressure (tuned),max_pressure,114,2,34.05,60.0,73.0,97.1,971,60.38,88.0,7.885,18.215,235,4.45,0.8,"Bounded (75-85% Saturation, Asymmetric)",[],[]
directional_moderate,Max-Pressure (tuned),max_pressure,115,2,34.34,74.95,101.0,97.3,973,62.32,95.0,8.104,18.72,240,3.85,0.8,"Bounded (75-85% Saturation, Asymmetric)",[],[]
directional_moderate,Max-Pressure (tuned),max_pressure,117,2,36.56,66.9,87.0,96.2,962,64.87,91.0,8.473,19.573,235,4.3,0.8,"Bounded (75-85% Saturation, Asymmetric)",[],[]
directional_moderate,Max-Pressure (tuned),max_pressure,116,2,37.26,65.0,119.0,97.6,976,67.9,109.0,8.867,20.484,239,4.6,0.8,"Bounded (75-85% Saturation, Asymmetric)",[],[]
directional_moderate,Max-Pressure (tuned),max_pressure,119,2,38.38,84.0,123.0,96.8,968,68.84,101.0,9.015,20.824,240,4.12,0.8,"Bounded (75-85% Saturation, Asymmetric)",[],[]
directional_moderate,Max-Pressure (tuned),max_pressure,118,2,38.39,72.2,102.0,98.1,981,72.24,121.0,9.36,21.621,231,4.16,0.8,"Bounded (75-85% Saturation, Asymmetric)",[],[]
directional_moderate,Hybrid (uncoupled),hybrid_bf,100,2,31.46,53.0,77.0,99.4,994,56.59,80.0,7.438,17.181,202,4.3,0.8,"Bounded (75-85% Saturation, Asymmetric)",[],[]
directional_moderate,Hybrid (uncoupled),hybrid_bf,101,2,30.57,52.6,84.0,96.2,962,53.53,75.0,6.991,16.149,216,5.07,0.8,"Bounded (75-85% Saturation, Asymmetric)",[],[]
directional_moderate,Hybrid (uncoupled),hybrid_bf,102,2,36.08,67.0,132.0,99.6,996,65.73,112.0,8.612,19.894,204,5.36,0.8,"Bounded (75-85% Saturation, Asymmetric)",[],[]
directional_moderate,Hybrid (uncoupled),hybrid_bf,104,2,31.78,59.0,83.0,96.8,968,57.98,109.0,7.544,17.426,218,4.7,0.8,"Bounded (75-85% Saturation, Asymmetric)",[],[]
directional_moderate,Hybrid (uncoupled),hybrid_bf,103,2,30.85,54.0,75.0,98.1,981,54.26,77.0,7.116,16.437,205,4.48,0.8,"Bounded (75-85% Saturation, Asymmetric)",[],[]
directional_moderate,Hybrid (uncoupled),hybrid_bf,105,2,36.15,64.0,114.0,100.1,1001,66.84,96.0,8.74,20.189,200,4.58,0.8,"Bounded (75-85% Saturation, Asymmetric)",[],[]
directional_moderate,Hybrid (uncoupled),hybrid_bf,106,2,28.38,52.0,74.0,94.9,949,48.35,69.0,6.358,14.686,209,4.48,0.8,"Bounded (75-85% Saturation, Asymmetric)",[],[]
directional_moderate,Hybrid (uncoupled),hybrid_bf,109,2,33.95,58.0,88.0,101.9,1019,62.8,83.0,8.246,19.048,208,4.64,0.8,"Bounded (75-85% Saturation, Asymmetric)",[],[]
directional_moderate,Hybrid (uncoupled),hybrid_bf,107,2,35.04,66.85,115.0,98.6,986,63.05,95.0,8.286,19.14,212,4.53,0.8,"Bounded (75-85% Saturation, Asymmetric)",[],[]
directional_moderate,Hybrid (uncoupled),hybrid_bf,110,2,32.77,62.0,103.0,97.7,977,58.31,84.0,7.631,17.627,202,4.02,0.8,"Bounded (75-85% Saturation, Asymmetric)",[],[]
directional_moderate,Hybrid (uncoupled),hybrid_bf,108,2,35.83,75.0,121.0,99.3,993,64.42,91.0,8.464,19.553,207,5.42,0.8,"Bounded (75-85% Saturation, Asymmetric)",[],[]
directional_moderate,Hybrid (uncoupled),hybrid_bf,111,2,35.02,72.0,115.0,99.1,991,62.96,85.0,8.28,19.126,202,4.83,0.8,"Bounded (75-85% Saturation, Asymmetric)",[],[]
directional_moderate,Hybrid (uncoupled),hybrid_bf,112,2,30.8,57.0,89.0,96.2,962,54.49,83.0,7.124,16.457,194,3.7,0.8,"Bounded (75-85% Saturation, Asymmetric)",[],[]
directional_moderate,Hybrid (uncoupled),hybrid_bf,113,2,30.8,58.15,96.0,98.0,980,55.05,80.0,7.242,16.729,219,4.22,0.8,"Bounded (75-85% Saturation, Asymmetric)",[],[]
directional_moderate,Hybrid (uncoupled),hybrid_bf,114,2,30.62,58.0,86.0,98.6,986,53.62,80.0,7.055,16.297,211,3.85,0.8,"Bounded (75-85% Saturation, Asymmetric)",[],[]
directional_moderate,Hybrid (uncoupled),hybrid_bf,115,2,35.42,67.0,127.0,97.5,975,63.65,103.0,8.343,19.273,209,3.93,0.8,"Bounded (75-85% Saturation, Asymmetric)",[],[]
directional_moderate,Hybrid (uncoupled),hybrid_bf,116,2,34.4,66.0,115.0,98.4,984,62.6,100.0,8.226,19.003,206,4.66,0.8,"Bounded (75-85% Saturation, Asymmetric)",[],[]
directional_moderate,Hybrid (uncoupled),hybrid_bf,117,2,31.6,57.0,87.0,98.3,983,55.73,85.0,7.359,16.999,214,4.94,0.8,"Bounded (75-85% Saturation, Asymmetric)",[],[]
directional_moderate,Hybrid (uncoupled),hybrid_bf,119,2,41.02,85.2,170.0,96.8,968,72.81,108.0,9.634,22.256,217,3.98,0.8,"Bounded (75-85% Saturation, Asymmetric)",[],[]
directional_moderate,Hybrid (uncoupled),hybrid_bf,118,2,36.05,68.0,110.0,98.0,980,67.43,120.0,8.812,20.357,207,4.65,0.8,"Bounded (75-85% Saturation, Asymmetric)",[],[]
directional_moderate,Hybrid Controller (Brute-Force),hybrid_bf,101,2,29.88,57.0,90.0,96.4,964,52.35,75.0,6.827,15.77,207,4.04,0.8,"Bounded (75-85% Saturation, Asymmetric)",[],[]
directional_moderate,Hybrid Controller (Brute-Force),hybrid_bf,100,2,31.09,59.0,89.0,99.9,999,56.08,75.0,7.393,17.079,208,5.14,0.8,"Bounded (75-85% Saturation, Asymmetric)",[],[]
directional_moderate,Hybrid Controller (Brute-Force),hybrid_bf,102,2,34.79,70.0,150.0,99.9,999,63.17,109.0,8.281,19.129,202,4.53,0.8,"Bounded (75-85% Saturation, Asymmetric)",[],[]
directional_moderate,Hybrid Controller (Brute-Force),hybrid_bf,103,2,30.81,56.0,85.0,97.9,979,54.55,83.0,7.154,16.525,220,3.72,0.8,"Bounded (75-85% Saturation, Asymmetric)",[],[]
directional_moderate,Hybrid Controller (Brute-Force),hybrid_bf,105,2,36.24,75.0,130.0,99.9,999,67.33,103.0,8.762,20.241,197,5.48,0.8,"Bounded (75-85% Saturation, Asymmetric)",[],[]
directional_moderate,Hybrid Controller (Brute-Force),hybrid_bf,104,2,31.66,59.0,105.0,96.8,968,57.8,101.0,7.514,17.357,222,5.22,0.8,"Bounded (75-85% Saturation, Asymmetric)",[],[]
directional_moderate,Hybrid Controller (Brute-Force),hybrid_bf,106,2,29.32,52.0,74.0,94.8,948,49.85,72.0,6.56,15.155,207,4.73,0.8,"Bounded (75-85% Saturation, Asymmetric)",[],[]
directional_moderate,Hybrid Controller (Brute-Force),hybrid_bf,107,2,34.05,64.1,115.0,98.4,984,61.06,92.0,8.014,18.512,209,4.81,0.8,"Bounded (75-85% Saturation, Asymmetric)",[],[]
directional_moderate,Hybrid Controller (Brute-Force),hybrid_bf,108,2,36.43,74.0,126.0,98.9,989,65.57,100.0,8.622,19.918,196,5.23,0.8,"Bounded (75-85% Saturation, Asymmetric)",[],[]
directional_moderate,Hybrid Controller (Brute-Force),hybrid_bf,110,2,29.98,57.0,111.0,97.6,976,53.35,78.0,7.015,16.205,205,4.95,0.8,"Bounded (75-85% Saturation, Asymmetric)",[],[]
directional_moderate,Hybrid Controller (Brute-Force),hybrid_bf,113,2,30.24,56.0,101.0,97.8,978,54.34,85.0,7.077,16.347,221,4.58,0.8,"Bounded (75-85% Saturation, Asymmetric)",[],[]
directional_moderate,Hybrid Controller (Brute-Force),hybrid_bf,109,2,34.16,60.0,86.0,101.6,1016,62.75,87.0,8.252,19.062,214,4.86,0.8,"Bounded (75-85% Saturation, Asymmetric)",[],[]
directional_moderate,Hybrid Controller (Brute-Force),hybrid_bf,112,2,29.72,58.0,94.0,96.6,966,52.36,80.0,6.882,15.898,193,4.95,0.8,"Bounded (75-85% Saturation, Asymmetric)",[],[]
directional_moderate,Hybrid Controller (Brute-Force),hybrid_bf,115,2,33.29,65.0,104.0,98.5,985,59.9,90.0,7.849,18.13,208,4.6,0.8,"Bounded (75-85% Saturation, Asymmetric)",[],[]
directional_moderate,Hybrid Controller (Brute-Force),hybrid_bf,114,2,31.39,62.0,114.0,98.1,981,55.03,83.0,7.247,16.741,209,4.3,0.8,"Bounded (75-85% Saturation, Asymmetric)",[],[]
directional_moderate,Hybrid Controller (Brute-Force),hybrid_bf,111,2,32.6,64.0,104.0,100.3,1003,59.03,89.0,7.767,17.942,197,5.23,0.8,"Bounded (75-85% Saturation, Asymmetric)",[],[]
incident_moderate,Fixed-Timing Baseline,fixed,100,2,34.06,68.0,112.0,98.7,987,61.11,84.0,8.031,18.551,114,6.96,0.72,Bounded + Bottleneck Incident,[],[]
directional_moderate,Hybrid Controller (Brute-Force),hybrid_bf,116,2,33.53,64.0,105.0,99.0,990,61.21,108.0,8.033,18.555,216,4.89,0.8,"Bounded (75-85% Saturation, Asymmetric)",[],[]
incident_moderate,Fixed-Timing Baseline,fixed,101,2,32.73,61.0,106.0,97.3,973,57.72,87.0,7.593,17.54,114,7.64,0.72,Bounded + Bottleneck Incident,[],[]
incident_moderate,Fixed-Timing Baseline,fixed,102,2,34.92,76.0,127.0,95.8,958,60.69,94.0,7.977,18.427,114,7.57,0.72,Bounded + Bottleneck Incident,[],[]
directional_moderate,Hybrid Controller (Brute-Force),hybrid_bf,117,2,32.96,60.0,89.0,97.2,972,58.03,87.0,7.625,17.614,206,5.7,0.8,"Bounded (75-85% Saturation, Asymmetric)",[],[]
incident_moderate,Fixed-Timing Baseline,fixed,103,2,33.13,63.9,90.0,97.7,977,58.51,92.0,7.68,17.74,114,9.16,0.72,Bounded + Bottleneck Incident,[],[]
directional_moderate,Hybrid Controller (Brute-Force),hybrid_bf,119,2,39.91,82.0,162.0,97.4,974,71.02,106.0,9.401,21.716,226,4.1,0.8,"Bounded (75-85% Saturation, Asymmetric)",[],[]
incident_moderate,Fixed-Timing Baseline,fixed,104,2,38.97,139.1,194.0,96.7,967,70.02,108.0,9.171,21.186,114,7.61,0.72,Bounded + Bottleneck Incident,[],[]
incident_moderate,Fixed-Timing Baseline,fixed,106,2,35.25,79.4,113.0,94.7,947,60.1,93.0,7.935,18.329,114,7.74,0.72,Bounded + Bottleneck Incident,[],[]
incident_moderate,Fixed-Timing Baseline,fixed,108,2,35.99,70.0,91.0,97.2,972,62.0,89.0,8.198,18.937,114,7.47,0.72,Bounded + Bottleneck Incident,[],[]
incident_moderate,Fixed-Timing Baseline,fixed,109,2,36.42,71.0,140.0,100.1,1001,64.48,93.0,8.571,19.799,114,7.69,0.72,Bounded + Bottleneck Incident,[],[]
incident_moderate,Fixed-Timing Baseline,fixed,105,2,34.37,71.85,115.0,97.9,979,60.58,94.0,7.974,18.42,114,6.27,0.72,Bounded + Bottleneck Incident,[],[]
directional_moderate,Hybrid Controller (Brute-Force),hybrid_bf,118,2,33.34,64.0,100.0,98.7,987,62.77,107.0,8.106,18.726,201,4.73,0.8,"Bounded (75-85% Saturation, Asymmetric)",[],[]
incident_moderate,Fixed-Timing Baseline,fixed,111,2,37.01,75.0,145.0,99.6,996,66.88,100.0,8.776,20.273,114,8.49,0.72,Bounded + Bottleneck Incident,[],[]
incident_moderate,Fixed-Timing Baseline,fixed,112,2,33.65,71.75,107.0,96.3,963,58.63,91.0,7.672,17.723,114,7.58,0.72,Bounded + Bottleneck Incident,[],[]
incident_moderate,Fixed-Timing Baseline,fixed,113,2,38.25,104.0,169.0,98.7,987,69.13,104.0,9.103,21.029,114,7.66,0.72,Bounded + Bottleneck Incident,[],[]
incident_moderate,Fixed-Timing Baseline,fixed,110,2,35.69,80.8,180.0,98.0,980,62.64,98.0,8.272,19.108,114,7.82,0.72,Bounded + Bottleneck Incident,[],[]
incident_moderate,Fixed-Timing Baseline,fixed,107,2,33.67,64.0,92.0,98.5,985,58.93,82.0,7.76,17.926,114,6.27,0.72,Bounded + Bottleneck Incident,[],[]
incident_moderate,Fixed-Timing Baseline,fixed,115,2,33.46,61.0,75.0,99.2,992,59.3,89.0,7.851,18.137,114,8.02,0.72,Bounded + Bottleneck Incident,[],[]
incident_moderate,Fixed-Timing Baseline,fixed,116,2,34.32,66.0,104.0,98.1,981,61.01,95.0,8.077,18.657,114,9.31,0.72,Bounded + Bottleneck Incident,[],[]
incident_moderate,Fixed-Timing Baseline,fixed,114,2,33.36,63.0,95.0,98.1,981,57.84,88.0,7.643,17.656,114,6.95,0.72,Bounded + Bottleneck Incident,[],[]
incident_moderate,Fixed-Timing Baseline,fixed,117,2,35.8,92.6,131.0,98.3,983,63.13,100.0,8.345,19.276,114,8.05,0.72,Bounded + Bottleneck Incident,[],[]
incident_moderate,Fixed-Timing Baseline,fixed,119,2,41.84,112.0,163.0,99.5,995,76.57,115.0,10.052,23.219,114,7.24,0.72,Bounded + Bottleneck Incident,[],[]
incident_moderate,Fixed (tuned),fixed,101,2,31.4,64.0,97.0,97.5,975,55.61,83.0,7.271,16.797,138,6.71,0.72,Bounded + Bottleneck Incident,[],[]
incident_moderate,Fixed (tuned),fixed,100,2,32.3,64.0,89.0,98.9,989,58.1,80.0,7.6,17.557,138,5.72,0.72,Bounded + Bottleneck Incident,[],[]
incident_moderate,Fixed (tuned),fixed,104,2,38.28,132.0,188.0,96.5,965,69.08,106.0,8.992,20.77,138,6.96,0.72,Bounded + Bottleneck Incident,[],[]
incident_moderate,Fixed (tuned),fixed,105,2,32.92,65.0,85.0,98.0,980,58.3,86.0,7.609,17.576,138,5.83,0.72,Bounded + Bottleneck Incident,[],[]
incident_moderate,Fixed (tuned),fixed,102,2,33.86,74.0,113.0,96.1,961,58.91,95.0,7.714,17.818,138,5.12,0.72,Bounded + Bottleneck Incident,[],[]
incident_moderate,Fixed (tuned),fixed,103,2,32.26,67.0,81.0,97.9,979,57.14,85.0,7.455,17.221,138,6.01,0.72,Bounded + Bottleneck Incident,[],[]
incident_moderate,Fixed (tuned),fixed,106,2,32.59,68.0,116.0,94.5,945,55.69,89.0,7.278,16.811,138,7.02,0.72,Bounded + Bottleneck Incident,[],[]
incident_moderate,Fixed-Timing Baseline,fixed,118,2,35.21,79.0,122.0,100.6,1006,65.2,102.0,8.582,19.825,114,7.55,0.72,Bounded + Bottleneck Incident,[],[]
incident_moderate,Fixed (tuned),fixed,108,2,34.01,73.95,110.0,96.9,969,58.8,87.0,7.725,17.844,138,6.09,0.72,Bounded + Bottleneck Incident,[],[]
incident_moderate,Fixed (tuned),fixed,109,2,34.62,77.0,119.0,100.6,1006,61.3,89.0,8.094,18.698,138,6.2,0.72,Bounded + Bottleneck Incident,[],[]
incident_moderate,Fixed (tuned),fixed,110,2,34.14,76.1,150.0,98.2,982,60.12,94.0,7.889,18.224,138,8.0,0.72,Bounded + Bottleneck Incident,[],[]
incident_moderate,Fixed (tuned),fixed,112,2,34.13,73.0,111.0,95.4,954,59.88,95.0,7.758,17.922,138,6.75,0.72,Bounded + Bottleneck Incident,[],[]
incident_moderate,Fixed (tuned),fixed,107,2,31.77,60.0,96.0,98.4,984,56.02,81.0,7.292,16.845,138,6.5,0.72,Bounded + Bottleneck Incident,[],[]
incident_moderate,Fixed (tuned),fixed,111,2,35.75,81.0,120.0,100.1,1001,64.79,95.0,8.469,19.564,138,7.05,0.72,Bounded + Bottleneck Incident,[],[]
incident_moderate,Fixed (tuned),fixed,114,2,31.19,62.0,86.0,98.7,987,54.19,83.0,7.125,16.459,138,6.08,0.72,Bounded + Bottleneck Incident,[],[]
incident_moderate,Fixed (tuned),fixed,116,2,32.9,62.0,89.0,98.2,982,58.69,90.0,7.691,17.767,138,6.17,0.72,Bounded + Bottleneck Incident,[],[]
incident_moderate,Fixed (tuned),fixed,115,2,31.74,58.0,78.0,99.2,992,56.3,84.0,7.4,17.093,138,6.17,0.72,Bounded + Bottleneck Incident,[],[]
incident_moderate,Fixed (tuned),fixed,113,2,36.41,100.9,156.0,98.7,987,65.78,107.0,8.6,19.866,138,6.61,0.72,Bounded + Bottleneck Incident,[],[]
incident_moderate,Fixed (tuned),fixed,118,2,33.9,70.35,113.0,101.0,1010,62.96,101.0,8.241,19.036,138,6.42,0.72,Bounded + Bottleneck Incident,[],[]
incident_moderate,Fixed (tuned),fixed,117,2,34.08,78.0,115.0,98.0,980,60.32,95.0,7.899,18.246,138,7.18,0.72,Bounded + Bottleneck Incident,[],[]
incident_moderate,Fixed (tuned),fixed,119,2,39.61,106.3,157.0,100.1,1001,72.65,103.0,9.461,21.856,138,5.68,0.72,Bounded + Bottleneck Incident,[],[]
incident_moderate,Rule-Based (tuned),rule_based,100,2,24.57,51.0,83.0,101.5,1015,44.34,66.0,5.805,13.41,277,4.25,0.72,Bounded + Bottleneck Incident,[],[]
incident_moderate,Rule-Based (tuned),rule_based,101,2,25.49,49.0,66.0,99.7,997,45.12,66.0,5.952,13.75,301,3.33,0.72,Bounded + Bottleneck Incident,[],[]
incident_moderate,Rule-Based (tuned),rule_based,102,2,25.9,70.0,93.0,96.7,967,45.36,80.0,5.927,13.692,271,3.75,0.72,Bounded + Bottleneck Incident,[],[]
incident_moderate,Rule-Based (tuned),rule_based,105,2,23.71,45.0,67.0,99.8,998,42.22,71.0,5.558,12.839,269,3.77,0.72,Bounded + Bottleneck Incident,[],[]
incident_moderate,Rule-Based (tuned),rule_based,104,2,33.48,96.0,149.0,96.2,962,61.25,110.0,7.932,18.322,285,4.51,0.72,Bounded + Bottleneck Incident,[],[]
incident_moderate,Rule-Based (tuned),rule_based,103,2,24.44,52.0,74.0,98.8,988,43.32,64.0,5.676,13.112,261,4.14,0.72,Bounded + Bottleneck Incident,[],[]
incident_moderate,Rule-Based (tuned),rule_based,109,2,25.97,50.0,72.0,101.6,1016,46.25,66.0,6.095,14.08,296,3.56,0.72,Bounded + Bottleneck Incident,[],[]
incident_moderate,Rule-Based (tuned),rule_based,106,2,24.99,53.7,76.0,95.6,956,42.88,73.0,5.593,12.919,285,3.08,0.72,Bounded + Bottleneck Incident,[],[]
incident_moderate,Rule-Based (tuned),rule_based,108,2,26.34,53.0,88.0,98.1,981,45.77,67.0,5.999,13.858,285,3.39,0.72,Bounded + Bottleneck Incident,[],[]
incident_moderate,Rule-Based (tuned),rule_based,107,2,23.66,46.0,65.0,100.0,1000,42.01,63.0,5.474,12.646,294,3.45,0.72,Bounded + Bottleneck Incident,[],[]
incident_moderate,Rule-Based (tuned),rule_based,111,2,26.74,57.0,85.0,102.3,1023,48.66,81.0,6.401,14.786,272,3.94,0.72,Bounded + Bottleneck Incident,[],[]
incident_moderate,Rule-Based (tuned),rule_based,110,2,27.58,63.0,126.0,99.7,997,48.67,84.0,6.448,14.896,282,3.61,0.72,Bounded + Bottleneck Incident,[],[]
incident_moderate,Rule-Based (tuned),rule_based,114,2,23.64,45.0,63.0,100.4,1004,40.98,65.0,5.405,12.485,299,3.01,0.72,Bounded + Bottleneck Incident,[],[]
incident_moderate,Rule-Based (tuned),rule_based,113,2,26.83,62.0,97.0,102.1,1021,48.45,78.0,6.392,14.767,264,3.4,0.72,Bounded + Bottleneck Incident,[],[]
incident_moderate,Rule-Based (tuned),rule_based,117,2,27.6,64.2,104.0,100.0,1000,48.93,77.0,6.458,14.918,275,3.63,0.72,Bounded + Bottleneck Incident,[],[]
incident_moderate,Rule-Based (tuned),rule_based,112,2,22.18,43.0,72.0,97.5,975,39.04,68.0,5.102,11.787,275,3.66,0.72,Bounded + Bottleneck Incident,[],[]
incident_moderate,Rule-Based (tuned),rule_based,116,2,22.37,45.15,60.0,99.4,994,40.12,72.0,5.26,12.151,275,4.5,0.72,Bounded + Bottleneck Incident,[],[]
incident_moderate,Rule-Based (tuned),rule_based,118,2,26.57,52.7,87.0,101.6,1016,49.76,91.0,6.537,15.1,284,3.76,0.72,Bounded + Bottleneck Incident,[],[]
incident_moderate,Rule-Based (tuned),rule_based,119,2,39.05,122.5,165.0,99.2,992,71.61,110.0,9.397,21.708,273,3.71,0.72,Bounded + Bottleneck Incident,[],[]
incident_moderate,Rule-Based (tuned),rule_based,115,2,21.79,46.0,71.0,100.5,1005,38.9,65.0,5.124,11.835,261,3.14,0.72,Bounded + Bottleneck Incident,[],[]
incident_moderate,Max-Pressure (tuned),max_pressure,100,2,19.65,47.0,76.0,101.1,1011,35.63,56.0,4.641,10.721,271,3.66,0.72,Bounded + Bottleneck Incident,[],[]
incident_moderate,Max-Pressure (tuned),max_pressure,102,2,25.02,62.3,86.0,97.6,976,43.73,70.0,5.755,13.294,269,4.14,0.72,Bounded + Bottleneck Incident,[],[]
incident_moderate,Max-Pressure (tuned),max_pressure,101,2,19.3,44.0,63.0,100.2,1002,34.62,58.0,4.504,10.404,273,3.77,0.72,Bounded + Bottleneck Incident,[],[]
incident_moderate,Max-Pressure (tuned),max_pressure,103,2,23.06,54.0,77.0,99.1,991,41.17,62.0,5.36,12.381,274,3.99,0.72,Bounded + Bottleneck Incident,[],[]
incident_moderate,Max-Pressure (tuned),max_pressure,104,2,31.12,115.65,172.0,97.3,973,56.94,99.0,7.385,17.06,271,3.59,0.72,Bounded + Bottleneck Incident,[],[]
incident_moderate,Max-Pressure (tuned),max_pressure,105,2,19.24,43.0,59.0,100.6,1006,34.34,52.0,4.49,10.371,268,3.82,0.72,Bounded + Bottleneck Incident,[],[]
incident_moderate,Max-Pressure (tuned),max_pressure,106,2,19.11,47.25,72.0,96.8,968,32.78,60.0,4.316,9.969,279,3.0,0.72,Bounded + Bottleneck Incident,[],[]
incident_moderate,Max-Pressure (tuned),max_pressure,107,2,19.58,41.0,64.0,101.4,1014,34.71,53.0,4.543,10.494,271,3.2,0.72,Bounded + Bottleneck Incident,[],[]
incident_moderate,Max-Pressure (tuned),max_pressure,109,2,24.46,54.0,73.0,102.5,1025,43.76,65.0,5.756,13.296,277,3.58,0.72,Bounded + Bottleneck Incident,[],[]
incident_moderate,Max-Pressure (tuned),max_pressure,108,2,22.44,50.0,94.0,99.8,998,39.15,58.0,5.155,11.908,271,3.76,0.72,Bounded + Bottleneck Incident,[],[]
incident_moderate,Max-Pressure (tuned),max_pressure,110,2,23.19,62.0,116.0,99.6,996,40.93,68.0,5.406,12.487,274,3.52,0.72,Bounded + Bottleneck Incident,[],[]
incident_moderate,Max-Pressure (tuned),max_pressure,111,2,24.26,68.0,97.0,102.5,1025,44.15,70.0,5.812,13.425,269,4.11,0.72,Bounded + Bottleneck Incident,[],[]
incident_moderate,Max-Pressure (tuned),max_pressure,113,2,25.01,80.0,126.0,101.5,1015,45.46,70.0,5.935,13.71,271,3.55,0.72,Bounded + Bottleneck Incident,[],[]
incident_moderate,Max-Pressure (tuned),max_pressure,114,2,21.26,48.0,70.0,99.2,992,37.11,57.0,4.876,11.264,273,3.29,0.72,Bounded + Bottleneck Incident,[],[]
incident_moderate,Max-Pressure (tuned),max_pressure,112,2,20.49,45.3,76.0,98.4,984,35.96,58.0,4.712,10.886,273,3.08,0.72,Bounded + Bottleneck Incident,[],[]
incident_moderate,Max-Pressure (tuned),max_pressure,116,2,20.62,46.0,64.0,100.2,1002,36.93,64.0,4.852,11.209,272,3.39,0.72,Bounded + Bottleneck Incident,[],[]
incident_moderate,Max-Pressure (tuned),max_pressure,115,2,21.0,47.0,79.0,100.7,1007,37.41,65.0,4.922,11.371,275,3.91,0.72,Bounded + Bottleneck Incident,[],[]
incident_moderate,Max-Pressure (tuned),max_pressure,118,2,20.3,42.0,73.0,104.3,1043,38.02,60.0,4.976,11.495,269,3.52,0.72,Bounded + Bottleneck Incident,[],[]
incident_moderate,Max-Pressure (tuned),max_pressure,119,2,28.5,79.0,123.0,102.1,1021,52.3,82.0,6.84,15.801,272,3.1,0.72,Bounded + Bottleneck Incident,[],[]
incident_moderate,Max-Pressure (tuned),max_pressure,117,2,22.01,57.0,90.0,101.2,1012,39.05,62.0,5.121,11.829,269,4.14,0.72,Bounded + Bottleneck Incident,[],[]
incident_moderate,Hybrid (uncoupled),hybrid_bf,100,2,28.56,56.0,90.0,99.3,993,51.39,76.0,6.728,15.541,326,3.04,0.72,Bounded + Bottleneck Incident,[],[]
incident_moderate,Hybrid (uncoupled),hybrid_bf,102,2,28.59,64.0,82.0,97.0,970,49.91,80.0,6.551,15.132,342,2.87,0.72,Bounded + Bottleneck Incident,[],[]
incident_moderate,Hybrid (uncoupled),hybrid_bf,101,2,25.46,48.0,69.0,98.7,987,45.33,65.0,5.929,13.696,346,2.7,0.72,Bounded + Bottleneck Incident,[],[]
incident_moderate,Hybrid (uncoupled),hybrid_bf,103,2,29.94,62.0,82.0,97.0,970,53.56,78.0,6.952,16.06,339,2.74,0.72,Bounded + Bottleneck Incident,[],[]
incident_moderate,Hybrid (uncoupled),hybrid_bf,105,2,26.45,48.0,69.0,99.4,994,47.06,69.0,6.208,14.34,332,2.8,0.72,Bounded + Bottleneck Incident,[],[]
incident_moderate,Hybrid (uncoupled),hybrid_bf,104,2,31.87,87.0,114.0,97.0,970,57.8,97.0,7.556,17.454,325,2.83,0.72,Bounded + Bottleneck Incident,[],[]
incident_moderate,Hybrid (uncoupled),hybrid_bf,106,2,28.22,54.0,80.0,96.6,966,48.15,76.0,6.371,14.717,321,2.59,0.72,Bounded + Bottleneck Incident,[],[]
incident_moderate,Hybrid (uncoupled),hybrid_bf,107,2,27.44,50.0,73.0,99.6,996,48.35,67.0,6.385,14.75,332,3.01,0.72,Bounded + Bottleneck Incident,[],[]
incident_moderate,Hybrid (uncoupled),hybrid_bf,108,2,30.76,64.8,113.0,97.5,975,53.82,77.0,7.007,16.187,328,2.38,0.72,Bounded + Bottleneck Incident,[],[]
incident_moderate,Hybrid (uncoupled),hybrid_bf,109,2,28.38,54.0,94.0,101.2,1012,50.58,69.0,6.684,15.441,322,2.35,0.72,Bounded + Bottleneck Incident,[],[]
incident_moderate,Hybrid (uncoupled),hybrid_bf,110,2,28.06,55.0,104.0,99.2,992,49.73,85.0,6.516,15.051,334,3.51,0.72,Bounded + Bottleneck Incident,[],[]
incident_moderate,Hybrid (uncoupled),hybrid_bf,112,2,25.95,49.0,82.0,96.4,964,45.68,80.0,5.958,13.762,342,2.47,0.72,Bounded + Bottleneck Incident,[],[]
incident_moderate,Hybrid (uncoupled),hybrid_bf,111,2,30.92,59.0,74.0,100.7,1007,56.13,83.0,7.367,17.017,333,2.83,0.72,Bounded + Bottleneck Incident,[],[]
incident_moderate,Hybrid (uncoupled),hybrid_bf,114,2,25.53,47.0,67.0,99.6,996,44.34,67.0,5.878,13.578,348,3.18,0.72,Bounded + Bottleneck Incident,[],[]
incident_moderate,Hybrid (uncoupled),hybrid_bf,116,2,24.92,46.0,67.0,98.9,989,44.84,75.0,5.826,13.458,345,3.36,0.72,Bounded + Bottleneck Incident,[],[]
incident_moderate,Hybrid (uncoupled),hybrid_bf,117,2,28.03,51.0,72.0,99.7,997,49.85,73.0,6.528,15.081,334,3.21,0.72,Bounded + Bottleneck Incident,[],[]
incident_moderate,Hybrid (uncoupled),hybrid_bf,115,2,30.57,71.0,110.0,98.8,988,54.59,88.0,7.161,16.542,330,2.82,0.72,Bounded + Bottleneck Incident,[],[]
incident_moderate,Hybrid (uncoupled),hybrid_bf,118,2,30.59,57.0,78.0,101.4,1014,57.04,90.0,7.504,17.334,329,2.07,0.72,Bounded + Bottleneck Incident,[],[]
incident_moderate,Hybrid Controller (Brute-Force),hybrid_bf,100,2,29.3,57.0,77.0,98.7,987,52.89,78.0,6.894,15.926,330,2.65,0.72,Bounded + Bottleneck Incident,[],[]
incident_moderate,Hybrid (uncoupled),hybrid_bf,119,2,36.51,110.2,147.0,100.5,1005,67.36,99.0,8.737,20.183,325,2.86,0.72,Bounded + Bottleneck Incident,[],[]
incident_moderate,Hybrid Controller (Brute-Force),hybrid_bf,101,2,25.46,48.0,69.0,98.7,987,45.33,65.0,5.929,13.696,346,2.7,0.72,Bounded + Bottleneck Incident,[],[]
incident_moderate,Hybrid Controller (Brute-Force),hybrid_bf,102,2,28.22,58.0,77.0,96.8,968,49.22,78.0,6.49,14.991,344,2.84,0.72,Bounded + Bottleneck Incident,[],[]
incident_moderate,Hybrid (uncoupled),hybrid_bf,113,2,29.97,65.0,91.0,100.2,1002,54.11,82.0,7.106,16.416,337,2.65,0.72,Bounded + Bottleneck Incident,[],[]
incident_moderate,Hybrid Controller (Brute-Force),hybrid_bf,103,2,29.94,62.0,82.0,97.0,970,53.56,78.0,6.952,16.06,339,2.74,0.72,Bounded + Bottleneck Incident,[],[]
incident_moderate,Hybrid Controller (Brute-Force),hybrid_bf,104,2,32.15,86.35,110.0,97.2,972,58.22,102.0,7.674,17.726,328,2.76,0.72,Bounded + Bottleneck Incident,[],[]
incident_moderate,Hybrid Controller (Brute-Force),hybrid_bf,105,2,26.53,48.0,69.0,99.3,993,47.21,69.0,6.239,14.411,330,2.59,0.72,Bounded + Bottleneck Incident,[],[]
incident_moderate,Hybrid Controller (Brute-Force),hybrid_bf,106,2,28.93,55.0,70.0,95.5,955,49.46,78.0,6.531,15.087,335,2.36,0.72,Bounded + Bottleneck Incident,[],[]
incident_moderate,Hybrid Controller (Brute-Force),hybrid_bf,107,2,26.67,50.0,81.0,99.2,992,47.39,68.0,6.163,14.237,325,3.59,0.72,Bounded + Bottleneck Incident,[],[]
incident_moderate,Hybrid Controller (Brute-Force),hybrid_bf,108,2,32.61,69.7,116.0,96.7,967,57.28,85.0,7.441,17.189,340,2.6,0.72,Bounded + Bottleneck Incident,[],[]
incident_moderate,Hybrid Controller (Brute-Force),hybrid_bf,109,2,29.79,55.25,81.0,100.9,1009,53.06,71.0,6.99,16.147,336,2.64,0.72,Bounded + Bottleneck Incident,[],[]
incident_moderate,Hybrid Controller (Brute-Force),hybrid_bf,111,2,30.85,62.0,80.0,100.6,1006,56.08,83.0,7.323,16.916,338,2.64,0.72,Bounded + Bottleneck Incident,[],[]
incident_moderate,Hybrid Controller (Brute-Force),hybrid_bf,110,2,29.73,56.0,98.0,100.0,1000,52.47,83.0,6.95,16.055,332,2.95,0.72,Bounded + Bottleneck Incident,[],[]
incident_moderate,Hybrid Controller (Brute-Force),hybrid_bf,112,2,26.3,49.0,82.0,96.0,960,46.41,80.0,6.025,13.918,339,2.42,0.72,Bounded + Bottleneck Incident,[],[]
incident_moderate,Hybrid Controller (Brute-Force),hybrid_bf,114,2,26.37,47.0,67.0,98.7,987,46.1,68.0,6.017,13.9,338,2.76,0.72,Bounded + Bottleneck Incident,[],[]
incident_moderate,Hybrid Controller (Brute-Force),hybrid_bf,115,2,30.65,71.0,110.0,98.8,988,54.72,88.0,7.179,16.583,330,2.69,0.72,Bounded + Bottleneck Incident,[],[]
incident_moderate,Hybrid Controller (Brute-Force),hybrid_bf,113,2,30.01,64.7,91.0,100.1,1001,54.18,82.0,7.115,16.436,335,2.79,0.72,Bounded + Bottleneck Incident,[],[]
incident_moderate,Hybrid Controller (Brute-Force),hybrid_bf,117,2,28.03,51.0,72.0,99.7,997,49.85,73.0,6.528,15.081,334,3.21,0.72,Bounded + Bottleneck Incident,[],[]
shifting_demand,Fixed-Timing Baseline,fixed,100,2,62.46,132.65,201.0,99.8,998,125.97,210.0,16.768,38.733,114,6.96,0.8,Bounded (Dynamic Split Swap),[],[]
incident_moderate,Hybrid Controller (Brute-Force),hybrid_bf,116,2,25.04,46.0,63.0,98.8,988,45.05,76.0,5.853,13.521,345,3.34,0.72,Bounded + Bottleneck Incident,[],[]
shifting_demand,Fixed-Timing Baseline,fixed,101,2,52.25,108.0,149.0,98.1,981,103.0,199.0,13.7,31.648,114,7.64,0.8,Bounded (Dynamic Split Swap),[],[]
shifting_demand,Fixed-Timing Baseline,fixed,102,2,53.04,112.0,156.0,99.3,993,103.95,181.0,13.837,31.964,114,7.57,0.8,Bounded (Dynamic Split Swap),[],[]
incident_moderate,Hybrid Controller (Brute-Force),hybrid_bf,119,2,37.01,107.0,148.0,100.4,1004,67.9,98.0,8.866,20.48,323,2.88,0.72,Bounded + Bottleneck Incident,[],[]
shifting_demand,Fixed-Timing Baseline,fixed,103,2,54.39,110.45,161.0,96.7,967,104.69,185.0,13.925,32.167,114,9.16,0.8,Bounded (Dynamic Split Swap),[],[]
incident_moderate,Hybrid Controller (Brute-Force),hybrid_bf,118,2,30.82,58.0,89.0,100.9,1009,57.51,96.0,7.56,17.464,326,2.27,0.72,Bounded + Bottleneck Incident,[],[]
shifting_demand,Fixed-Timing Baseline,fixed,105,2,63.96,147.75,203.0,103.0,1030,130.83,196.0,17.427,40.256,114,6.27,0.8,Bounded (Dynamic Split Swap),[],[]
shifting_demand,Fixed-Timing Baseline,fixed,104,2,57.46,130.0,194.0,98.5,985,114.09,205.0,15.195,35.1,114,7.61,0.8,Bounded (Dynamic Split Swap),[],[]
shifting_demand,Fixed-Timing Baseline,fixed,106,2,55.87,107.0,130.0,96.4,964,108.02,195.0,14.39,33.241,114,7.74,0.8,Bounded (Dynamic Split Swap),[],[]
shifting_demand,Fixed-Timing Baseline,fixed,108,2,59.5,147.5,230.0,100.0,1000,116.53,172.0,15.483,35.767,114,7.47,0.8,Bounded (Dynamic Split Swap),[],[]
shifting_demand,Fixed-Timing Baseline,fixed,109,2,59.68,137.85,197.0,101.3,1013,117.78,172.0,15.702,36.271,114,7.69,0.8,Bounded (Dynamic Split Swap),[],[]
shifting_demand,Fixed-Timing Baseline,fixed,107,2,56.37,108.0,152.0,99.3,993,111.88,197.0,14.906,34.433,114,6.27,0.8,Bounded (Dynamic Split Swap),[],[]
shifting_demand,Fixed-Timing Baseline,fixed,112,2,58.75,125.0,191.0,97.3,973,115.32,196.0,15.25,35.227,114,7.58,0.8,Bounded (Dynamic Split Swap),[],[]
shifting_demand,Fixed-Timing Baseline,fixed,113,2,54.84,110.0,145.0,99.3,993,109.79,207.0,14.625,33.783,114,7.66,0.8,Bounded (Dynamic Split Swap),[],[]
shifting_demand,Fixed-Timing Baseline,fixed,111,2,61.95,138.7,189.0,98.6,986,122.81,201.0,16.341,37.747,114,8.49,0.8,Bounded (Dynamic Split Swap),[],[]
shifting_demand,Fixed-Timing Baseline,fixed,116,2,60.19,124.0,160.0,96.2,962,119.53,229.0,15.931,36.801,114,9.31,0.8,Bounded (Dynamic Split Swap),[],[]
shifting_demand,Fixed-Timing Baseline,fixed,114,2,55.67,124.0,151.0,99.3,993,108.44,174.0,14.437,33.35,114,6.95,0.8,Bounded (Dynamic Split Swap),[],[]
shifting_demand,Fixed-Timing Baseline,fixed,117,2,63.01,131.0,192.0,100.7,1007,127.84,210.0,17.04,39.362,114,8.05,0.8,Bounded (Dynamic Split Swap),[],[]
shifting_demand,Fixed-Timing Baseline,fixed,115,2,63.96,134.0,187.0,99.0,990,127.5,205.0,16.985,39.235,114,8.02,0.8,Bounded (Dynamic Split Swap),[],[]
shifting_demand,Fixed-Timing Baseline,fixed,118,2,64.04,137.1,187.0,100.4,1004,130.25,215.0,17.347,40.071,114,7.55,0.8,Bounded (Dynamic Split Swap),[],[]
shifting_demand,Fixed-Timing Baseline,fixed,110,2,59.2,137.0,182.0,98.0,980,116.4,199.0,15.511,35.83,114,7.82,0.8,Bounded (Dynamic Split Swap),[],[]
shifting_demand,Fixed-Timing Baseline,fixed,119,2,55.97,114.3,191.0,100.2,1002,113.54,213.0,15.112,34.91,114,7.24,0.8,Bounded (Dynamic Split Swap),[],[]
shifting_demand,Fixed (tuned),fixed,100,2,58.72,116.1,142.0,99.0,990,120.22,239.0,15.645,36.14,90,8.43,0.8,Bounded (Dynamic Split Swap),[],[]
shifting_demand,Fixed (tuned),fixed,101,2,49.25,96.0,127.0,98.0,980,98.88,218.0,12.816,29.606,90,8.73,0.8,Bounded (Dynamic Split Swap),[],[]
shifting_demand,Fixed (tuned),fixed,103,2,50.96,102.0,125.0,96.8,968,99.63,205.0,12.931,29.871,90,10.11,0.8,Bounded (Dynamic Split Swap),[],[]
shifting_demand,Fixed (tuned),fixed,102,2,52.43,97.0,123.0,98.7,987,104.26,206.0,13.562,31.328,90,10.99,0.8,Bounded (Dynamic Split Swap),[],[]
shifting_demand,Fixed (tuned),fixed,106,2,52.27,107.9,133.0,96.5,965,102.34,222.0,13.277,30.669,90,9.02,0.8,Bounded (Dynamic Split Swap),[],[]
shifting_demand,Fixed (tuned),fixed,107,2,54.77,108.0,130.0,98.2,982,110.34,239.0,14.313,33.063,90,10.17,0.8,Bounded (Dynamic Split Swap),[],[]
shifting_demand,Fixed (tuned),fixed,104,2,52.91,107.0,140.0,98.7,987,106.83,228.0,13.887,32.079,90,8.54,0.8,Bounded (Dynamic Split Swap),[],[]
shifting_demand,Fixed (tuned),fixed,105,2,57.38,116.0,158.0,102.9,1029,119.36,223.0,15.544,35.907,90,10.6,0.8,Bounded (Dynamic Split Swap),[],[]
shifting_demand,Fixed (tuned),fixed,108,2,55.39,127.0,176.0,100.0,1000,109.96,208.0,14.328,33.098,90,10.14,0.8,Bounded (Dynamic Split Swap),[],[]
shifting_demand,Fixed (tuned),fixed,110,2,56.76,112.85,138.0,97.3,973,113.01,228.0,14.681,33.912,90,11.56,0.8,Bounded (Dynamic Split Swap),[],[]
shifting_demand,Fixed (tuned),fixed,109,2,52.42,106.8,150.0,102.3,1023,104.25,199.0,13.572,31.351,90,9.75,0.8,Bounded (Dynamic Split Swap),[],[]
shifting_demand,Fixed (tuned),fixed,111,2,55.67,107.1,152.0,98.9,989,112.39,216.0,14.599,33.723,90,11.24,0.8,Bounded (Dynamic Split Swap),[],[]
shifting_demand,Fixed (tuned),fixed,113,2,51.82,103.0,132.0,99.0,990,105.35,227.0,13.67,31.577,90,10.05,0.8,Bounded (Dynamic Split Swap),[],[]
shifting_demand,Fixed (tuned),fixed,112,2,54.94,108.0,133.0,97.6,976,109.64,231.0,14.235,32.884,90,10.46,0.8,Bounded (Dynamic Split Swap),[],[]
shifting_demand,Fixed (tuned),fixed,114,2,50.95,101.0,122.0,99.5,995,100.47,198.0,13.066,30.181,90,9.45,0.8,Bounded (Dynamic Split Swap),[],[]
shifting_demand,Fixed (tuned),fixed,116,2,56.21,113.0,162.0,96.6,966,112.99,245.0,14.664,33.873,90,10.87,0.8,Bounded (Dynamic Split Swap),[],[]
shifting_demand,Fixed (tuned),fixed,115,2,59.55,125.0,153.0,98.5,985,120.2,234.0,15.627,36.099,90,9.61,0.8,Bounded (Dynamic Split Swap),[],[]
shifting_demand,Fixed (tuned),fixed,117,2,57.61,118.0,133.0,100.4,1004,118.52,238.0,15.389,35.548,90,10.46,0.8,Bounded (Dynamic Split Swap),[],[]
shifting_demand,Rule-Based (tuned),rule_based,100,2,30.47,58.0,176.0,110.7,1107,61.74,92.0,8.077,18.658,207,6.08,0.8,Bounded (Dynamic Split Swap),[],[]
shifting_demand,Fixed (tuned),fixed,119,2,54.98,106.0,140.0,99.4,994,112.77,240.0,14.648,33.837,90,9.72,0.8,Bounded (Dynamic Split Swap),[],[]
shifting_demand,Fixed (tuned),fixed,118,2,58.65,112.0,137.0,100.4,1004,121.02,237.0,15.756,36.397,90,10.55,0.8,Bounded (Dynamic Split Swap),[],[]
shifting_demand,Rule-Based (tuned),rule_based,101,2,28.61,65.0,119.0,108.2,1082,56.71,92.0,7.419,17.138,227,4.87,0.8,Bounded (Dynamic Split Swap),[],[]
shifting_demand,Rule-Based (tuned),rule_based,102,2,30.65,70.0,117.0,107.7,1077,60.27,106.0,7.908,18.266,209,6.62,0.8,Bounded (Dynamic Split Swap),[],[]
shifting_demand,Rule-Based (tuned),rule_based,103,2,26.03,58.0,101.0,107.6,1076,50.31,76.0,6.601,15.248,219,5.31,0.8,Bounded (Dynamic Split Swap),[],[]
shifting_demand,Rule-Based (tuned),rule_based,105,2,37.5,84.25,151.0,112.7,1127,76.76,117.0,10.134,23.41,207,4.82,0.8,Bounded (Dynamic Split Swap),[],[]
shifting_demand,Rule-Based (tuned),rule_based,106,2,27.53,63.0,114.0,108.5,1085,53.28,78.0,6.992,16.152,211,4.49,0.8,Bounded (Dynamic Split Swap),[],[]
shifting_demand,Rule-Based (tuned),rule_based,104,2,29.64,71.0,159.0,109.3,1093,59.15,95.0,7.765,17.937,205,6.84,0.8,Bounded (Dynamic Split Swap),[],[]
shifting_demand,Rule-Based (tuned),rule_based,108,2,33.84,89.0,185.0,107.9,1079,66.39,103.0,8.73,20.166,214,5.23,0.8,Bounded (Dynamic Split Swap),[],[]
shifting_demand,Rule-Based (tuned),rule_based,110,2,27.24,62.0,112.0,111.5,1115,53.36,79.0,7.064,16.318,208,5.52,0.8,Bounded (Dynamic Split Swap),[],[]
shifting_demand,Rule-Based (tuned),rule_based,107,2,27.92,66.0,123.0,111.8,1118,55.42,101.0,7.309,16.884,211,4.83,0.8,Bounded (Dynamic Split Swap),[],[]
shifting_demand,Rule-Based (tuned),rule_based,111,2,28.99,66.0,149.0,110.2,1102,57.65,94.0,7.576,17.5,207,5.49,0.8,Bounded (Dynamic Split Swap),[],[]
shifting_demand,Rule-Based (tuned),rule_based,113,2,28.35,62.0,141.0,110.9,1109,56.7,90.0,7.446,17.199,211,5.74,0.8,Bounded (Dynamic Split Swap),[],[]
shifting_demand,Rule-Based (tuned),rule_based,112,2,29.69,63.9,117.0,107.5,1075,59.18,97.0,7.674,17.727,214,4.68,0.8,Bounded (Dynamic Split Swap),[],[]
shifting_demand,Rule-Based (tuned),rule_based,116,2,28.52,65.3,124.0,109.1,1091,56.36,90.0,7.448,17.204,199,6.32,0.8,Bounded (Dynamic Split Swap),[],[]
shifting_demand,Rule-Based (tuned),rule_based,114,2,28.12,61.1,107.0,108.7,1087,54.8,83.0,7.243,16.732,216,5.67,0.8,Bounded (Dynamic Split Swap),[],[]
shifting_demand,Rule-Based (tuned),rule_based,118,2,30.41,69.55,108.0,112.1,1121,62.22,92.0,8.178,18.891,203,6.63,0.8,Bounded (Dynamic Split Swap),[],[]
shifting_demand,Rule-Based (tuned),rule_based,115,2,31.68,69.0,196.0,108.8,1088,63.55,101.0,8.28,19.127,204,5.88,0.8,Bounded (Dynamic Split Swap),[],[]
shifting_demand,Rule-Based (tuned),rule_based,117,2,29.58,69.05,126.0,113.2,1132,59.99,96.0,7.889,18.224,203,4.55,0.8,Bounded (Dynamic Split Swap),[],[]
shifting_demand,Rule-Based (tuned),rule_based,119,2,34.97,78.0,221.0,110.8,1108,70.54,111.0,9.316,21.521,211,5.12,0.8,Bounded (Dynamic Split Swap),[],[]
shifting_demand,Max-Pressure (tuned),max_pressure,100,2,33.92,90.3,234.0,109.8,1098,68.7,105.0,9.007,20.806,239,4.62,0.8,Bounded (Dynamic Split Swap),[],[]
shifting_demand,Rule-Based (tuned),rule_based,109,2,29.92,64.0,109.0,111.7,1117,59.3,83.0,7.754,17.911,213,4.76,0.8,Bounded (Dynamic Split Swap),[],[]
shifting_demand,Max-Pressure (tuned),max_pressure,101,2,28.86,70.0,153.0,109.1,1091,57.27,89.0,7.492,17.307,239,4.81,0.8,Bounded (Dynamic Split Swap),[],[]
shifting_demand,Max-Pressure (tuned),max_pressure,102,2,36.56,118.85,171.0,105.5,1055,71.89,110.0,9.456,21.844,239,4.7,0.8,Bounded (Dynamic Split Swap),[],[]
shifting_demand,Max-Pressure (tuned),max_pressure,104,2,33.02,103.2,217.0,108.3,1083,66.75,102.0,8.65,19.983,240,5.0,0.8,Bounded (Dynamic Split Swap),[],[]
shifting_demand,Max-Pressure (tuned),max_pressure,103,2,28.82,77.0,112.0,107.3,1073,55.25,79.0,7.282,16.82,238,4.78,0.8,Bounded (Dynamic Split Swap),[],[]
shifting_demand,Max-Pressure (tuned),max_pressure,105,2,38.91,120.1,185.0,110.9,1109,80.25,116.0,10.539,24.346,231,4.33,0.8,Bounded (Dynamic Split Swap),[],[]
shifting_demand,Max-Pressure (tuned),max_pressure,107,2,31.81,99.0,174.0,109.7,1097,63.44,104.0,8.354,19.298,240,4.33,0.8,Bounded (Dynamic Split Swap),[],[]
shifting_demand,Max-Pressure (tuned),max_pressure,106,2,30.92,81.9,155.0,108.3,1083,59.41,88.0,7.847,18.126,239,4.33,0.8,Bounded (Dynamic Split Swap),[],[]
shifting_demand,Max-Pressure (tuned),max_pressure,108,2,38.28,111.85,281.0,106.7,1067,75.77,113.0,9.901,22.871,237,4.58,0.8,Bounded (Dynamic Split Swap),[],[]
shifting_demand,Max-Pressure (tuned),max_pressure,109,2,31.73,82.0,165.0,111.3,1113,62.71,88.0,8.207,18.959,239,4.05,0.8,Bounded (Dynamic Split Swap),[],[]
shifting_demand,Max-Pressure (tuned),max_pressure,110,2,30.16,81.9,176.0,109.9,1099,59.33,85.0,7.796,18.008,236,4.19,0.8,Bounded (Dynamic Split Swap),[],[]
shifting_demand,Max-Pressure (tuned),max_pressure,111,2,36.34,111.0,189.0,108.3,1083,72.11,105.0,9.521,21.993,233,4.91,0.8,Bounded (Dynamic Split Swap),[],[]
shifting_demand,Max-Pressure (tuned),max_pressure,112,2,32.89,99.0,145.0,106.0,1060,65.7,112.0,8.514,19.668,241,4.35,0.8,Bounded (Dynamic Split Swap),[],[]
shifting_demand,Max-Pressure (tuned),max_pressure,114,2,31.12,88.0,147.0,108.2,1082,61.21,87.0,7.966,18.4,248,3.85,0.8,Bounded (Dynamic Split Swap),[],[]
shifting_demand,Max-Pressure (tuned),max_pressure,113,2,32.39,96.0,177.0,109.3,1093,65.08,100.0,8.531,19.706,241,4.22,0.8,Bounded (Dynamic Split Swap),[],[]
shifting_demand,Max-Pressure (tuned),max_pressure,115,2,36.28,125.0,241.0,108.1,1081,72.72,116.0,9.522,21.995,227,4.29,0.8,Bounded (Dynamic Split Swap),[],[]
shifting_demand,Max-Pressure (tuned),max_pressure,116,2,33.98,108.0,186.0,107.8,1078,67.15,102.0,8.873,20.497,232,4.7,0.8,Bounded (Dynamic Split Swap),[],[]
shifting_demand,Max-Pressure (tuned),max_pressure,117,2,38.96,125.0,216.0,110.3,1103,78.77,120.0,10.424,24.079,232,3.88,0.8,Bounded (Dynamic Split Swap),[],[]
shifting_demand,Max-Pressure (tuned),max_pressure,118,2,36.6,116.0,198.0,110.4,1104,74.62,109.0,9.808,22.656,231,4.63,0.8,Bounded (Dynamic Split Swap),[],[]
shifting_demand,Max-Pressure (tuned),max_pressure,119,2,38.31,122.0,261.0,109.1,1091,77.74,120.0,10.217,23.602,239,3.92,0.8,Bounded (Dynamic Split Swap),[],[]
shifting_demand,Hybrid (uncoupled),hybrid_bf,100,2,33.06,76.0,193.0,110.7,1107,66.82,98.0,8.772,20.263,195,4.15,0.8,Bounded (Dynamic Split Swap),[],[]
shifting_demand,Hybrid (uncoupled),hybrid_bf,101,2,29.26,71.0,133.0,108.0,1080,57.8,96.0,7.647,17.664,202,4.67,0.8,Bounded (Dynamic Split Swap),[],[]
shifting_demand,Hybrid (uncoupled),hybrid_bf,103,2,28.08,74.95,111.0,107.6,1076,54.2,74.0,7.126,16.461,202,4.72,0.8,Bounded (Dynamic Split Swap),[],[]
shifting_demand,Hybrid (uncoupled),hybrid_bf,102,2,30.94,74.0,123.0,108.5,1085,60.95,106.0,8.017,18.519,191,5.36,0.8,Bounded (Dynamic Split Swap),[],[]
shifting_demand,Hybrid (uncoupled),hybrid_bf,106,2,28.58,79.0,144.0,108.4,1084,55.19,81.0,7.252,16.753,189,3.9,0.8,Bounded (Dynamic Split Swap),[],[]
shifting_demand,Hybrid (uncoupled),hybrid_bf,104,2,29.29,79.0,129.0,110.1,1101,58.73,88.0,7.669,17.715,184,4.99,0.8,Bounded (Dynamic Split Swap),[],[]
shifting_demand,Hybrid (uncoupled),hybrid_bf,107,2,30.84,85.0,151.0,110.8,1108,61.36,98.0,8.066,18.633,198,4.72,0.8,Bounded (Dynamic Split Swap),[],[]
shifting_demand,Hybrid (uncoupled),hybrid_bf,105,2,37.52,89.0,168.0,113.2,1132,77.01,113.0,10.188,23.533,201,4.67,0.8,Bounded (Dynamic Split Swap),[],[]
shifting_demand,Hybrid (uncoupled),hybrid_bf,108,2,37.56,98.9,217.0,108.3,1083,73.58,114.0,9.698,22.402,199,4.22,0.8,Bounded (Dynamic Split Swap),[],[]
shifting_demand,Hybrid (uncoupled),hybrid_bf,109,2,31.95,72.55,135.0,112.2,1122,62.66,90.0,8.306,19.186,197,5.73,0.8,Bounded (Dynamic Split Swap),[],[]
shifting_demand,Hybrid (uncoupled),hybrid_bf,110,2,26.72,72.0,141.0,110.7,1107,52.11,74.0,6.907,15.955,183,3.9,0.8,Bounded (Dynamic Split Swap),[],[]
shifting_demand,Hybrid (uncoupled),hybrid_bf,111,2,28.2,72.0,138.0,110.7,1107,56.36,86.0,7.375,17.037,192,4.73,0.8,Bounded (Dynamic Split Swap),[],[]
shifting_demand,Hybrid (uncoupled),hybrid_bf,112,2,31.78,81.0,138.0,106.7,1067,62.94,96.0,8.206,18.956,189,3.42,0.8,Bounded (Dynamic Split Swap),[],[]
shifting_demand,Hybrid (uncoupled),hybrid_bf,114,2,30.94,76.0,131.0,109.0,1090,60.16,86.0,7.949,18.361,190,4.25,0.8,Bounded (Dynamic Split Swap),[],[]
shifting_demand,Hybrid (uncoupled),hybrid_bf,115,2,33.39,89.3,210.0,108.7,1087,66.28,108.0,8.741,20.192,183,4.44,0.8,Bounded (Dynamic Split Swap),[],[]
shifting_demand,Hybrid (uncoupled),hybrid_bf,117,2,33.44,85.0,173.0,113.4,1134,67.52,99.0,8.932,20.632,185,3.96,0.8,Bounded (Dynamic Split Swap),[],[]
shifting_demand,Hybrid (uncoupled),hybrid_bf,113,2,30.74,73.0,157.0,109.9,1099,61.6,93.0,8.08,18.665,191,3.83,0.8,Bounded (Dynamic Split Swap),[],[]
shifting_demand,Hybrid (uncoupled),hybrid_bf,118,2,30.26,75.0,127.0,112.5,1125,61.73,83.0,8.11,18.733,199,5.18,0.8,Bounded (Dynamic Split Swap),[],[]
shifting_demand,Hybrid (uncoupled),hybrid_bf,116,2,28.48,77.35,146.0,109.9,1099,56.51,87.0,7.43,17.164,196,4.47,0.8,Bounded (Dynamic Split Swap),[],[]
shifting_demand,Hybrid (uncoupled),hybrid_bf,119,2,39.0,90.0,250.0,110.2,1102,78.83,118.0,10.365,23.943,201,4.16,0.8,Bounded (Dynamic Split Swap),[],[]
shifting_demand,Hybrid Controller (Brute-Force),hybrid_bf,100,2,33.06,76.0,193.0,110.7,1107,66.82,98.0,8.772,20.263,195,4.15,0.8,Bounded (Dynamic Split Swap),[],[]
shifting_demand,Hybrid Controller (Brute-Force),hybrid_bf,101,2,29.26,71.0,133.0,108.0,1080,57.8,96.0,7.647,17.664,202,4.67,0.8,Bounded (Dynamic Split Swap),[],[]
shifting_demand,Hybrid Controller (Brute-Force),hybrid_bf,102,2,30.94,74.0,123.0,108.5,1085,60.95,106.0,8.017,18.519,191,5.36,0.8,Bounded (Dynamic Split Swap),[],[]
shifting_demand,Hybrid Controller (Brute-Force),hybrid_bf,106,2,28.58,79.0,144.0,108.4,1084,55.19,81.0,7.252,16.753,189,3.9,0.8,Bounded (Dynamic Split Swap),[],[]
shifting_demand,Hybrid Controller (Brute-Force),hybrid_bf,105,2,37.52,89.0,168.0,113.2,1132,77.01,113.0,10.188,23.533,201,4.67,0.8,Bounded (Dynamic Split Swap),[],[]
shifting_demand,Hybrid Controller (Brute-Force),hybrid_bf,103,2,28.08,74.95,111.0,107.6,1076,54.2,74.0,7.126,16.461,202,4.72,0.8,Bounded (Dynamic Split Swap),[],[]
shifting_demand,Hybrid Controller (Brute-Force),hybrid_bf,104,2,29.29,79.0,129.0,110.1,1101,58.73,88.0,7.669,17.715,184,4.99,0.8,Bounded (Dynamic Split Swap),[],[]
shifting_demand,Hybrid Controller (Brute-Force),hybrid_bf,107,2,30.84,85.0,151.0,110.8,1108,61.36,98.0,8.066,18.633,198,4.72,0.8,Bounded (Dynamic Split Swap),[],[]
shifting_demand,Hybrid Controller (Brute-Force),hybrid_bf,108,2,37.56,98.9,217.0,108.3,1083,73.58,114.0,9.698,22.402,199,4.22,0.8,Bounded (Dynamic Split Swap),[],[]
shifting_demand,Hybrid Controller (Brute-Force),hybrid_bf,109,2,31.95,72.55,135.0,112.2,1122,62.66,90.0,8.306,19.186,197,5.73,0.8,Bounded (Dynamic Split Swap),[],[]
shifting_demand,Hybrid Controller (Brute-Force),hybrid_bf,110,2,26.72,72.0,141.0,110.7,1107,52.11,74.0,6.907,15.955,183,3.9,0.8,Bounded (Dynamic Split Swap),[],[]
shifting_demand,Hybrid Controller (Brute-Force),hybrid_bf,112,2,31.78,81.0,138.0,106.7,1067,62.94,96.0,8.206,18.956,189,3.42,0.8,Bounded (Dynamic Split Swap),[],[]
shifting_demand,Hybrid Controller (Brute-Force),hybrid_bf,113,2,30.74,73.0,157.0,109.9,1099,61.6,93.0,8.08,18.665,191,3.83,0.8,Bounded (Dynamic Split Swap),[],[]
surge_moderate,Fixed-Timing Baseline,fixed,100,2,55.26,159.0,198.0,106.5,1065,115.85,206.0,14.614,33.759,114,6.96,0.78,Bounded + Transient Burst,[],[]
shifting_demand,Hybrid Controller (Brute-Force),hybrid_bf,114,2,30.94,76.0,131.0,109.0,1090,60.16,86.0,7.949,18.361,190,4.25,0.8,Bounded (Dynamic Split Swap),[],[]
shifting_demand,Hybrid Controller (Brute-Force),hybrid_bf,116,2,28.48,77.35,146.0,109.9,1099,56.51,87.0,7.43,17.164,196,4.47,0.8,Bounded (Dynamic Split Swap),[],[]
shifting_demand,Hybrid Controller (Brute-Force),hybrid_bf,115,2,33.39,89.3,210.0,108.7,1087,66.28,108.0,8.741,20.192,183,4.44,0.8,Bounded (Dynamic Split Swap),[],[]
surge_moderate,Fixed-Timing Baseline,fixed,102,2,57.46,167.0,198.0,101.3,1013,117.35,208.0,14.622,33.776,114,7.57,0.78,Bounded + Transient Burst,[],[]
surge_moderate,Fixed-Timing Baseline,fixed,103,2,53.42,149.0,200.0,106.9,1069,110.49,202.0,14.021,32.388,114,9.16,0.78,Bounded + Transient Burst,[],[]
surge_moderate,Fixed-Timing Baseline,fixed,101,2,56.06,161.0,213.0,104.5,1045,116.68,206.0,14.663,33.871,114,7.64,0.78,Bounded + Transient Burst,[],[]
surge_moderate,Fixed-Timing Baseline,fixed,106,2,53.26,150.0,178.0,103.8,1038,107.16,183.0,13.575,31.359,114,7.74,0.78,Bounded + Transient Burst,[],[]
surge_moderate,Fixed-Timing Baseline,fixed,104,2,56.73,171.0,210.0,106.3,1063,120.06,209.0,15.192,35.094,114,7.61,0.78,Bounded + Transient Burst,[],[]
surge_moderate,Fixed-Timing Baseline,fixed,105,2,54.1,162.0,205.0,106.1,1061,112.59,196.0,14.198,32.796,114,6.27,0.78,Bounded + Transient Burst,[],[]
shifting_demand,Hybrid Controller (Brute-Force),hybrid_bf,111,2,28.2,72.0,138.0,110.7,1107,56.36,86.0,7.375,17.037,192,4.73,0.8,Bounded (Dynamic Split Swap),[],[]
shifting_demand,Hybrid Controller (Brute-Force),hybrid_bf,118,2,30.26,75.0,127.0,112.5,1125,61.73,83.0,8.11,18.733,199,5.18,0.8,Bounded (Dynamic Split Swap),[],[]
surge_moderate,Fixed-Timing Baseline,fixed,108,2,56.22,163.0,211.0,104.1,1041,113.19,194.0,14.366,33.186,114,7.47,0.78,Bounded + Transient Burst,[],[]
surge_moderate,Fixed-Timing Baseline,fixed,109,2,54.87,163.0,201.0,108.7,1087,113.42,196.0,14.462,33.407,114,7.69,0.78,Bounded + Transient Burst,[],[]
surge_moderate,Fixed-Timing Baseline,fixed,110,2,51.62,144.4,199.0,108.2,1082,104.7,194.0,13.454,31.08,114,7.82,0.78,Bounded + Transient Burst,[],[]
surge_moderate,Fixed-Timing Baseline,fixed,107,2,57.59,165.8,199.0,107.0,1070,120.25,213.0,15.167,35.035,114,6.27,0.78,Bounded + Transient Burst,[],[]
surge_moderate,Fixed-Timing Baseline,fixed,112,2,55.35,164.0,205.0,103.8,1038,113.94,205.0,14.367,33.189,114,7.58,0.78,Bounded + Transient Burst,[],[]
shifting_demand,Hybrid Controller (Brute-Force),hybrid_bf,119,2,39.0,90.0,250.0,110.2,1102,78.83,118.0,10.365,23.943,201,4.16,0.8,Bounded (Dynamic Split Swap),[],[]
surge_moderate,Fixed-Timing Baseline,fixed,114,2,55.12,157.0,199.0,105.4,1054,112.27,192.0,14.136,32.654,114,6.95,0.78,Bounded + Transient Burst,[],[]
surge_moderate,Fixed-Timing Baseline,fixed,113,2,52.44,149.0,191.0,107.8,1078,108.55,200.0,13.833,31.955,114,7.66,0.78,Bounded + Transient Burst,[],[]
surge_moderate,Fixed-Timing Baseline,fixed,111,2,57.25,164.0,202.0,106.6,1066,120.27,216.0,15.204,35.122,114,8.49,0.78,Bounded + Transient Burst,[],[]
shifting_demand,Hybrid Controller (Brute-Force),hybrid_bf,117,2,33.44,85.0,173.0,113.4,1134,67.52,99.0,8.932,20.632,185,3.96,0.8,Bounded (Dynamic Split Swap),[],[]
surge_moderate,Fixed-Timing Baseline,fixed,115,2,58.77,173.0,228.0,107.3,1073,124.53,214.0,15.634,36.114,114,8.02,0.78,Bounded + Transient Burst,[],[]
surge_moderate,Fixed-Timing Baseline,fixed,117,2,53.43,153.5,196.0,107.4,1074,109.22,190.0,13.903,32.116,114,8.05,0.78,Bounded + Transient Burst,[],[]
surge_moderate,Fixed-Timing Baseline,fixed,118,2,54.76,159.0,197.0,107.7,1077,119.13,197.0,15.005,34.661,114,7.55,0.78,Bounded + Transient Burst,[],[]
surge_moderate,Fixed-Timing Baseline,fixed,116,2,53.16,149.25,191.0,105.0,1050,109.87,189.0,13.893,32.094,114,9.31,0.78,Bounded + Transient Burst,[],[]
surge_moderate,Fixed-Timing Baseline,fixed,119,2,56.59,146.0,207.0,108.8,1088,118.17,210.0,15.104,34.891,114,7.24,0.78,Bounded + Transient Burst,[],[]
surge_moderate,Fixed (tuned),fixed,100,2,50.68,127.0,142.0,110.8,1108,103.0,188.0,13.593,31.4,90,8.43,0.78,Bounded + Transient Burst,[],[]
surge_moderate,Fixed (tuned),fixed,101,2,50.92,133.0,171.0,108.7,1087,102.97,187.0,13.591,31.394,90,8.73,0.78,Bounded + Transient Burst,[],[]
surge_moderate,Fixed (tuned),fixed,105,2,52.53,131.0,166.0,109.7,1097,106.86,182.0,14.101,32.573,90,10.6,0.78,Bounded + Transient Burst,[],[]
surge_moderate,Fixed (tuned),fixed,106,2,50.67,120.05,141.0,106.7,1067,99.08,167.0,13.063,30.175,90,9.02,0.78,Bounded + Transient Burst,[],[]
surge_moderate,Fixed (tuned),fixed,102,2,52.42,127.6,143.0,106.1,1061,103.21,192.0,13.618,31.457,90,10.99,0.78,Bounded + Transient Burst,[],[]
surge_moderate,Fixed (tuned),fixed,107,2,54.21,138.0,163.0,111.0,1110,110.44,206.0,14.588,33.699,90,10.17,0.78,Bounded + Transient Burst,[],[]
surge_moderate,Fixed (tuned),fixed,103,2,51.08,111.0,150.0,110.8,1108,103.22,191.0,13.656,31.546,90,10.11,0.78,Bounded + Transient Burst,[],[]
surge_moderate,Fixed (tuned),fixed,104,2,52.37,133.0,169.0,110.3,1103,108.01,191.0,14.246,32.908,90,8.54,0.78,Bounded + Transient Burst,[],[]
surge_moderate,Fixed (tuned),fixed,108,2,49.21,112.0,151.0,107.6,1076,96.79,175.0,12.773,29.505,90,10.14,0.78,Bounded + Transient Burst,[],[]
surge_moderate,Fixed (tuned),fixed,109,2,49.67,136.0,167.0,112.3,1123,101.08,183.0,13.346,30.828,90,9.75,0.78,Bounded + Transient Burst,[],[]
surge_moderate,Fixed (tuned),fixed,111,2,52.69,136.0,171.0,110.7,1107,107.82,198.0,14.238,32.89,90,11.24,0.78,Bounded + Transient Burst,[],[]
surge_moderate,Fixed (tuned),fixed,110,2,46.29,101.35,143.0,112.5,1125,92.72,182.0,12.283,28.375,90,11.56,0.78,Bounded + Transient Burst,[],[]
surge_moderate,Fixed (tuned),fixed,113,2,48.24,115.0,155.0,111.8,1118,97.81,195.0,12.916,29.837,90,10.05,0.78,Bounded + Transient Burst,[],[]
surge_moderate,Fixed (tuned),fixed,112,2,50.06,131.0,152.0,107.9,1079,100.41,192.0,13.26,30.632,90,10.46,0.78,Bounded + Transient Burst,[],[]
surge_moderate,Fixed (tuned),fixed,114,2,50.91,118.1,154.0,109.3,1093,100.94,179.0,13.339,30.813,90,9.45,0.78,Bounded + Transient Burst,[],[]
surge_moderate,Fixed (tuned),fixed,115,2,56.88,144.0,183.0,110.8,1108,116.89,204.0,15.408,35.592,90,9.61,0.78,Bounded + Transient Burst,[],[]
surge_moderate,Fixed (tuned),fixed,116,2,47.43,103.5,136.0,109.9,1099,95.63,172.0,12.605,29.117,90,10.87,0.78,Bounded + Transient Burst,[],[]
surge_moderate,Fixed (tuned),fixed,117,2,47.08,107.0,140.0,111.5,1115,94.03,165.0,12.451,28.762,90,10.46,0.78,Bounded + Transient Burst,[],[]
surge_moderate,Fixed (tuned),fixed,119,2,54.18,130.0,161.0,112.2,1122,111.46,202.0,14.701,33.96,90,9.72,0.78,Bounded + Transient Burst,[],[]
surge_moderate,Fixed (tuned),fixed,118,2,51.61,120.4,156.0,112.1,1121,109.0,177.0,14.371,33.197,90,10.55,0.78,Bounded + Transient Burst,[],[]
surge_moderate,Rule-Based (tuned),rule_based,100,2,52.17,118.0,146.0,108.8,1088,106.43,196.0,13.913,32.138,191,5.48,0.78,Bounded + Transient Burst,[],[]
surge_moderate,Rule-Based (tuned),rule_based,102,2,51.98,113.0,132.0,104.6,1046,101.36,192.0,13.343,30.822,180,6.07,0.78,Bounded + Transient Burst,[],[]
surge_moderate,Rule-Based (tuned),rule_based,104,2,52.82,119.0,154.0,108.5,1085,109.19,199.0,14.366,33.185,185,7.08,0.78,Bounded + Transient Burst,[],[]
surge_moderate,Rule-Based (tuned),rule_based,101,2,51.0,121.0,160.0,107.5,1075,102.38,189.0,13.475,31.126,187,5.16,0.78,Bounded + Transient Burst,[],[]
surge_moderate,Rule-Based (tuned),rule_based,103,2,56.1,122.0,162.0,106.3,1063,113.3,207.0,14.847,34.296,187,5.48,0.78,Bounded + Transient Burst,[],[]
surge_moderate,Rule-Based (tuned),rule_based,105,2,48.41,115.45,139.0,108.5,1085,98.21,189.0,12.824,29.623,181,5.98,0.78,Bounded + Transient Burst,[],[]
surge_moderate,Rule-Based (tuned),rule_based,107,2,56.76,127.4,168.0,107.9,1079,115.52,210.0,15.048,34.761,185,6.41,0.78,Bounded + Transient Burst,[],[]
surge_moderate,Rule-Based (tuned),rule_based,106,2,49.0,109.0,155.0,105.6,1056,95.52,163.0,12.521,28.924,190,5.55,0.78,Bounded + Transient Burst,[],[]
surge_moderate,Rule-Based (tuned),rule_based,108,2,55.45,116.9,179.0,104.7,1047,108.77,196.0,14.33,33.103,187,6.45,0.78,Bounded + Transient Burst,[],[]
surge_moderate,Rule-Based (tuned),rule_based,111,2,54.17,126.0,160.0,108.5,1085,110.64,206.0,14.493,33.479,183,5.69,0.78,Bounded + Transient Burst,[],[]
surge_moderate,Rule-Based (tuned),rule_based,114,2,54.12,116.65,153.0,107.1,1071,106.55,190.0,14.046,32.446,184,4.92,0.78,Bounded + Transient Burst,[],[]
surge_moderate,Rule-Based (tuned),rule_based,110,2,47.9,108.8,157.0,109.1,1091,95.89,190.0,12.613,29.135,197,6.1,0.78,Bounded + Transient Burst,[],[]
surge_moderate,Rule-Based (tuned),rule_based,109,2,49.72,124.0,151.0,110.6,1106,100.81,190.0,13.203,30.498,187,5.09,0.78,Bounded + Transient Burst,[],[]
surge_moderate,Rule-Based (tuned),rule_based,112,2,58.91,127.0,171.0,103.3,1033,117.38,219.0,15.395,35.562,184,5.09,0.78,Bounded + Transient Burst,[],[]
surge_moderate,Rule-Based (tuned),rule_based,113,2,49.02,116.1,153.0,110.1,1101,98.97,193.0,13.071,30.194,190,5.59,0.78,Bounded + Transient Burst,[],[]
surge_moderate,Rule-Based (tuned),rule_based,116,2,53.72,118.0,146.0,106.0,1060,107.91,189.0,14.17,32.733,191,5.84,0.78,Bounded + Transient Burst,[],[]
surge_moderate,Rule-Based (tuned),rule_based,115,2,55.36,133.4,188.0,108.2,1082,113.4,200.0,14.922,34.469,184,4.5,0.78,Bounded + Transient Burst,[],[]
surge_moderate,Rule-Based (tuned),rule_based,117,2,50.35,116.0,164.0,108.6,1086,100.08,181.0,13.236,30.576,189,5.35,0.78,Bounded + Transient Burst,[],[]
surge_moderate,Rule-Based (tuned),rule_based,118,2,47.61,105.0,128.0,111.1,1111,100.33,180.0,13.225,30.55,187,5.54,0.78,Bounded + Transient Burst,[],[]
surge_moderate,Rule-Based (tuned),rule_based,119,2,54.42,140.0,181.0,108.9,1089,111.87,203.0,14.718,33.998,190,5.39,0.78,Bounded + Transient Burst,[],[]
surge_moderate,Max-Pressure (tuned),max_pressure,100,2,47.46,112.0,151.0,110.5,1105,96.87,189.0,12.625,29.164,185,6.36,0.78,Bounded + Transient Burst,[],[]
surge_moderate,Max-Pressure (tuned),max_pressure,101,2,47.42,119.75,157.0,108.6,1086,95.54,181.0,12.498,28.871,185,6.18,0.78,Bounded + Transient Burst,[],[]
surge_moderate,Max-Pressure (tuned),max_pressure,103,2,48.29,113.0,160.0,108.8,1088,97.84,196.0,12.78,29.521,185,4.53,0.78,Bounded + Transient Burst,[],[]
surge_moderate,Max-Pressure (tuned),max_pressure,105,2,45.09,119.6,154.0,109.7,1097,91.76,174.0,11.973,27.658,185,5.08,0.78,Bounded + Transient Burst,[],[]
surge_moderate,Max-Pressure (tuned),max_pressure,102,2,47.62,115.35,136.0,105.8,1058,93.32,180.0,12.211,28.207,179,5.05,0.78,Bounded + Transient Burst,[],[]
surge_moderate,Max-Pressure (tuned),max_pressure,104,2,48.77,121.2,166.0,108.8,1088,100.83,190.0,13.19,30.469,179,6.14,0.78,Bounded + Transient Burst,[],[]
surge_moderate,Max-Pressure (tuned),max_pressure,107,2,51.39,127.0,157.0,109.7,1097,105.25,199.0,13.75,31.762,185,6.52,0.78,Bounded + Transient Burst,[],[]
surge_moderate,Max-Pressure (tuned),max_pressure,106,2,47.3,115.0,159.0,105.4,1054,92.71,164.0,12.13,28.021,190,5.42,0.78,Bounded + Transient Burst,[],[]
surge_moderate,Max-Pressure (tuned),max_pressure,108,2,54.47,128.0,205.0,104.6,1046,107.51,187.0,14.101,32.573,191,6.06,0.78,Bounded + Transient Burst,[],[]
surge_moderate,Max-Pressure (tuned),max_pressure,109,2,49.56,144.0,178.0,111.3,1113,100.71,191.0,13.183,30.453,187,5.1,0.78,Bounded + Transient Burst,[],[]
surge_moderate,Max-Pressure (tuned),max_pressure,110,2,47.24,125.0,163.0,109.6,1096,94.5,187.0,12.397,28.636,189,5.34,0.78,Bounded + Transient Burst,[],[]
surge_moderate,Max-Pressure (tuned),max_pressure,112,2,50.15,130.15,164.0,105.7,1057,100.08,190.0,13.127,30.324,187,4.94,0.78,Bounded + Transient Burst,[],[]
surge_moderate,Max-Pressure (tuned),max_pressure,114,2,49.15,123.0,148.0,107.9,1079,97.23,179.0,12.713,29.367,187,5.01,0.78,Bounded + Transient Burst,[],[]
surge_moderate,Max-Pressure (tuned),max_pressure,111,2,50.19,132.0,169.0,109.0,1090,103.09,194.0,13.451,31.071,191,5.78,0.78,Bounded + Transient Burst,[],[]
surge_moderate,Max-Pressure (tuned),max_pressure,113,2,44.09,117.1,157.0,110.6,1106,89.82,180.0,11.748,27.138,191,5.28,0.78,Bounded + Transient Burst,[],[]
surge_moderate,Max-Pressure (tuned),max_pressure,116,2,45.81,111.0,144.0,107.9,1079,92.64,169.0,12.093,27.935,189,5.32,0.78,Bounded + Transient Burst,[],[]
surge_moderate,Max-Pressure (tuned),max_pressure,115,2,51.97,148.0,198.0,108.7,1087,107.21,190.0,13.939,32.199,189,5.84,0.78,Bounded + Transient Burst,[],[]
surge_moderate,Max-Pressure (tuned),max_pressure,118,2,49.47,116.0,147.0,110.3,1103,104.82,176.0,13.71,31.67,189,5.67,0.78,Bounded + Transient Burst,[],[]
surge_moderate,Max-Pressure (tuned),max_pressure,117,2,48.52,122.0,146.0,109.3,1093,96.53,185.0,12.681,29.293,185,5.01,0.78,Bounded + Transient Burst,[],[]
surge_moderate,Max-Pressure (tuned),max_pressure,119,2,51.13,132.35,191.0,110.2,1102,105.16,197.0,13.793,31.862,192,5.89,0.78,Bounded + Transient Burst,[],[]
surge_moderate,Hybrid (uncoupled),hybrid_bf,100,2,61.5,122.0,151.0,105.9,1059,124.43,208.0,16.385,37.85,193,4.5,0.78,Bounded + Transient Burst,[],[]
surge_moderate,Hybrid (uncoupled),hybrid_bf,101,2,63.75,126.4,164.0,104.3,1043,128.11,218.0,16.817,38.847,195,4.98,0.78,Bounded + Transient Burst,[],[]
surge_moderate,Hybrid (uncoupled),hybrid_bf,102,2,62.19,126.0,148.0,103.0,1030,121.44,219.0,15.975,36.901,198,4.64,0.78,Bounded + Transient Burst,[],[]
surge_moderate,Hybrid (uncoupled),hybrid_bf,103,2,61.95,124.0,151.0,105.9,1059,124.29,227.0,16.327,37.716,199,4.52,0.78,Bounded + Transient Burst,[],[]
surge_moderate,Hybrid (uncoupled),hybrid_bf,105,2,58.5,126.0,148.0,106.1,1061,117.7,199.0,15.483,35.765,191,5.26,0.78,Bounded + Transient Burst,[],[]
surge_moderate,Hybrid (uncoupled),hybrid_bf,106,2,56.89,113.0,164.0,104.0,1040,110.53,177.0,14.564,33.643,199,5.69,0.78,Bounded + Transient Burst,[],[]
surge_moderate,Hybrid (uncoupled),hybrid_bf,104,2,62.4,129.0,171.0,107.2,1072,128.5,217.0,16.778,38.758,187,5.76,0.78,Bounded + Transient Burst,[],[]
surge_moderate,Hybrid (uncoupled),hybrid_bf,108,2,62.49,130.0,197.0,102.4,1024,122.69,203.0,16.123,37.244,194,6.06,0.78,Bounded + Transient Burst,[],[]
surge_moderate,Hybrid (uncoupled),hybrid_bf,107,2,65.82,135.0,174.0,106.4,1064,133.17,236.0,17.479,40.377,184,6.01,0.78,Bounded + Transient Burst,[],[]
surge_moderate,Hybrid (uncoupled),hybrid_bf,110,2,57.16,113.0,144.0,108.0,1080,113.82,199.0,15.026,34.711,209,4.66,0.78,Bounded + Transient Burst,[],[]
surge_moderate,Hybrid (uncoupled),hybrid_bf,109,2,61.96,137.0,161.0,108.1,1081,125.06,211.0,16.453,38.006,199,5.11,0.78,Bounded + Transient Burst,[],[]
surge_moderate,Hybrid (uncoupled),hybrid_bf,111,2,66.53,136.0,181.0,106.1,1061,135.91,233.0,17.8,41.118,174,5.87,0.78,Bounded + Transient Burst,[],[]
surge_moderate,Hybrid (uncoupled),hybrid_bf,112,2,62.37,133.0,165.0,102.7,1027,124.36,218.0,16.326,37.713,198,5.68,0.78,Bounded + Transient Burst,[],[]
surge_moderate,Hybrid (uncoupled),hybrid_bf,114,2,63.34,120.0,142.0,104.5,1045,124.59,214.0,16.383,37.844,204,3.92,0.78,Bounded + Transient Burst,[],[]
surge_moderate,Hybrid (uncoupled),hybrid_bf,115,2,71.07,165.6,242.0,104.7,1047,145.12,236.0,19.093,44.106,192,5.37,0.78,Bounded + Transient Burst,[],[]
surge_moderate,Hybrid (uncoupled),hybrid_bf,113,2,59.93,123.0,157.0,108.0,1080,120.52,226.0,15.929,36.797,199,4.55,0.78,Bounded + Transient Burst,[],[]
surge_moderate,Hybrid (uncoupled),hybrid_bf,116,2,58.83,118.7,152.0,105.1,1051,117.98,201.0,15.517,35.845,194,4.84,0.78,Bounded + Transient Burst,[],[]
surge_moderate,Hybrid (uncoupled),hybrid_bf,117,2,59.24,117.0,148.0,106.7,1067,118.4,202.0,15.481,35.761,188,4.64,0.78,Bounded + Transient Burst,[],[]
surge_moderate,Hybrid (uncoupled),hybrid_bf,119,2,65.94,149.45,195.0,106.4,1064,135.33,224.0,17.761,41.028,210,4.44,0.78,Bounded + Transient Burst,[],[]
surge_moderate,Hybrid Controller (Brute-Force),hybrid_bf,100,2,53.75,106.0,130.0,109.0,1090,108.66,204.0,14.345,33.136,198,5.79,0.78,Bounded + Transient Burst,[],[]
surge_moderate,Hybrid (uncoupled),hybrid_bf,118,2,61.08,123.0,160.0,107.6,1076,128.28,203.0,16.871,38.972,189,5.26,0.78,Bounded + Transient Burst,[],[]
surge_moderate,Hybrid Controller (Brute-Force),hybrid_bf,101,2,58.14,126.0,169.0,106.5,1065,116.6,202.0,15.388,35.546,200,4.67,0.78,Bounded + Transient Burst,[],[]
surge_moderate,Hybrid Controller (Brute-Force),hybrid_bf,102,2,54.74,108.0,146.0,105.3,1053,106.93,197.0,14.061,32.481,198,4.88,0.78,Bounded + Transient Burst,[],[]
surge_moderate,Hybrid Controller (Brute-Force),hybrid_bf,103,2,55.16,102.5,162.0,107.7,1077,111.03,199.0,14.598,33.722,214,4.34,0.78,Bounded + Transient Burst,[],[]
surge_moderate,Hybrid Controller (Brute-Force),hybrid_bf,104,2,57.39,115.75,152.0,107.1,1071,118.33,201.0,15.38,35.527,198,5.3,0.78,Bounded + Transient Burst,[],[]
surge_moderate,Hybrid Controller (Brute-Force),hybrid_bf,107,2,57.13,121.2,151.0,109.3,1093,115.51,208.0,15.198,35.106,204,5.33,0.78,Bounded + Transient Burst,[],[]
surge_moderate,Hybrid Controller (Brute-Force),hybrid_bf,109,2,57.36,118.3,144.0,109.4,1094,116.42,202.0,15.233,35.189,204,5.16,0.78,Bounded + Transient Burst,[],[]
surge_moderate,Hybrid Controller (Brute-Force),hybrid_bf,108,2,60.64,120.0,195.0,103.5,1035,119.03,202.0,15.659,36.172,206,6.61,0.78,Bounded + Transient Burst,[],[]
surge_moderate,Hybrid Controller (Brute-Force),hybrid_bf,105,2,55.62,117.0,146.0,107.5,1075,112.04,193.0,14.733,34.034,208,5.35,0.78,Bounded + Transient Burst,[],[]
surge_moderate,Hybrid Controller (Brute-Force),hybrid_bf,106,2,52.57,104.0,155.0,105.0,1050,102.28,165.0,13.458,31.088,204,4.85,0.78,Bounded + Transient Burst,[],[]
surge_moderate,Hybrid Controller (Brute-Force),hybrid_bf,110,2,55.11,105.9,144.0,108.1,1081,109.74,198.0,14.489,33.469,208,4.21,0.78,Bounded + Transient Burst,[],[]
surge_moderate,Hybrid Controller (Brute-Force),hybrid_bf,112,2,56.75,109.0,139.0,104.2,1042,113.1,191.0,14.857,34.319,194,5.71,0.78,Bounded + Transient Burst,[],[]
surge_moderate,Hybrid Controller (Brute-Force),hybrid_bf,111,2,57.0,116.0,164.0,108.6,1086,116.36,211.0,15.315,35.378,200,5.03,0.78,Bounded + Transient Burst,[],[]
surge_moderate,Hybrid Controller (Brute-Force),hybrid_bf,113,2,56.27,113.0,149.0,109.1,1091,113.3,216.0,14.943,34.518,210,4.23,0.78,Bounded + Transient Burst,[],[]
surge_moderate,Hybrid Controller (Brute-Force),hybrid_bf,114,2,52.98,101.0,163.0,108.0,1080,104.19,186.0,13.762,31.79,200,4.29,0.78,Bounded + Transient Burst,[],[]
surge_moderate,Hybrid Controller (Brute-Force),hybrid_bf,115,2,63.77,139.0,194.0,106.5,1065,130.24,219.0,17.104,39.511,200,5.74,0.78,Bounded + Transient Burst,[],[]
surge_moderate,Hybrid Controller (Brute-Force),hybrid_bf,116,2,50.09,100.0,129.0,107.6,1076,100.85,172.0,13.234,30.571,204,5.32,0.78,Bounded + Transient Burst,[],[]
surge_moderate,Hybrid Controller (Brute-Force),hybrid_bf,117,2,54.29,96.0,122.0,108.0,1080,108.39,200.0,14.249,32.915,201,3.96,0.78,Bounded + Transient Burst,[],[]
surge_moderate,Hybrid Controller (Brute-Force),hybrid_bf,118,2,57.56,112.0,153.0,108.1,1081,120.72,201.0,15.912,36.758,200,5.03,0.78,Bounded + Transient Burst,[],[]
rush_hour,Fixed-Timing Baseline,fixed,101,2,113.57,283.0,306.0,98.6,986,313.15,576.0,39.195,90.541,114,7.64,1.2,Oversaturated (Arterial Dominance),[],[]
rush_hour,Fixed-Timing Baseline,fixed,102,2,115.72,288.0,326.0,98.4,984,326.24,612.0,40.913,94.508,114,7.57,1.2,Oversaturated (Arterial Dominance),[],[]
rush_hour,Fixed-Timing Baseline,fixed,100,2,116.54,289.0,322.0,100.7,1007,329.03,589.0,41.254,95.298,114,6.96,1.2,Oversaturated (Arterial Dominance),[],[]
rush_hour,Fixed-Timing Baseline,fixed,103,2,108.08,269.0,305.0,103.0,1030,300.88,554.0,37.661,86.996,114,9.16,1.2,Oversaturated (Arterial Dominance),[],[]
rush_hour,Fixed-Timing Baseline,fixed,104,2,109.82,277.3,307.0,101.9,1019,311.36,576.0,38.926,89.92,114,7.61,1.2,Oversaturated (Arterial Dominance),[],[]
surge_moderate,Hybrid Controller (Brute-Force),hybrid_bf,119,2,62.13,143.0,186.0,107.4,1074,127.5,220.0,16.72,38.624,206,5.06,0.78,Bounded + Transient Burst,[],[]
rush_hour,Fixed-Timing Baseline,fixed,105,2,113.56,275.35,310.0,100.6,1006,316.91,593.0,39.719,91.752,114,6.27,1.2,Oversaturated (Arterial Dominance),[],[]
rush_hour,Fixed-Timing Baseline,fixed,106,2,109.88,265.0,287.0,99.3,993,299.18,557.0,37.553,86.748,114,7.74,1.2,Oversaturated (Arterial Dominance),[],[]
rush_hour,Fixed-Timing Baseline,fixed,107,2,113.27,280.5,306.0,103.5,1035,323.52,593.0,40.552,93.676,114,6.27,1.2,Oversaturated (Arterial Dominance),[],[]
rush_hour,Fixed-Timing Baseline,fixed,108,2,117.04,277.65,322.0,98.5,985,320.99,582.0,40.263,93.007,114,7.47,1.2,Oversaturated (Arterial Dominance),[],[]
rush_hour,Fixed-Timing Baseline,fixed,109,2,117.59,287.0,329.0,102.7,1027,339.42,619.0,42.594,98.392,114,7.69,1.2,Oversaturated (Arterial Dominance),[],[]
rush_hour,Fixed-Timing Baseline,fixed,113,2,110.26,274.0,303.0,102.1,1021,306.9,562.0,38.418,88.746,114,7.66,1.2,Oversaturated (Arterial Dominance),[],[]
rush_hour,Fixed-Timing Baseline,fixed,110,2,110.4,278.0,309.0,101.2,1012,305.04,554.0,38.175,88.184,114,7.82,1.2,Oversaturated (Arterial Dominance),[],[]
rush_hour,Fixed-Timing Baseline,fixed,112,2,114.87,279.0,323.0,98.2,982,316.16,589.0,39.617,91.516,114,7.58,1.2,Oversaturated (Arterial Dominance),[],[]
rush_hour,Fixed-Timing Baseline,fixed,111,2,112.1,277.15,312.0,101.6,1016,313.98,577.0,39.31,90.807,114,8.49,1.2,Oversaturated (Arterial Dominance),[],[]
rush_hour,Fixed-Timing Baseline,fixed,115,2,114.73,280.0,313.0,100.9,1009,318.75,571.0,39.951,92.287,114,8.02,1.2,Oversaturated (Arterial Dominance),[],[]
rush_hour,Fixed-Timing Baseline,fixed,114,2,118.2,286.0,314.0,102.3,1023,338.73,606.0,42.499,98.173,114,6.95,1.2,Oversaturated (Arterial Dominance),[],[]
rush_hour,Fixed-Timing Baseline,fixed,116,2,112.61,271.0,298.0,100.7,1007,317.18,585.0,39.765,91.857,114,9.31,1.2,Oversaturated (Arterial Dominance),[],[]
rush_hour,Fixed-Timing Baseline,fixed,117,2,119.18,294.0,332.0,100.8,1008,335.69,593.0,42.058,97.153,114,8.05,1.2,Oversaturated (Arterial Dominance),[],[]
rush_hour,Fixed-Timing Baseline,fixed,118,2,115.38,285.55,315.0,101.3,1013,333.0,618.0,41.792,96.539,114,7.55,1.2,Oversaturated (Arterial Dominance),[],[]
rush_hour,Fixed-Timing Baseline,fixed,119,2,111.54,276.0,330.0,104.9,1049,319.44,575.0,40.105,92.642,114,7.24,1.2,Oversaturated (Arterial Dominance),[],[]
rush_hour,Fixed (tuned),fixed,100,2,90.47,160.0,193.0,117.1,1171,251.04,422.0,32.026,73.981,78,12.68,1.2,Oversaturated (Arterial Dominance),[],[]
rush_hour,Fixed (tuned),fixed,101,2,82.65,148.0,171.0,116.7,1167,224.02,386.0,28.524,65.891,78,15.24,1.2,Oversaturated (Arterial Dominance),[],[]
rush_hour,Fixed (tuned),fixed,102,2,89.47,168.0,230.0,116.2,1162,248.22,429.0,31.634,73.074,78,11.99,1.2,Oversaturated (Arterial Dominance),[],[]
rush_hour,Fixed (tuned),fixed,106,2,83.0,157.0,214.0,115.5,1155,221.75,383.0,28.369,65.532,78,13.4,1.2,Oversaturated (Arterial Dominance),[],[]
rush_hour,Fixed (tuned),fixed,103,2,86.3,166.0,225.0,117.0,1170,234.67,398.0,30.071,69.464,78,12.93,1.2,Oversaturated (Arterial Dominance),[],[]
rush_hour,Fixed (tuned),fixed,104,2,83.9,148.0,193.0,118.1,1181,232.12,414.0,29.738,68.694,78,14.68,1.2,Oversaturated (Arterial Dominance),[],[]
rush_hour,Fixed (tuned),fixed,105,2,87.41,158.0,180.0,117.3,1173,239.22,404.0,30.574,70.625,78,12.67,1.2,Oversaturated (Arterial Dominance),[],[]
rush_hour,Fixed (tuned),fixed,107,2,92.41,163.0,203.0,117.3,1173,258.19,439.0,33.083,76.421,78,13.07,1.2,Oversaturated (Arterial Dominance),[],[]
rush_hour,Fixed (tuned),fixed,108,2,86.86,167.65,195.0,116.2,1162,234.56,389.0,29.881,69.026,78,14.61,1.2,Oversaturated (Arterial Dominance),[],[]
rush_hour,Fixed (tuned),fixed,110,2,82.4,144.25,175.0,117.6,1176,222.85,380.0,28.492,65.817,78,11.81,1.2,Oversaturated (Arterial Dominance),[],[]
rush_hour,Fixed (tuned),fixed,109,2,93.53,168.0,207.0,117.8,1178,265.46,452.0,33.879,78.261,78,14.93,1.2,Oversaturated (Arterial Dominance),[],[]
rush_hour,Fixed (tuned),fixed,111,2,86.89,152.15,196.0,116.8,1168,238.31,410.0,30.47,70.386,78,14.07,1.2,Oversaturated (Arterial Dominance),[],[]
rush_hour,Fixed (tuned),fixed,112,2,83.75,158.0,205.0,116.0,1160,226.63,397.0,28.885,66.725,78,13.87,1.2,Oversaturated (Arterial Dominance),[],[]
rush_hour,Fixed (tuned),fixed,113,2,87.08,156.0,225.0,117.9,1179,236.72,389.0,30.341,70.088,78,13.93,1.2,Oversaturated (Arterial Dominance),[],[]
rush_hour,Fixed (tuned),fixed,115,2,88.77,161.0,225.0,115.6,1156,242.09,411.0,30.913,71.409,78,12.43,1.2,Oversaturated (Arterial Dominance),[],[]
rush_hour,Fixed (tuned),fixed,114,2,95.43,168.0,192.0,117.7,1177,268.41,441.0,34.312,79.262,78,10.55,1.2,Oversaturated (Arterial Dominance),[],[]
rush_hour,Fixed (tuned),fixed,116,2,84.94,147.0,170.0,117.0,1170,234.74,419.0,29.992,69.282,78,11.48,1.2,Oversaturated (Arterial Dominance),[],[]
rush_hour,Fixed (tuned),fixed,118,2,89.51,165.55,233.0,117.6,1176,254.27,454.0,32.424,74.898,78,12.56,1.2,Oversaturated (Arterial Dominance),[],[]
rush_hour,Fixed (tuned),fixed,117,2,92.46,163.65,189.0,117.0,1170,255.23,421.0,32.629,75.374,78,13.45,1.2,Oversaturated (Arterial Dominance),[],[]
rush_hour,Fixed (tuned),fixed,119,2,95.26,191.0,302.0,116.6,1166,267.21,452.0,34.251,79.121,78,10.6,1.2,Oversaturated (Arterial Dominance),[],[]
rush_hour,Rule-Based (tuned),rule_based,100,2,103.76,238.0,362.0,105.7,1057,285.74,537.0,36.756,84.905,93,14.93,1.2,Oversaturated (Arterial Dominance),[],[]
rush_hour,Rule-Based (tuned),rule_based,101,2,97.86,214.0,340.0,106.2,1062,262.32,507.0,34.121,78.82,91,15.22,1.2,Oversaturated (Arterial Dominance),[],[]
rush_hour,Rule-Based (tuned),rule_based,103,2,102.53,238.9,402.0,105.1,1051,276.69,524.0,35.886,82.896,105,11.14,1.2,Oversaturated (Arterial Dominance),[],[]
rush_hour,Rule-Based (tuned),rule_based,102,2,111.56,284.45,478.0,99.5,995,305.53,597.0,39.467,91.169,80,24.45,1.2,Oversaturated (Arterial Dominance),[],[]
rush_hour,Rule-Based (tuned),rule_based,104,2,103.08,226.55,351.0,103.7,1037,282.12,573.0,36.88,85.194,97,17.95,1.2,Oversaturated (Arterial Dominance),[],[]
rush_hour,Rule-Based (tuned),rule_based,105,2,104.15,236.65,377.0,106.1,1061,280.99,527.0,36.755,84.904,93,12.23,1.2,Oversaturated (Arterial Dominance),[],[]
rush_hour,Rule-Based (tuned),rule_based,107,2,103.68,227.45,377.0,106.2,1062,287.91,550.0,37.141,85.796,96,13.87,1.2,Oversaturated (Arterial Dominance),[],[]
rush_hour,Rule-Based (tuned),rule_based,106,2,95.48,205.2,368.0,105.9,1059,252.89,490.0,32.865,75.917,100,11.95,1.2,Oversaturated (Arterial Dominance),[],[]
rush_hour,Rule-Based (tuned),rule_based,109,2,113.12,291.15,413.0,102.6,1026,316.71,614.0,41.228,95.236,85,18.34,1.2,Oversaturated (Arterial Dominance),[],[]
rush_hour,Rule-Based (tuned),rule_based,110,2,98.32,232.6,338.0,107.3,1073,262.8,498.0,34.28,79.188,99,12.95,1.2,Oversaturated (Arterial Dominance),[],[]
rush_hour,Rule-Based (tuned),rule_based,111,2,102.11,225.0,379.0,104.5,1045,278.96,534.0,35.807,82.715,93,19.69,1.2,Oversaturated (Arterial Dominance),[],[]
rush_hour,Rule-Based (tuned),rule_based,108,2,101.02,243.0,312.0,108.3,1083,269.81,467.0,34.796,80.379,97,11.97,1.2,Oversaturated (Arterial Dominance),[],[]
rush_hour,Rule-Based (tuned),rule_based,112,2,98.62,221.0,411.0,105.0,1050,263.82,510.0,34.188,78.974,89,14.73,1.2,Oversaturated (Arterial Dominance),[],[]
rush_hour,Rule-Based (tuned),rule_based,113,2,102.13,235.0,324.0,108.3,1083,274.56,498.0,35.881,82.885,101,14.69,1.2,Oversaturated (Arterial Dominance),[],[]
rush_hour,Rule-Based (tuned),rule_based,115,2,103.64,237.2,370.0,104.2,1042,280.48,533.0,36.275,83.794,96,17.36,1.2,Oversaturated (Arterial Dominance),[],[]
rush_hour,Rule-Based (tuned),rule_based,116,2,97.8,207.1,327.0,107.4,1074,268.83,525.0,34.751,80.275,97,13.34,1.2,Oversaturated (Arterial Dominance),[],[]
rush_hour,Rule-Based (tuned),rule_based,114,2,118.67,277.0,412.0,103.7,1037,329.12,593.0,42.985,99.296,89,16.65,1.2,Oversaturated (Arterial Dominance),[],[]
rush_hour,Rule-Based (tuned),rule_based,117,2,115.44,274.75,380.0,101.0,1010,314.11,596.0,41.198,95.168,88,17.36,1.2,Oversaturated (Arterial Dominance),[],[]
rush_hour,Rule-Based (tuned),rule_based,118,2,106.64,262.0,396.0,106.0,1060,298.01,583.0,38.887,89.83,93,13.67,1.2,Oversaturated (Arterial Dominance),[],[]
rush_hour,Rule-Based (tuned),rule_based,119,2,113.81,279.0,437.0,103.8,1038,315.38,590.0,41.176,95.116,99,15.81,1.2,Oversaturated (Arterial Dominance),[],[]
rush_hour,Max-Pressure (tuned),max_pressure,100,2,98.63,188.4,289.0,109.9,1099,271.04,494.0,34.913,80.65,102,12.14,1.2,Oversaturated (Arterial Dominance),[],[]
rush_hour,Max-Pressure (tuned),max_pressure,102,2,102.98,234.0,331.0,104.4,1044,282.99,548.0,36.431,84.156,89,16.89,1.2,Oversaturated (Arterial Dominance),[],[]
rush_hour,Max-Pressure (tuned),max_pressure,101,2,97.05,182.3,258.0,107.8,1078,258.89,497.0,33.968,78.466,103,14.96,1.2,Oversaturated (Arterial Dominance),[],[]
rush_hour,Max-Pressure (tuned),max_pressure,104,2,102.87,207.7,321.0,103.4,1034,283.38,569.0,36.643,84.645,106,15.4,1.2,Oversaturated (Arterial Dominance),[],[]
rush_hour,Max-Pressure (tuned),max_pressure,103,2,102.0,202.3,366.0,105.9,1059,275.75,509.0,35.542,82.103,108,8.91,1.2,Oversaturated (Arterial Dominance),[],[]
rush_hour,Max-Pressure (tuned),max_pressure,105,2,101.99,203.0,323.0,108.2,1082,275.72,504.0,35.946,83.035,103,12.87,1.2,Oversaturated (Arterial Dominance),[],[]
rush_hour,Max-Pressure (tuned),max_pressure,106,2,92.35,182.95,316.0,109.0,1090,244.55,452.0,31.645,73.1,106,15.37,1.2,Oversaturated (Arterial Dominance),[],[]
rush_hour,Max-Pressure (tuned),max_pressure,108,2,100.07,217.0,294.0,109.3,1093,267.69,462.0,34.58,79.881,104,11.92,1.2,Oversaturated (Arterial Dominance),[],[]
rush_hour,Max-Pressure (tuned),max_pressure,110,2,96.73,187.7,299.0,107.8,1078,259.51,486.0,33.618,77.658,109,12.12,1.2,Oversaturated (Arterial Dominance),[],[]
rush_hour,Max-Pressure (tuned),max_pressure,109,2,108.17,229.5,373.0,105.6,1056,304.35,578.0,39.205,90.564,96,16.05,1.2,Oversaturated (Arterial Dominance),[],[]
rush_hour,Max-Pressure (tuned),max_pressure,107,2,104.45,211.0,366.0,107.4,1074,289.88,538.0,37.391,86.374,102,11.56,1.2,Oversaturated (Arterial Dominance),[],[]
rush_hour,Max-Pressure (tuned),max_pressure,111,2,102.88,197.0,328.0,105.3,1053,280.83,528.0,36.144,83.494,104,11.98,1.2,Oversaturated (Arterial Dominance),[],[]
rush_hour,Max-Pressure (tuned),max_pressure,112,2,101.16,195.0,370.0,105.3,1053,270.91,507.0,34.98,80.803,100,13.54,1.2,Oversaturated (Arterial Dominance),[],[]
rush_hour,Max-Pressure (tuned),max_pressure,113,2,100.64,203.3,288.0,109.2,1092,271.73,488.0,35.312,81.572,108,12.92,1.2,Oversaturated (Arterial Dominance),[],[]
rush_hour,Max-Pressure (tuned),max_pressure,114,2,112.33,232.95,342.0,107.1,1071,312.75,554.0,40.487,93.526,100,11.72,1.2,Oversaturated (Arterial Dominance),[],[]
rush_hour,Max-Pressure (tuned),max_pressure,115,2,101.32,208.0,316.0,107.9,1079,274.82,493.0,35.395,81.763,110,12.23,1.2,Oversaturated (Arterial Dominance),[],[]
rush_hour,Max-Pressure (tuned),max_pressure,116,2,93.6,168.0,246.0,110.1,1101,256.16,493.0,33.155,76.587,105,10.72,1.2,Oversaturated (Arterial Dominance),[],[]
rush_hour,Max-Pressure (tuned),max_pressure,117,2,108.74,208.15,295.0,106.3,1063,296.6,538.0,38.615,89.201,99,12.86,1.2,Oversaturated (Arterial Dominance),[],[]
rush_hour,Max-Pressure (tuned),max_pressure,119,2,108.53,247.0,395.0,103.6,1036,303.34,582.0,39.022,90.141,106,15.33,1.2,Oversaturated (Arterial Dominance),[],[]
rush_hour,Max-Pressure (tuned),max_pressure,118,2,102.65,208.2,336.0,108.6,1086,288.31,551.0,37.343,86.263,99,11.36,1.2,Oversaturated (Arterial Dominance),[],[]
rush_hour,Hybrid (uncoupled),hybrid_bf,100,2,107.98,220.0,348.0,104.2,1042,297.21,552.0,38.226,88.301,108,11.44,1.2,Oversaturated (Arterial Dominance),[],[]
rush_hour,Hybrid (uncoupled),hybrid_bf,101,2,105.02,227.4,333.0,103.2,1032,281.56,521.0,36.243,83.721,110,10.82,1.2,Oversaturated (Arterial Dominance),[],[]
rush_hour,Hybrid (uncoupled),hybrid_bf,102,2,110.93,254.5,351.0,100.9,1009,304.52,582.0,39.22,90.597,102,10.79,1.2,Oversaturated (Arterial Dominance),[],[]
rush_hour,Hybrid (uncoupled),hybrid_bf,104,2,105.65,227.0,346.0,104.3,1043,289.21,572.0,37.916,87.586,117,10.03,1.2,Oversaturated (Arterial Dominance),[],[]
rush_hour,Hybrid (uncoupled),hybrid_bf,103,2,107.67,245.0,366.0,103.6,1036,290.92,533.0,37.516,86.662,124,6.38,1.2,Oversaturated (Arterial Dominance),[],[]
rush_hour,Hybrid (uncoupled),hybrid_bf,105,2,104.1,221.85,356.0,105.1,1051,282.36,533.0,36.644,84.648,108,8.35,1.2,Oversaturated (Arterial Dominance),[],[]
rush_hour,Hybrid (uncoupled),hybrid_bf,106,2,93.07,184.65,324.0,108.3,1083,247.81,466.0,32.016,73.956,109,8.2,1.2,Oversaturated (Arterial Dominance),[],[]
rush_hour,Hybrid (uncoupled),hybrid_bf,107,2,107.62,228.0,324.0,107.1,1071,299.37,541.0,38.528,89.001,117,8.9,1.2,Oversaturated (Arterial Dominance),[],[]
rush_hour,Hybrid (uncoupled),hybrid_bf,109,2,117.65,264.05,380.0,100.9,1009,332.78,632.0,42.875,99.042,105,11.7,1.2,Oversaturated (Arterial Dominance),[],[]
rush_hour,Hybrid (uncoupled),hybrid_bf,108,2,103.73,230.25,321.0,106.5,1065,276.44,491.0,35.867,82.852,106,8.81,1.2,Oversaturated (Arterial Dominance),[],[]
rush_hour,Hybrid (uncoupled),hybrid_bf,110,2,102.71,208.0,334.0,105.3,1053,275.18,510.0,35.629,82.303,114,8.91,1.2,Oversaturated (Arterial Dominance),[],[]
rush_hour,Hybrid (uncoupled),hybrid_bf,113,2,109.25,237.2,337.0,105.7,1057,294.13,519.0,38.189,88.217,117,9.61,1.2,Oversaturated (Arterial Dominance),[],[]
rush_hour,Hybrid (uncoupled),hybrid_bf,112,2,97.27,209.45,346.0,106.0,1060,261.11,498.0,33.547,77.493,103,10.18,1.2,Oversaturated (Arterial Dominance),[],[]
rush_hour,Hybrid (uncoupled),hybrid_bf,111,2,105.17,201.0,286.0,105.8,1058,286.59,528.0,36.996,85.46,122,9.66,1.2,Oversaturated (Arterial Dominance),[],[]
rush_hour,Hybrid (uncoupled),hybrid_bf,114,2,114.96,242.65,370.0,105.1,1051,319.75,580.0,41.59,96.073,107,7.92,1.2,Oversaturated (Arterial Dominance),[],[]
rush_hour,Hybrid (uncoupled),hybrid_bf,115,2,103.1,229.45,345.0,105.4,1054,277.89,520.0,36.016,83.197,111,10.21,1.2,Oversaturated (Arterial Dominance),[],[]
rush_hour,Hybrid (uncoupled),hybrid_bf,116,2,96.02,192.6,261.0,108.3,1083,264.74,506.0,33.907,78.325,112,10.72,1.2,Oversaturated (Arterial Dominance),[],[]
rush_hour,Hybrid (uncoupled),hybrid_bf,117,2,116.17,258.0,366.0,101.7,1017,318.79,586.0,41.253,95.295,103,9.79,1.2,Oversaturated (Arterial Dominance),[],[]
rush_hour,Hybrid (uncoupled),hybrid_bf,118,2,111.96,246.55,361.0,104.6,1046,315.17,584.0,40.555,93.681,109,9.55,1.2,Oversaturated (Arterial Dominance),[],[]
rush_hour,Hybrid Controller (Brute-Force),hybrid_bf,100,2,93.06,204.0,279.0,114.2,1142,259.12,469.0,33.15,76.575,108,12.31,1.2,Oversaturated (Arterial Dominance),[],[]
rush_hour,Hybrid (uncoupled),hybrid_bf,119,2,116.25,248.0,359.0,102.1,1021,324.51,604.0,41.928,96.855,122,8.77,1.2,Oversaturated (Arterial Dominance),[],[]
rush_hour,Hybrid Controller (Brute-Force),hybrid_bf,101,2,92.68,203.4,278.0,110.5,1105,247.5,448.0,31.985,73.886,106,11.03,1.2,Oversaturated (Arterial Dominance),[],[]
rush_hour,Hybrid Controller (Brute-Force),hybrid_bf,102,2,95.64,223.5,307.0,111.6,1116,262.12,475.0,33.815,78.112,106,10.75,1.2,Oversaturated (Arterial Dominance),[],[]
rush_hour,Hybrid Controller (Brute-Force),hybrid_bf,104,2,93.1,193.0,259.0,109.9,1099,256.1,496.0,32.997,76.224,115,10.67,1.2,Oversaturated (Arterial Dominance),[],[]
rush_hour,Hybrid Controller (Brute-Force),hybrid_bf,103,2,94.49,210.15,307.0,112.2,1122,258.16,463.0,33.134,76.539,114,8.49,1.2,Oversaturated (Arterial Dominance),[],[]
rush_hour,Hybrid Controller (Brute-Force),hybrid_bf,106,2,90.26,211.0,326.0,111.9,1119,238.18,419.0,30.848,71.258,110,10.1,1.2,Oversaturated (Arterial Dominance),[],[]
rush_hour,Hybrid Controller (Brute-Force),hybrid_bf,105,2,97.31,219.35,305.0,110.2,1102,264.05,484.0,34.036,78.622,109,8.17,1.2,Oversaturated (Arterial Dominance),[],[]
rush_hour,Hybrid Controller (Brute-Force),hybrid_bf,107,2,97.95,215.5,283.0,112.2,1122,271.73,490.0,35.066,81.001,122,10.16,1.2,Oversaturated (Arterial Dominance),[],[]
rush_hour,Hybrid Controller (Brute-Force),hybrid_bf,108,2,92.81,226.0,307.0,112.0,1120,246.45,428.0,31.925,73.747,100,11.58,1.2,Oversaturated (Arterial Dominance),[],[]
rush_hour,Hybrid Controller (Brute-Force),hybrid_bf,110,2,88.28,192.5,282.0,113.8,1138,239.68,436.0,30.722,70.967,120,8.94,1.2,Oversaturated (Arterial Dominance),[],[]
rush_hour,Hybrid Controller (Brute-Force),hybrid_bf,109,2,107.15,232.0,329.0,109.8,1098,304.83,551.0,39.049,90.204,104,13.86,1.2,Oversaturated (Arterial Dominance),[],[]
rush_hour,Hybrid Controller (Brute-Force),hybrid_bf,111,2,92.96,198.0,284.0,112.2,1122,254.35,471.0,32.845,75.873,116,10.06,1.2,Oversaturated (Arterial Dominance),[],[]
rush_hour,Hybrid Controller (Brute-Force),hybrid_bf,112,2,89.39,204.0,263.0,111.9,1119,239.08,447.0,30.831,71.219,110,10.87,1.2,Oversaturated (Arterial Dominance),[],[]
rush_hour,Hybrid Controller (Brute-Force),hybrid_bf,113,2,95.52,211.65,293.0,112.0,1120,256.88,448.0,33.285,76.889,110,10.79,1.2,Oversaturated (Arterial Dominance),[],[]
rush_hour,Hybrid Controller (Brute-Force),hybrid_bf,114,2,106.66,238.0,332.0,110.7,1107,295.9,511.0,38.348,88.585,106,10.65,1.2,Oversaturated (Arterial Dominance),[],[]
rush_hour,Hybrid Controller (Brute-Force),hybrid_bf,115,2,100.43,217.7,291.0,109.2,1092,270.26,475.0,34.971,80.783,104,10.12,1.2,Oversaturated (Arterial Dominance),[],[]
rush_hour,Hybrid Controller (Brute-Force),hybrid_bf,116,2,92.9,202.0,285.0,112.6,1126,254.02,469.0,32.802,75.774,114,11.26,1.2,Oversaturated (Arterial Dominance),[],[]
surge_accident,Fixed-Timing Baseline,fixed,100,2,114.49,297.0,347.0,115.1,1151,359.02,625.0,45.185,104.378,114,6.96,1.3,Oversaturated + Bottleneck Incident,[],[]
rush_hour,Hybrid Controller (Brute-Force),hybrid_bf,118,2,98.83,227.55,326.0,112.0,1120,276.93,510.0,35.799,82.695,110,9.95,1.2,Oversaturated (Arterial Dominance),[],[]
rush_hour,Hybrid Controller (Brute-Force),hybrid_bf,117,2,101.01,218.0,284.0,111.2,1112,275.85,487.0,35.644,82.339,112,12.35,1.2,Oversaturated (Arterial Dominance),[],[]
rush_hour,Hybrid Controller (Brute-Force),hybrid_bf,119,2,108.33,233.65,363.0,109.7,1097,304.66,536.0,39.192,90.534,120,9.32,1.2,Oversaturated (Arterial Dominance),[],[]
surge_accident,Fixed-Timing Baseline,fixed,103,2,107.58,281.6,326.0,115.3,1153,331.75,592.0,41.717,96.367,114,9.16,1.3,Oversaturated + Bottleneck Incident,[],[]
surge_accident,Fixed-Timing Baseline,fixed,102,2,114.29,296.0,337.0,109.9,1099,352.7,648.0,44.372,102.499,114,7.57,1.3,Oversaturated + Bottleneck Incident,[],[]
surge_accident,Fixed-Timing Baseline,fixed,101,2,110.95,290.0,337.0,112.3,1123,341.66,618.0,42.925,99.157,114,7.64,1.3,Oversaturated + Bottleneck Incident,[],[]
surge_accident,Fixed-Timing Baseline,fixed,104,2,108.38,289.2,350.0,115.0,1150,340.97,627.0,42.796,98.86,114,7.61,1.3,Oversaturated + Bottleneck Incident,[],[]
surge_accident,Fixed-Timing Baseline,fixed,106,2,109.49,274.0,324.0,111.9,1119,331.1,596.0,41.728,96.391,114,7.74,1.3,Oversaturated + Bottleneck Incident,[],[]
surge_accident,Fixed-Timing Baseline,fixed,105,2,111.95,290.0,349.0,113.3,1133,344.87,621.0,43.388,100.227,114,6.27,1.3,Oversaturated + Bottleneck Incident,[],[]
surge_accident,Fixed-Timing Baseline,fixed,109,2,116.39,298.0,375.0,116.2,1162,371.26,649.0,46.764,108.025,114,7.69,1.3,Oversaturated + Bottleneck Incident,[],[]
surge_accident,Fixed-Timing Baseline,fixed,108,2,115.75,288.0,340.0,111.4,1114,351.62,616.0,44.268,102.26,114,7.47,1.3,Oversaturated + Bottleneck Incident,[],[]
surge_accident,Fixed-Timing Baseline,fixed,107,2,113.0,289.5,342.0,114.5,1145,353.42,626.0,44.47,102.726,114,6.27,1.3,Oversaturated + Bottleneck Incident,[],[]
surge_accident,Fixed-Timing Baseline,fixed,110,2,109.33,291.0,357.0,114.1,1141,335.68,595.0,42.178,97.432,114,7.82,1.3,Oversaturated + Bottleneck Incident,[],[]
surge_accident,Fixed-Timing Baseline,fixed,112,2,112.21,291.4,324.0,112.3,1123,343.64,615.0,43.213,99.822,114,7.58,1.3,Oversaturated + Bottleneck Incident,[],[]
surge_accident,Fixed-Timing Baseline,fixed,111,2,111.68,283.0,337.0,112.9,1129,343.87,613.0,43.233,99.867,114,8.49,1.3,Oversaturated + Bottleneck Incident,[],[]
surge_accident,Fixed-Timing Baseline,fixed,113,2,110.73,285.0,353.0,117.3,1173,345.97,597.0,43.555,100.612,114,7.66,1.3,Oversaturated + Bottleneck Incident,[],[]
surge_accident,Fixed-Timing Baseline,fixed,114,2,117.42,297.2,348.0,114.1,1141,368.15,636.0,46.367,107.109,114,6.95,1.3,Oversaturated + Bottleneck Incident,[],[]
surge_accident,Fixed-Timing Baseline,fixed,115,2,114.56,292.05,329.0,115.4,1154,359.66,626.0,45.314,104.674,114,8.02,1.3,Oversaturated + Bottleneck Incident,[],[]
surge_accident,Fixed-Timing Baseline,fixed,116,2,111.64,288.8,351.0,113.2,1132,347.91,633.0,43.786,101.145,114,9.31,1.3,Oversaturated + Bottleneck Incident,[],[]
surge_accident,Fixed-Timing Baseline,fixed,117,2,116.09,305.0,359.0,115.4,1154,366.94,635.0,46.151,106.61,114,8.05,1.3,Oversaturated + Bottleneck Incident,[],[]
surge_accident,Fixed-Timing Baseline,fixed,118,2,113.83,296.0,339.0,114.2,1142,363.48,668.0,45.783,105.76,114,7.55,1.3,Oversaturated + Bottleneck Incident,[],[]
surge_accident,Fixed-Timing Baseline,fixed,119,2,112.77,293.0,369.0,116.9,1169,359.01,639.0,45.307,104.659,114,7.24,1.3,Oversaturated + Bottleneck Incident,[],[]
surge_accident,Fixed (tuned),fixed,102,2,106.65,262.0,294.0,114.9,1149,327.64,598.0,41.404,95.643,114,8.46,1.3,Oversaturated + Bottleneck Incident,[],[]
surge_accident,Fixed (tuned),fixed,101,2,103.62,250.0,299.0,116.9,1169,317.69,572.0,40.09,92.609,114,8.49,1.3,Oversaturated + Bottleneck Incident,[],[]
surge_accident,Fixed (tuned),fixed,100,2,107.88,257.0,304.0,119.4,1194,336.51,582.0,42.577,98.353,114,6.98,1.3,Oversaturated + Bottleneck Incident,[],[]
surge_accident,Fixed (tuned),fixed,104,2,102.94,248.0,308.0,118.6,1186,321.68,591.0,40.651,93.904,114,8.21,1.3,Oversaturated + Bottleneck Incident,[],[]
surge_accident,Fixed (tuned),fixed,103,2,104.5,236.8,277.0,117.7,1177,319.74,568.0,40.522,93.607,114,8.83,1.3,Oversaturated + Bottleneck Incident,[],[]
surge_accident,Fixed (tuned),fixed,105,2,105.45,251.0,309.0,117.5,1175,323.19,569.0,40.867,94.403,114,6.39,1.3,Oversaturated + Bottleneck Incident,[],[]
surge_accident,Fixed (tuned),fixed,106,2,103.43,229.0,285.0,115.2,1152,310.71,563.0,39.418,91.055,114,8.19,1.3,Oversaturated + Bottleneck Incident,[],[]
surge_accident,Fixed (tuned),fixed,108,2,109.03,254.0,304.0,115.5,1155,329.74,568.0,41.698,96.322,114,6.87,1.3,Oversaturated + Bottleneck Incident,[],[]
surge_accident,Fixed (tuned),fixed,107,2,107.66,250.0,301.0,118.7,1187,334.85,584.0,42.372,97.878,114,6.52,1.3,Oversaturated + Bottleneck Incident,[],[]
surge_accident,Fixed (tuned),fixed,109,2,112.51,257.0,331.0,119.6,1196,356.54,612.0,45.202,104.418,114,7.87,1.3,Oversaturated + Bottleneck Incident,[],[]
surge_accident,Fixed (tuned),fixed,110,2,102.38,250.0,311.0,118.4,1184,312.57,552.0,39.498,91.239,114,8.23,1.3,Oversaturated + Bottleneck Incident,[],[]
surge_accident,Fixed (tuned),fixed,111,2,105.56,247.0,294.0,117.3,1173,323.29,569.0,40.863,94.393,114,8.04,1.3,Oversaturated + Bottleneck Incident,[],[]
surge_accident,Fixed (tuned),fixed,112,2,105.06,252.4,289.0,117.2,1172,320.27,563.0,40.459,93.46,114,7.9,1.3,Oversaturated + Bottleneck Incident,[],[]
surge_accident,Fixed (tuned),fixed,113,2,108.06,251.55,307.0,119.5,1195,335.12,575.0,42.505,98.186,114,7.96,1.3,Oversaturated + Bottleneck Incident,[],[]
surge_accident,Fixed (tuned),fixed,114,2,112.65,258.0,316.0,118.1,1181,351.31,596.0,44.485,102.761,114,6.58,1.3,Oversaturated + Bottleneck Incident,[],[]
surge_accident,Fixed (tuned),fixed,115,2,111.15,246.05,295.0,117.3,1173,346.59,607.0,43.966,101.561,114,7.56,1.3,Oversaturated + Bottleneck Incident,[],[]
surge_accident,Fixed (tuned),fixed,116,2,105.82,245.0,300.0,117.6,1176,327.69,589.0,41.507,95.88,114,9.16,1.3,Oversaturated + Bottleneck Incident,[],[]
surge_accident,Fixed (tuned),fixed,118,2,107.41,252.0,298.0,118.6,1186,341.43,624.0,43.205,99.803,114,7.74,1.3,Oversaturated + Bottleneck Incident,[],[]
surge_accident,Fixed (tuned),fixed,117,2,109.71,264.0,316.0,119.6,1196,344.76,593.0,43.618,100.757,114,8.27,1.3,Oversaturated + Bottleneck Incident,[],[]
surge_accident,Fixed (tuned),fixed,119,2,109.0,244.0,332.0,120.1,1201,344.79,607.0,43.795,101.167,114,7.41,1.3,Oversaturated + Bottleneck Incident,[],[]
surge_accident,Rule-Based (tuned),rule_based,100,2,147.21,359.25,539.0,88.8,888,448.11,908.0,58.754,135.723,100,37.06,1.3,Oversaturated + Bottleneck Incident,[],[]
surge_accident,Rule-Based (tuned),rule_based,101,2,135.13,320.75,479.0,91.6,916,404.67,842.0,52.791,121.946,101,22.8,1.3,Oversaturated + Bottleneck Incident,[],[]
surge_accident,Rule-Based (tuned),rule_based,102,2,141.91,339.9,527.0,87.0,870,425.61,894.0,55.596,128.427,91,39.77,1.3,Oversaturated + Bottleneck Incident,[],[]
surge_accident,Rule-Based (tuned),rule_based,103,2,132.72,324.1,420.0,95.3,953,397.89,806.0,51.878,119.839,130,11.27,1.3,Oversaturated + Bottleneck Incident,[],[]
surge_accident,Rule-Based (tuned),rule_based,105,2,134.23,320.05,453.0,93.9,939,401.8,821.0,52.5,121.275,104,19.1,1.3,Oversaturated + Bottleneck Incident,[],[]
surge_accident,Rule-Based (tuned),rule_based,106,2,138.13,343.0,496.0,90.5,905,404.69,833.0,53.349,123.236,120,19.02,1.3,Oversaturated + Bottleneck Incident,[],[]
surge_accident,Rule-Based (tuned),rule_based,104,2,137.51,335.6,465.0,90.6,906,419.09,891.0,54.912,126.846,103,23.2,1.3,Oversaturated + Bottleneck Incident,[],[]
surge_accident,Rule-Based (tuned),rule_based,107,2,132.55,285.0,419.0,100.0,1000,401.82,794.0,52.843,122.068,111,15.62,1.3,Oversaturated + Bottleneck Incident,[],[]
surge_accident,Rule-Based (tuned),rule_based,108,2,141.18,318.0,415.0,97.2,972,415.27,769.0,54.622,126.177,115,11.61,1.3,Oversaturated + Bottleneck Incident,[],[]
surge_accident,Rule-Based (tuned),rule_based,110,2,144.77,358.0,506.0,87.0,870,431.35,882.0,56.364,130.2,114,26.7,1.3,Oversaturated + Bottleneck Incident,[],[]
surge_accident,Rule-Based (tuned),rule_based,111,2,139.77,330.0,463.0,90.3,903,418.08,858.0,54.698,126.353,111,22.65,1.3,Oversaturated + Bottleneck Incident,[],[]
surge_accident,Rule-Based (tuned),rule_based,109,2,148.41,370.95,493.0,89.9,899,461.0,923.0,60.091,138.81,98,24.07,1.3,Oversaturated + Bottleneck Incident,[],[]
surge_accident,Rule-Based (tuned),rule_based,112,2,143.93,354.05,495.0,88.4,884,425.73,876.0,56.294,130.038,96,30.54,1.3,Oversaturated + Bottleneck Incident,[],[]
surge_accident,Rule-Based (tuned),rule_based,115,2,139.57,307.15,414.0,95.3,953,426.26,845.0,55.767,128.822,120,17.4,1.3,Oversaturated + Bottleneck Incident,[],[]
surge_accident,Rule-Based (tuned),rule_based,114,2,151.1,361.0,494.0,90.7,907,457.43,900.0,60.674,140.156,90,26.93,1.3,Oversaturated + Bottleneck Incident,[],[]
surge_accident,Rule-Based (tuned),rule_based,113,2,144.4,329.0,469.0,92.9,929,437.69,862.0,57.47,132.756,113,25.11,1.3,Oversaturated + Bottleneck Incident,[],[]
surge_accident,Rule-Based (tuned),rule_based,116,2,128.82,276.0,420.0,100.0,1000,390.08,781.0,50.984,117.774,113,15.85,1.3,Oversaturated + Bottleneck Incident,[],[]
surge_accident,Rule-Based (tuned),rule_based,117,2,148.37,338.85,513.0,89.9,899,455.48,905.0,59.478,137.395,111,13.93,1.3,Oversaturated + Bottleneck Incident,[],[]
surge_accident,Rule-Based (tuned),rule_based,118,2,137.42,302.45,459.0,96.5,965,425.33,867.0,55.946,129.235,106,12.34,1.3,Oversaturated + Bottleneck Incident,[],[]
surge_accident,Rule-Based (tuned),rule_based,119,2,145.48,342.0,542.0,93.9,939,448.2,898.0,59.387,137.183,114,28.25,1.3,Oversaturated + Bottleneck Incident,[],[]
surge_accident,Max-Pressure (tuned),max_pressure,100,2,134.52,286.0,423.0,97.8,978,410.08,816.0,53.627,123.879,114,17.81,1.3,Oversaturated + Bottleneck Incident,[],[]
surge_accident,Max-Pressure (tuned),max_pressure,101,2,127.01,271.05,431.0,98.2,982,380.48,778.0,49.675,114.75,115,17.31,1.3,Oversaturated + Bottleneck Incident,[],[]
surge_accident,Max-Pressure (tuned),max_pressure,102,2,134.99,300.0,499.0,91.4,914,407.23,843.0,52.707,121.753,99,30.59,1.3,Oversaturated + Bottleneck Incident,[],[]
surge_accident,Max-Pressure (tuned),max_pressure,106,2,120.0,252.2,369.0,103.7,1037,351.61,700.0,46.318,106.996,128,10.45,1.3,Oversaturated + Bottleneck Incident,[],[]
surge_accident,Max-Pressure (tuned),max_pressure,103,2,126.84,264.35,358.0,100.4,1004,381.15,750.0,49.44,114.207,129,8.97,1.3,Oversaturated + Bottleneck Incident,[],[]
surge_accident,Max-Pressure (tuned),max_pressure,105,2,123.36,255.2,344.0,102.7,1027,369.13,732.0,48.221,111.39,121,10.59,1.3,Oversaturated + Bottleneck Incident,[],[]
surge_accident,Max-Pressure (tuned),max_pressure,104,2,130.65,295.0,434.0,95.3,953,397.31,848.0,52.288,120.786,118,21.14,1.3,Oversaturated + Bottleneck Incident,[],[]
surge_accident,Max-Pressure (tuned),max_pressure,108,2,128.4,270.15,340.0,104.1,1041,378.52,698.0,49.592,114.557,124,9.38,1.3,Oversaturated + Bottleneck Incident,[],[]
surge_accident,Max-Pressure (tuned),max_pressure,109,2,140.84,327.5,402.0,96.0,960,436.12,871.0,57.305,132.374,113,18.64,1.3,Oversaturated + Bottleneck Incident,[],[]
surge_accident,Max-Pressure (tuned),max_pressure,107,2,123.94,250.8,340.0,103.9,1039,377.7,746.0,49.162,113.564,124,9.26,1.3,Oversaturated + Bottleneck Incident,[],[]
surge_accident,Max-Pressure (tuned),max_pressure,111,2,126.17,258.0,389.0,99.3,993,379.6,757.0,49.065,113.341,122,11.92,1.3,Oversaturated + Bottleneck Incident,[],[]
surge_accident,Max-Pressure (tuned),max_pressure,110,2,128.37,292.0,394.0,96.1,961,384.75,782.0,49.722,114.858,119,19.47,1.3,Oversaturated + Bottleneck Incident,[],[]
surge_accident,Max-Pressure (tuned),max_pressure,112,2,132.61,282.0,432.0,95.4,954,394.71,800.0,51.542,119.063,112,14.83,1.3,Oversaturated + Bottleneck Incident,[],[]
surge_accident,Max-Pressure (tuned),max_pressure,114,2,138.1,295.4,419.0,96.4,964,420.59,829.0,55.026,127.109,106,20.92,1.3,Oversaturated + Bottleneck Incident,[],[]
surge_accident,Max-Pressure (tuned),max_pressure,113,2,134.28,293.0,377.0,99.1,991,406.07,802.0,53.505,123.596,125,13.81,1.3,Oversaturated + Bottleneck Incident,[],[]
surge_accident,Max-Pressure (tuned),max_pressure,116,2,120.87,239.0,357.0,105.0,1050,366.91,727.0,47.732,110.261,128,11.39,1.3,Oversaturated + Bottleneck Incident,[],[]
surge_accident,Max-Pressure (tuned),max_pressure,115,2,128.96,248.2,354.0,104.8,1048,393.39,749.0,51.498,118.959,131,8.43,1.3,Oversaturated + Bottleneck Incident,[],[]
surge_accident,Max-Pressure (tuned),max_pressure,117,2,137.94,295.0,424.0,95.2,952,424.01,849.0,55.205,127.523,113,16.3,1.3,Oversaturated + Bottleneck Incident,[],[]
surge_accident,Max-Pressure (tuned),max_pressure,118,2,128.94,260.0,396.0,101.9,1019,398.65,815.0,52.55,121.39,114,11.1,1.3,Oversaturated + Bottleneck Incident,[],[]
surge_accident,Max-Pressure (tuned),max_pressure,119,2,137.31,311.95,471.0,97.8,978,427.27,844.0,55.597,128.428,126,18.38,1.3,Oversaturated + Bottleneck Incident,[],[]
surge_accident,Hybrid (uncoupled),hybrid_bf,100,2,141.54,298.0,398.0,95.7,957,431.58,831.0,56.174,129.761,127,10.81,1.3,Oversaturated + Bottleneck Incident,[],[]
surge_accident,Hybrid (uncoupled),hybrid_bf,101,2,138.38,293.0,426.0,93.8,938,412.4,828.0,54.306,125.447,125,8.72,1.3,Oversaturated + Bottleneck Incident,[],[]
surge_accident,Hybrid (uncoupled),hybrid_bf,104,2,138.65,307.0,408.0,91.8,918,427.32,859.0,54.75,126.471,126,12.13,1.3,Oversaturated + Bottleneck Incident,[],[]
surge_accident,Hybrid (uncoupled),hybrid_bf,103,2,139.83,321.0,425.0,94.4,944,416.04,826.0,54.998,127.046,136,6.38,1.3,Oversaturated + Bottleneck Incident,[],[]
surge_accident,Hybrid (uncoupled),hybrid_bf,105,2,136.96,290.0,427.0,94.3,943,410.99,816.0,53.537,123.671,124,8.58,1.3,Oversaturated + Bottleneck Incident,[],[]
surge_accident,Hybrid (uncoupled),hybrid_bf,106,2,135.78,278.1,371.0,96.8,968,398.49,772.0,52.5,121.274,138,7.43,1.3,Oversaturated + Bottleneck Incident,[],[]
surge_accident,Hybrid (uncoupled),hybrid_bf,102,2,142.38,306.0,430.0,90.3,903,426.55,859.0,55.75,128.781,117,10.73,1.3,Oversaturated + Bottleneck Incident,[],[]
surge_accident,Hybrid (uncoupled),hybrid_bf,108,2,142.31,302.75,397.0,96.7,967,417.33,779.0,55.217,127.552,124,8.58,1.3,Oversaturated + Bottleneck Incident,[],[]
surge_accident,Hybrid (uncoupled),hybrid_bf,110,2,139.97,311.0,378.0,94.0,940,416.85,816.0,54.62,126.172,133,9.88,1.3,Oversaturated + Bottleneck Incident,[],[]
surge_accident,Hybrid (uncoupled),hybrid_bf,109,2,153.86,343.0,453.0,91.6,916,476.89,915.0,62.501,144.378,126,9.49,1.3,Oversaturated + Bottleneck Incident,[],[]
surge_accident,Hybrid (uncoupled),hybrid_bf,107,2,136.01,281.0,364.0,99.2,992,409.95,809.0,54.435,125.744,128,7.62,1.3,Oversaturated + Bottleneck Incident,[],[]
surge_accident,Hybrid (uncoupled),hybrid_bf,112,2,140.6,290.0,382.0,93.4,934,419.76,815.0,54.46,125.804,129,10.78,1.3,Oversaturated + Bottleneck Incident,[],[]
surge_accident,Hybrid (uncoupled),hybrid_bf,113,2,145.28,309.0,425.0,95.2,952,438.19,844.0,57.949,133.862,134,10.94,1.3,Oversaturated + Bottleneck Incident,[],[]
surge_accident,Hybrid (uncoupled),hybrid_bf,115,2,138.44,284.55,378.0,98.6,986,424.79,805.0,55.068,127.208,136,9.6,1.3,Oversaturated + Bottleneck Incident,[],[]
surge_accident,Hybrid (uncoupled),hybrid_bf,114,2,150.41,320.7,433.0,92.9,929,458.64,858.0,59.73,137.975,123,9.45,1.3,Oversaturated + Bottleneck Incident,[],[]
surge_accident,Hybrid (uncoupled),hybrid_bf,111,2,136.25,295.0,414.0,97.3,973,405.13,794.0,53.503,123.591,134,7.95,1.3,Oversaturated + Bottleneck Incident,[],[]
surge_accident,Hybrid (uncoupled),hybrid_bf,119,2,144.76,320.95,434.0,97.5,975,446.71,853.0,58.804,135.837,139,9.06,1.3,Oversaturated + Bottleneck Incident,[],[]
surge_accident,Hybrid (uncoupled),hybrid_bf,117,2,148.02,326.2,424.0,90.3,903,458.44,888.0,58.848,135.938,126,10.29,1.3,Oversaturated + Bottleneck Incident,[],[]
surge_accident,Hybrid (uncoupled),hybrid_bf,118,2,140.03,297.0,397.0,97.2,972,434.17,858.0,56.947,131.548,126,8.91,1.3,Oversaturated + Bottleneck Incident,[],[]
surge_accident,Hybrid Controller (Brute-Force),hybrid_bf,100,2,121.21,236.0,295.0,111.2,1112,370.46,664.0,47.839,110.508,134,8.76,1.3,Oversaturated + Bottleneck Incident,[],[]
surge_accident,Hybrid (uncoupled),hybrid_bf,116,2,134.59,277.0,428.0,99.7,997,404.76,798.0,53.686,124.014,126,8.97,1.3,Oversaturated + Bottleneck Incident,[],[]
surge_accident,Hybrid Controller (Brute-Force),hybrid_bf,101,2,123.4,242.0,314.0,107.7,1077,371.64,680.0,48.015,110.914,130,8.29,1.3,Oversaturated + Bottleneck Incident,[],[]
surge_accident,Hybrid Controller (Brute-Force),hybrid_bf,102,2,117.32,250.0,340.0,109.4,1094,356.04,667.0,45.808,105.816,116,9.66,1.3,Oversaturated + Bottleneck Incident,[],[]
surge_accident,Hybrid Controller (Brute-Force),hybrid_bf,103,2,120.35,242.0,310.0,109.8,1098,360.77,647.0,46.669,107.805,138,8.07,1.3,Oversaturated + Bottleneck Incident,[],[]
surge_accident,Hybrid Controller (Brute-Force),hybrid_bf,104,2,120.35,230.0,280.0,110.1,1101,368.39,688.0,47.794,110.403,140,8.2,1.3,Oversaturated + Bottleneck Incident,[],[]
surge_accident,Hybrid Controller (Brute-Force),hybrid_bf,107,2,119.35,237.5,309.0,110.6,1106,363.25,665.0,46.969,108.499,134,7.83,1.3,Oversaturated + Bottleneck Incident,[],[]
surge_accident,Hybrid Controller (Brute-Force),hybrid_bf,105,2,119.34,231.0,311.0,110.9,1109,360.5,651.0,46.516,107.452,132,7.28,1.3,Oversaturated + Bottleneck Incident,[],[]
surge_accident,Hybrid Controller (Brute-Force),hybrid_bf,108,2,119.49,237.5,304.0,110.9,1109,356.37,628.0,45.966,106.18,130,9.29,1.3,Oversaturated + Bottleneck Incident,[],[]
surge_accident,Hybrid Controller (Brute-Force),hybrid_bf,111,2,119.08,227.0,331.0,109.9,1099,356.59,643.0,46.096,106.483,132,8.47,1.3,Oversaturated + Bottleneck Incident,[],[]
surge_accident,Hybrid Controller (Brute-Force),hybrid_bf,106,2,113.28,225.8,316.0,109.3,1093,336.29,639.0,43.424,100.31,134,7.64,1.3,Oversaturated + Bottleneck Incident,[],[]
surge_accident,Hybrid Controller (Brute-Force),hybrid_bf,112,2,121.95,245.0,329.0,108.1,1081,362.81,654.0,46.966,108.49,124,8.48,1.3,Oversaturated + Bottleneck Incident,[],[]
surge_accident,Hybrid Controller (Brute-Force),hybrid_bf,109,2,130.27,260.65,323.0,109.5,1095,405.01,713.0,52.341,120.908,132,8.51,1.3,Oversaturated + Bottleneck Incident,[],[]
surge_accident,Hybrid Controller (Brute-Force),hybrid_bf,113,2,129.01,258.0,308.0,108.9,1089,392.1,681.0,50.742,117.215,142,7.89,1.3,Oversaturated + Bottleneck Incident,[],[]
surge_accident,Hybrid Controller (Brute-Force),hybrid_bf,114,2,127.25,249.7,336.0,110.8,1108,392.21,687.0,50.532,116.728,128,7.39,1.3,Oversaturated + Bottleneck Incident,[],[]
surge_accident,Hybrid Controller (Brute-Force),hybrid_bf,110,2,117.78,234.75,300.0,110.6,1106,353.69,645.0,45.697,105.56,142,7.11,1.3,Oversaturated + Bottleneck Incident,[],[]
surge_accident,Hybrid Controller (Brute-Force),hybrid_bf,115,2,125.03,241.0,315.0,110.4,1104,382.6,676.0,49.458,114.247,140,8.29,1.3,Oversaturated + Bottleneck Incident,[],[]
surge_accident,Hybrid Controller (Brute-Force),hybrid_bf,117,2,124.18,234.0,282.0,111.6,1116,381.84,673.0,49.37,114.044,138,5.79,1.3,Oversaturated + Bottleneck Incident,[],[]
balanced,Fixed-Timing Baseline,fixed,100,3,131.75,243.0,279.0,120.0,1200,475.19,890.0,61.191,141.351,114,6.96,1.4,Oversaturated (Unbounded Queues),[],[]
surge_accident,Hybrid Controller (Brute-Force),hybrid_bf,116,2,117.61,229.8,310.0,110.5,1105,356.98,660.0,46.13,106.56,134,8.02,1.3,Oversaturated + Bottleneck Incident,[],[]
balanced,Fixed-Timing Baseline,fixed,102,3,127.67,239.0,285.0,118.8,1188,455.68,878.0,58.615,135.401,114,7.57,1.4,Oversaturated (Unbounded Queues),[],[]
surge_accident,Hybrid Controller (Brute-Force),hybrid_bf,118,2,122.41,247.0,324.0,110.9,1109,381.32,702.0,49.236,113.734,136,8.19,1.3,Oversaturated + Bottleneck Incident,[],[]
balanced,Fixed-Timing Baseline,fixed,101,3,118.94,226.0,261.0,120.1,1201,410.55,795.0,52.755,121.864,114,7.64,1.4,Oversaturated (Unbounded Queues),[],[]
surge_accident,Hybrid Controller (Brute-Force),hybrid_bf,119,2,133.27,269.0,341.0,107.0,1070,414.25,739.0,53.545,123.689,142,8.38,1.3,Oversaturated + Bottleneck Incident,[],[]
balanced,Fixed-Timing Baseline,fixed,103,3,128.87,242.0,295.0,119.7,1197,448.8,824.0,57.878,133.698,114,9.16,1.4,Oversaturated (Unbounded Queues),[],[]
balanced,Fixed-Timing Baseline,fixed,104,3,126.86,240.0,281.0,121.1,1211,451.71,853.0,58.184,134.406,114,7.61,1.4,Oversaturated (Unbounded Queues),[],[]
balanced,Fixed-Timing Baseline,fixed,105,3,132.03,243.0,281.0,120.0,1200,473.07,879.0,60.996,140.9,114,6.27,1.4,Oversaturated (Unbounded Queues),[],[]
balanced,Fixed-Timing Baseline,fixed,106,3,126.13,223.0,270.0,119.7,1197,439.44,824.0,56.646,130.853,114,7.74,1.4,Oversaturated (Unbounded Queues),[],[]
balanced,Fixed-Timing Baseline,fixed,107,3,128.51,236.5,274.0,119.6,1196,453.86,855.0,58.574,135.306,114,6.27,1.4,Oversaturated (Unbounded Queues),[],[]
balanced,Fixed-Timing Baseline,fixed,109,3,136.56,249.7,289.0,119.1,1191,486.6,876.0,62.726,144.896,114,7.69,1.4,Oversaturated (Unbounded Queues),[],[]
balanced,Fixed-Timing Baseline,fixed,108,3,128.09,239.5,293.0,119.2,1192,449.28,839.0,57.813,133.547,114,7.47,1.4,Oversaturated (Unbounded Queues),[],[]
balanced,Fixed-Timing Baseline,fixed,110,3,125.02,233.0,280.0,120.2,1202,439.98,838.0,56.678,130.925,114,7.82,1.4,Oversaturated (Unbounded Queues),[],[]
balanced,Fixed-Timing Baseline,fixed,111,3,126.49,234.0,284.0,120.2,1202,454.67,880.0,58.524,135.189,114,8.49,1.4,Oversaturated (Unbounded Queues),[],[]
balanced,Fixed-Timing Baseline,fixed,112,3,131.46,242.0,298.0,118.7,1187,470.1,888.0,60.588,139.958,114,7.58,1.4,Oversaturated (Unbounded Queues),[],[]
balanced,Fixed-Timing Baseline,fixed,114,3,130.61,237.0,274.0,119.9,1199,457.62,830.0,58.889,136.034,114,6.95,1.4,Oversaturated (Unbounded Queues),[],[]
balanced,Fixed-Timing Baseline,fixed,115,3,133.46,242.0,281.0,118.7,1187,475.49,880.0,61.305,141.614,114,8.02,1.4,Oversaturated (Unbounded Queues),[],[]
balanced,Fixed-Timing Baseline,fixed,116,3,129.36,238.0,275.0,119.5,1195,466.64,899.0,60.195,139.051,114,9.31,1.4,Oversaturated (Unbounded Queues),[],[]
balanced,Fixed-Timing Baseline,fixed,117,3,135.41,243.0,290.0,119.4,1194,490.81,909.0,63.282,146.181,114,8.05,1.4,Oversaturated (Unbounded Queues),[],[]
balanced,Fixed-Timing Baseline,fixed,118,3,134.14,245.0,282.0,119.7,1197,490.31,922.0,63.164,145.908,114,7.55,1.4,Oversaturated (Unbounded Queues),[],[]
balanced,Fixed-Timing Baseline,fixed,119,3,132.35,252.0,303.0,118.8,1188,472.17,885.0,60.968,140.835,114,7.24,1.4,Oversaturated (Unbounded Queues),[],[]
balanced,Fixed (tuned),fixed,101,3,100.98,380.25,445.0,131.0,1310,363.82,686.0,44.792,103.47,114,9.26,1.4,Oversaturated (Unbounded Queues),[],[]
balanced,Fixed (tuned),fixed,102,3,108.99,381.0,448.0,131.1,1311,403.26,756.0,50.038,115.587,114,9.69,1.4,Oversaturated (Unbounded Queues),[],[]
balanced,Fixed (tuned),fixed,100,3,110.03,402.55,467.0,134.4,1344,412.63,748.0,51.103,118.048,114,9.29,1.4,Oversaturated (Unbounded Queues),[],[]
balanced,Fixed-Timing Baseline,fixed,113,3,133.26,247.4,290.0,120.3,1203,484.51,910.0,62.571,144.539,114,7.66,1.4,Oversaturated (Unbounded Queues),[],[]
balanced,Fixed (tuned),fixed,103,3,106.5,392.0,452.0,132.6,1326,387.39,696.0,47.831,110.49,114,10.21,1.4,Oversaturated (Unbounded Queues),[],[]
balanced,Fixed (tuned),fixed,104,3,104.86,390.0,456.0,134.7,1347,389.62,718.0,48.097,111.104,114,9.11,1.4,Oversaturated (Unbounded Queues),[],[]
balanced,Fixed (tuned),fixed,105,3,106.7,393.0,457.0,135.3,1353,398.52,728.0,49.295,113.871,114,8.59,1.4,Oversaturated (Unbounded Queues),[],[]
balanced,Fixed (tuned),fixed,106,3,104.09,395.0,455.0,133.3,1333,379.62,690.0,46.748,107.988,114,9.7,1.4,Oversaturated (Unbounded Queues),[],[]
balanced,Fixed (tuned),fixed,107,3,104.11,383.0,452.0,134.9,1349,384.18,706.0,47.452,109.615,114,8.31,1.4,Oversaturated (Unbounded Queues),[],[]
balanced,Fixed (tuned),fixed,109,3,110.43,396.7,478.0,135.1,1351,409.79,726.0,50.725,117.174,114,9.71,1.4,Oversaturated (Unbounded Queues),[],[]
balanced,Fixed (tuned),fixed,108,3,109.03,387.5,464.0,130.4,1304,397.98,731.0,49.208,113.67,114,9.73,1.4,Oversaturated (Unbounded Queues),[],[]
balanced,Fixed (tuned),fixed,113,3,106.06,389.0,458.0,137.6,1376,402.14,739.0,49.8,115.039,114,9.04,1.4,Oversaturated (Unbounded Queues),[],[]
balanced,Fixed (tuned),fixed,114,3,107.78,395.0,458.0,133.2,1332,393.38,701.0,48.598,112.262,114,10.07,1.4,Oversaturated (Unbounded Queues),[],[]
balanced,Fixed (tuned),fixed,110,3,104.42,396.05,464.0,133.6,1336,384.43,704.0,47.337,109.349,114,9.65,1.4,Oversaturated (Unbounded Queues),[],[]
balanced,Fixed (tuned),fixed,111,3,106.67,388.0,452.0,133.9,1339,398.82,743.0,49.355,114.009,114,9.28,1.4,Oversaturated (Unbounded Queues),[],[]
balanced,Fixed (tuned),fixed,112,3,109.48,384.35,462.0,133.8,1338,407.17,743.0,50.458,116.558,114,9.31,1.4,Oversaturated (Unbounded Queues),[],[]
balanced,Fixed (tuned),fixed,115,3,112.43,396.0,454.0,132.7,1327,416.33,745.0,51.641,119.29,114,9.97,1.4,Oversaturated (Unbounded Queues),[],[]
balanced,Fixed (tuned),fixed,117,3,108.84,399.0,454.0,136.6,1366,411.02,741.0,50.865,117.498,114,8.86,1.4,Oversaturated (Unbounded Queues),[],[]
balanced,Fixed (tuned),fixed,116,3,106.28,390.35,464.0,134.5,1345,399.81,751.0,49.457,114.245,114,10.37,1.4,Oversaturated (Unbounded Queues),[],[]
balanced,Fixed (tuned),fixed,118,3,110.51,399.0,464.0,135.1,1351,419.85,768.0,52.036,120.204,114,9.6,1.4,Oversaturated (Unbounded Queues),[],[]
balanced,Fixed (tuned),fixed,119,3,109.1,384.4,459.0,134.0,1340,405.25,733.0,50.259,116.099,114,9.92,1.4,Oversaturated (Unbounded Queues),[],[]
balanced,Rule-Based (tuned),rule_based,101,3,123.31,260.0,300.0,115.2,1152,424.39,849.0,54.831,126.659,104,9.27,1.4,Oversaturated (Unbounded Queues),[],[]
balanced,Rule-Based (tuned),rule_based,104,3,129.47,280.6,353.0,118.1,1181,454.37,908.0,60.103,138.838,99,9.87,1.4,Oversaturated (Unbounded Queues),[],[]
balanced,Rule-Based (tuned),rule_based,100,3,139.75,289.3,352.0,113.0,1130,496.66,985.0,65.685,151.732,97,9.92,1.4,Oversaturated (Unbounded Queues),[],[]
balanced,Rule-Based (tuned),rule_based,105,3,137.84,287.0,345.0,112.1,1121,494.48,963.0,63.834,147.456,100,9.15,1.4,Oversaturated (Unbounded Queues),[],[]
balanced,Rule-Based (tuned),rule_based,103,3,128.74,272.0,329.0,113.8,1138,451.26,888.0,57.962,133.892,99,8.99,1.4,Oversaturated (Unbounded Queues),[],[]
balanced,Rule-Based (tuned),rule_based,102,3,138.33,299.75,389.0,100.4,1004,490.41,1082.0,64.122,148.121,86,13.23,1.4,Oversaturated (Unbounded Queues),[],[]
balanced,Rule-Based (tuned),rule_based,106,3,127.24,262.0,324.0,117.1,1171,438.96,869.0,57.68,133.242,102,8.19,1.4,Oversaturated (Unbounded Queues),[],[]
balanced,Rule-Based (tuned),rule_based,107,3,130.12,267.0,319.0,115.1,1151,458.6,911.0,59.624,137.73,99,9.94,1.4,Oversaturated (Unbounded Queues),[],[]
balanced,Rule-Based (tuned),rule_based,108,3,134.43,273.0,348.0,115.0,1150,465.43,901.0,61.27,141.533,100,10.4,1.4,Oversaturated (Unbounded Queues),[],[]
balanced,Rule-Based (tuned),rule_based,109,3,141.14,284.0,342.0,113.9,1139,498.65,949.0,65.491,151.283,101,8.66,1.4,Oversaturated (Unbounded Queues),[],[]
balanced,Rule-Based (tuned),rule_based,110,3,130.46,270.0,366.0,115.6,1156,457.32,899.0,59.577,137.623,101,9.19,1.4,Oversaturated (Unbounded Queues),[],[]
balanced,Rule-Based (tuned),rule_based,111,3,128.37,261.4,319.0,119.0,1190,459.57,903.0,59.708,137.926,106,8.82,1.4,Oversaturated (Unbounded Queues),[],[]
balanced,Rule-Based (tuned),rule_based,113,3,141.56,302.0,366.0,111.2,1112,510.3,1021.0,67.101,155.003,94,12.8,1.4,Oversaturated (Unbounded Queues),[],[]
balanced,Rule-Based (tuned),rule_based,112,3,142.06,304.0,357.0,109.0,1090,502.26,1008.0,66.104,152.7,92,9.78,1.4,Oversaturated (Unbounded Queues),[],[]
balanced,Rule-Based (tuned),rule_based,116,3,129.61,254.0,352.0,116.5,1165,465.2,945.0,60.771,140.38,98,10.72,1.4,Oversaturated (Unbounded Queues),[],[]
balanced,Rule-Based (tuned),rule_based,114,3,138.02,292.0,362.0,110.6,1106,480.77,939.0,62.722,144.888,95,11.68,1.4,Oversaturated (Unbounded Queues),[],[]
balanced,Rule-Based (tuned),rule_based,115,3,139.76,295.45,414.0,110.3,1103,490.73,989.0,64.971,150.083,94,13.35,1.4,Oversaturated (Unbounded Queues),[],[]
balanced,Rule-Based (tuned),rule_based,117,3,138.55,289.8,354.0,118.0,1180,495.99,943.0,65.364,150.992,102,9.21,1.4,Oversaturated (Unbounded Queues),[],[]
balanced,Rule-Based (tuned),rule_based,118,3,136.96,274.0,354.0,115.3,1153,494.28,986.0,65.104,150.39,101,10.44,1.4,Oversaturated (Unbounded Queues),[],[]
balanced,Rule-Based (tuned),rule_based,119,3,140.6,305.9,396.0,108.5,1085,501.66,998.0,65.082,150.34,93,10.87,1.4,Oversaturated (Unbounded Queues),[],[]
balanced,Max-Pressure (tuned),max_pressure,100,3,133.89,286.0,347.0,118.7,1187,477.17,918.0,62.631,144.678,99,7.9,1.4,Oversaturated (Unbounded Queues),[],[]
balanced,Max-Pressure (tuned),max_pressure,101,3,121.7,246.0,285.0,119.4,1194,416.77,812.0,54.251,125.32,106,9.42,1.4,Oversaturated (Unbounded Queues),[],[]
balanced,Max-Pressure (tuned),max_pressure,102,3,130.24,276.0,322.0,112.6,1126,464.3,945.0,59.94,138.461,101,9.67,1.4,Oversaturated (Unbounded Queues),[],[]
balanced,Max-Pressure (tuned),max_pressure,103,3,125.34,268.0,315.0,119.0,1190,440.39,831.0,56.294,130.038,101,8.5,1.4,Oversaturated (Unbounded Queues),[],[]
balanced,Max-Pressure (tuned),max_pressure,105,3,128.01,273.1,334.0,121.2,1212,460.88,867.0,59.141,136.616,101,8.89,1.4,Oversaturated (Unbounded Queues),[],[]
balanced,Max-Pressure (tuned),max_pressure,104,3,128.64,278.0,353.0,119.5,1195,451.44,894.0,59.716,137.944,101,9.9,1.4,Oversaturated (Unbounded Queues),[],[]
balanced,Max-Pressure (tuned),max_pressure,106,3,124.77,263.75,314.0,118.6,1186,434.49,841.0,56.175,129.765,103,7.97,1.4,Oversaturated (Unbounded Queues),[],[]
balanced,Max-Pressure (tuned),max_pressure,107,3,123.69,251.5,316.0,119.9,1199,440.44,852.0,56.375,130.225,102,7.86,1.4,Oversaturated (Unbounded Queues),[],[]
balanced,Max-Pressure (tuned),max_pressure,108,3,130.5,270.0,329.0,117.7,1177,453.98,864.0,59.189,136.726,103,10.43,1.4,Oversaturated (Unbounded Queues),[],[]
balanced,Max-Pressure (tuned),max_pressure,109,3,135.14,271.0,315.0,120.4,1204,480.82,873.0,62.223,143.735,105,8.38,1.4,Oversaturated (Unbounded Queues),[],[]
balanced,Max-Pressure (tuned),max_pressure,110,3,126.23,273.3,363.0,118.3,1183,442.52,872.0,57.644,133.159,100,9.77,1.4,Oversaturated (Unbounded Queues),[],[]
balanced,Max-Pressure (tuned),max_pressure,111,3,125.76,255.0,318.0,122.3,1223,447.93,869.0,58.465,135.053,104,7.91,1.4,Oversaturated (Unbounded Queues),[],[]
balanced,Max-Pressure (tuned),max_pressure,112,3,133.41,285.05,340.0,115.2,1152,476.93,929.0,61.665,142.445,97,9.83,1.4,Oversaturated (Unbounded Queues),[],[]
balanced,Max-Pressure (tuned),max_pressure,114,3,130.95,269.0,323.0,119.9,1199,457.56,835.0,59.187,136.723,105,8.06,1.4,Oversaturated (Unbounded Queues),[],[]
balanced,Max-Pressure (tuned),max_pressure,113,3,133.77,269.0,330.0,121.1,1211,484.82,913.0,63.139,145.85,99,9.78,1.4,Oversaturated (Unbounded Queues),[],[]
balanced,Max-Pressure (tuned),max_pressure,116,3,124.87,250.0,321.0,120.0,1200,453.64,894.0,58.106,134.226,99,10.51,1.4,Oversaturated (Unbounded Queues),[],[]
balanced,Max-Pressure (tuned),max_pressure,115,3,133.0,276.0,348.0,118.7,1187,470.0,893.0,61.388,141.807,102,9.33,1.4,Oversaturated (Unbounded Queues),[],[]
balanced,Max-Pressure (tuned),max_pressure,117,3,136.26,296.0,354.0,120.5,1205,487.75,918.0,64.285,148.498,102,9.07,1.4,Oversaturated (Unbounded Queues),[],[]
balanced,Max-Pressure (tuned),max_pressure,118,3,134.87,267.0,343.0,116.8,1168,491.52,956.0,63.659,147.053,105,9.34,1.4,Oversaturated (Unbounded Queues),[],[]
balanced,Max-Pressure (tuned),max_pressure,119,3,132.48,279.4,351.0,119.8,1198,467.67,895.0,61.617,142.336,99,8.24,1.4,Oversaturated (Unbounded Queues),[],[]
balanced,Hybrid (uncoupled),hybrid_bf,101,3,135.27,298.0,371.0,102.4,1024,465.29,982.0,60.301,139.295,124,5.47,1.4,Oversaturated (Unbounded Queues),[],[]
balanced,Hybrid (uncoupled),hybrid_bf,100,3,149.21,335.0,403.0,98.7,987,537.02,1113.0,69.632,160.85,117,8.13,1.4,Oversaturated (Unbounded Queues),[],[]
balanced,Hybrid (uncoupled),hybrid_bf,103,3,141.76,316.0,368.0,102.5,1025,491.54,1016.0,64.295,148.522,121,6.95,1.4,Oversaturated (Unbounded Queues),[],[]
balanced,Hybrid (uncoupled),hybrid_bf,104,3,138.97,311.1,379.0,106.7,1067,492.96,1012.0,64.202,148.308,115,8.85,1.4,Oversaturated (Unbounded Queues),[],[]
balanced,Hybrid (uncoupled),hybrid_bf,105,3,142.68,315.0,373.0,105.6,1056,510.08,1038.0,66.393,153.368,119,6.61,1.4,Oversaturated (Unbounded Queues),[],[]
balanced,Hybrid (uncoupled),hybrid_bf,102,3,150.36,324.0,406.0,94.1,941,534.89,1135.0,69.365,160.234,111,9.1,1.4,Oversaturated (Unbounded Queues),[],[]
balanced,Hybrid (uncoupled),hybrid_bf,107,3,135.53,292.0,352.0,106.7,1067,478.98,994.0,62.072,143.386,111,7.28,1.4,Oversaturated (Unbounded Queues),[],[]
balanced,Hybrid (uncoupled),hybrid_bf,106,3,138.97,304.25,374.0,103.0,1030,482.66,1006.0,62.874,145.239,124,7.55,1.4,Oversaturated (Unbounded Queues),[],[]
balanced,Hybrid (uncoupled),hybrid_bf,108,3,136.93,293.75,358.0,110.1,1101,474.96,945.0,62.259,143.818,116,8.2,1.4,Oversaturated (Unbounded Queues),[],[]
balanced,Hybrid (uncoupled),hybrid_bf,110,3,136.63,305.0,384.0,105.2,1052,480.13,1003.0,62.396,144.135,118,8.06,1.4,Oversaturated (Unbounded Queues),[],[]
balanced,Hybrid (uncoupled),hybrid_bf,109,3,149.88,316.0,373.0,106.6,1066,526.76,1026.0,69.675,160.95,116,8.82,1.4,Oversaturated (Unbounded Queues),[],[]
balanced,Hybrid (uncoupled),hybrid_bf,112,3,157.55,353.0,430.0,95.5,955,555.53,1145.0,73.488,169.757,110,8.59,1.4,Oversaturated (Unbounded Queues),[],[]
balanced,Hybrid (uncoupled),hybrid_bf,115,3,138.8,300.7,388.0,110.6,1106,488.54,983.0,64.372,148.699,127,8.27,1.4,Oversaturated (Unbounded Queues),[],[]
balanced,Hybrid (uncoupled),hybrid_bf,111,3,128.91,279.45,336.0,115.9,1159,461.42,933.0,59.931,138.441,122,7.67,1.4,Oversaturated (Unbounded Queues),[],[]
balanced,Hybrid (uncoupled),hybrid_bf,114,3,147.87,327.1,396.0,101.4,1014,509.15,1045.0,67.66,156.295,119,7.69,1.4,Oversaturated (Unbounded Queues),[],[]
balanced,Hybrid (uncoupled),hybrid_bf,117,3,146.79,318.0,403.0,105.9,1059,531.91,1054.0,68.924,159.214,114,8.37,1.4,Oversaturated (Unbounded Queues),[],[]
balanced,Hybrid (uncoupled),hybrid_bf,116,3,134.02,284.0,363.0,112.0,1120,483.49,980.0,62.511,144.401,119,6.74,1.4,Oversaturated (Unbounded Queues),[],[]
balanced,Hybrid (uncoupled),hybrid_bf,118,3,142.62,304.0,355.0,107.7,1077,518.39,1057.0,67.636,156.238,128,6.92,1.4,Oversaturated (Unbounded Queues),[],[]
balanced,Hybrid (uncoupled),hybrid_bf,113,3,147.83,327.3,403.0,103.5,1035,536.37,1093.0,69.907,161.484,115,7.68,1.4,Oversaturated (Unbounded Queues),[],[]
balanced,Hybrid (uncoupled),hybrid_bf,119,3,146.56,336.0,409.0,100.5,1005,522.77,1078.0,67.841,156.713,117,8.21,1.4,Oversaturated (Unbounded Queues),[],[]
balanced,Hybrid Controller (Brute-Force),hybrid_bf,100,3,135.55,271.0,326.0,115.7,1157,491.0,935.0,62.954,145.423,186,5.61,1.4,Oversaturated (Unbounded Queues),[],[]
balanced,Hybrid Controller (Brute-Force),hybrid_bf,101,3,119.85,250.75,286.0,120.3,1203,410.09,804.0,53.428,123.418,168,5.75,1.4,Oversaturated (Unbounded Queues),[],[]
balanced,Hybrid Controller (Brute-Force),hybrid_bf,102,3,132.39,262.0,305.0,116.0,1160,468.7,916.0,61.074,141.081,164,6.34,1.4,Oversaturated (Unbounded Queues),[],[]
balanced,Hybrid Controller (Brute-Force),hybrid_bf,104,3,130.11,268.85,344.0,118.7,1187,467.68,877.0,59.678,137.857,184,5.96,1.4,Oversaturated (Unbounded Queues),[],[]
balanced,Hybrid Controller (Brute-Force),hybrid_bf,105,3,133.22,277.1,327.0,118.7,1187,480.41,894.0,61.546,142.171,174,4.96,1.4,Oversaturated (Unbounded Queues),[],[]
balanced,Hybrid Controller (Brute-Force),hybrid_bf,103,3,127.45,259.0,314.0,118.7,1187,447.61,834.0,57.241,132.226,186,5.39,1.4,Oversaturated (Unbounded Queues),[],[]
balanced,Hybrid Controller (Brute-Force),hybrid_bf,106,3,132.55,275.0,326.0,116.9,1169,458.25,866.0,59.824,138.192,192,5.05,1.4,Oversaturated (Unbounded Queues),[],[]
balanced,Hybrid Controller (Brute-Force),hybrid_bf,107,3,124.63,243.0,293.0,122.6,1226,443.7,829.0,56.802,131.212,162,5.75,1.4,Oversaturated (Unbounded Queues),[],[]
balanced,Hybrid Controller (Brute-Force),hybrid_bf,108,3,132.69,257.0,334.0,115.9,1159,467.51,872.0,59.89,138.345,174,5.81,1.4,Oversaturated (Unbounded Queues),[],[]
balanced,Hybrid Controller (Brute-Force),hybrid_bf,109,3,137.97,258.0,314.0,118.8,1188,493.6,889.0,63.376,146.398,172,5.94,1.4,Oversaturated (Unbounded Queues),[],[]
balanced,Hybrid Controller (Brute-Force),hybrid_bf,110,3,131.06,284.0,352.0,117.6,1176,457.48,874.0,59.706,137.922,184,6.29,1.4,Oversaturated (Unbounded Queues),[],[]
balanced,Hybrid Controller (Brute-Force),hybrid_bf,111,3,129.43,263.0,317.0,120.9,1209,461.0,884.0,60.168,138.989,168,6.42,1.4,Oversaturated (Unbounded Queues),[],[]
balanced,Hybrid Controller (Brute-Force),hybrid_bf,112,3,134.02,276.0,325.0,116.3,1163,475.95,930.0,62.064,143.369,168,5.77,1.4,Oversaturated (Unbounded Queues),[],[]
balanced,Hybrid Controller (Brute-Force),hybrid_bf,113,3,131.69,270.4,314.0,123.5,1235,482.15,880.0,61.835,142.839,150,7.09,1.4,Oversaturated (Unbounded Queues),[],[]
balanced,Hybrid Controller (Brute-Force),hybrid_bf,115,3,130.47,278.0,331.0,121.5,1215,460.83,869.0,60.22,139.107,168,5.73,1.4,Oversaturated (Unbounded Queues),[],[]
moderate_load,Fixed-Timing Baseline,fixed,100,3,37.68,68.0,97.0,98.2,982,67.48,96.0,8.867,20.484,114,6.96,0.72,Bounded (75-80% Saturation),[],[]
balanced,Hybrid Controller (Brute-Force),hybrid_bf,117,3,140.36,293.0,347.0,116.3,1163,512.76,944.0,65.593,151.519,190,4.84,1.4,Oversaturated (Unbounded Queues),[],[]
balanced,Hybrid Controller (Brute-Force),hybrid_bf,116,3,134.5,267.35,347.0,116.6,1166,488.97,930.0,62.585,144.572,196,5.03,1.4,Oversaturated (Unbounded Queues),[],[]
balanced,Hybrid Controller (Brute-Force),hybrid_bf,114,3,131.11,256.6,297.0,120.4,1204,461.12,826.0,59.115,136.556,170,5.24,1.4,Oversaturated (Unbounded Queues),[],[]
moderate_load,Fixed-Timing Baseline,fixed,103,3,38.62,68.0,93.0,96.0,960,68.3,104.0,8.926,20.62,114,9.16,0.72,Bounded (75-80% Saturation),[],[]
moderate_load,Fixed-Timing Baseline,fixed,101,3,37.39,66.0,79.0,96.1,961,66.03,95.0,8.657,19.998,114,7.64,0.72,Bounded (75-80% Saturation),[],[]
moderate_load,Fixed-Timing Baseline,fixed,102,3,38.5,70.0,94.0,95.9,959,66.59,109.0,8.769,20.256,114,7.57,0.72,Bounded (75-80% Saturation),[],[]
balanced,Hybrid Controller (Brute-Force),hybrid_bf,118,3,136.44,271.0,326.0,119.5,1195,494.5,936.0,64.55,149.112,180,5.22,1.4,Oversaturated (Unbounded Queues),[],[]
moderate_load,Fixed-Timing Baseline,fixed,104,3,38.08,70.0,112.0,97.1,971,68.14,113.0,8.952,20.68,114,7.61,0.72,Bounded (75-80% Saturation),[],[]
moderate_load,Fixed-Timing Baseline,fixed,105,3,37.12,65.0,82.0,97.1,971,65.38,105.0,8.595,19.855,114,6.27,0.72,Bounded (75-80% Saturation),[],[]
moderate_load,Fixed-Timing Baseline,fixed,106,3,38.96,69.0,102.0,93.8,938,66.2,102.0,8.719,20.141,114,7.74,0.72,Bounded (75-80% Saturation),[],[]
balanced,Hybrid Controller (Brute-Force),hybrid_bf,119,3,132.84,273.0,352.0,117.1,1171,478.08,902.0,61.194,141.358,186,5.3,1.4,Oversaturated (Unbounded Queues),[],[]
moderate_load,Fixed-Timing Baseline,fixed,107,3,38.57,67.0,84.0,97.0,970,67.69,101.0,8.853,20.451,114,6.27,0.72,Bounded (75-80% Saturation),[],[]
moderate_load,Fixed-Timing Baseline,fixed,108,3,41.82,79.0,111.0,95.8,958,72.06,105.0,9.49,21.921,114,7.47,0.72,Bounded (75-80% Saturation),[],[]
moderate_load,Fixed-Timing Baseline,fixed,109,3,39.11,68.0,98.0,99.0,990,69.2,100.0,9.17,21.182,114,7.69,0.72,Bounded (75-80% Saturation),[],[]
moderate_load,Fixed-Timing Baseline,fixed,110,3,37.64,68.0,97.0,97.0,970,66.07,113.0,8.707,20.113,114,7.82,0.72,Bounded (75-80% Saturation),[],[]
moderate_load,Fixed-Timing Baseline,fixed,112,3,36.98,67.0,85.0,95.2,952,64.5,101.0,8.406,19.418,114,7.58,0.72,Bounded (75-80% Saturation),[],[]
moderate_load,Fixed-Timing Baseline,fixed,111,3,40.07,70.0,90.0,98.6,986,72.43,109.0,9.483,21.906,114,8.49,0.72,Bounded (75-80% Saturation),[],[]
moderate_load,Fixed-Timing Baseline,fixed,114,3,38.38,66.0,83.0,97.1,971,66.53,105.0,8.751,20.215,114,6.95,0.72,Bounded (75-80% Saturation),[],[]
moderate_load,Fixed-Timing Baseline,fixed,113,3,39.75,70.0,93.0,98.9,989,71.13,108.0,9.416,21.751,114,7.66,0.72,Bounded (75-80% Saturation),[],[]
moderate_load,Fixed-Timing Baseline,fixed,116,3,37.53,68.0,88.0,97.0,970,66.58,106.0,8.79,20.304,114,9.31,0.72,Bounded (75-80% Saturation),[],[]
moderate_load,Fixed-Timing Baseline,fixed,115,3,41.06,72.0,96.0,97.0,970,72.56,113.0,9.572,22.11,114,8.02,0.72,Bounded (75-80% Saturation),[],[]
moderate_load,Fixed-Timing Baseline,fixed,117,3,37.44,68.0,87.0,97.3,973,65.95,102.0,8.694,20.084,114,8.05,0.72,Bounded (75-80% Saturation),[],[]
moderate_load,Fixed-Timing Baseline,fixed,118,3,38.25,69.0,83.0,99.4,994,71.11,115.0,9.307,21.499,114,7.55,0.72,Bounded (75-80% Saturation),[],[]
moderate_load,Fixed (tuned),fixed,100,3,33.63,65.0,93.0,99.3,993,60.41,88.0,7.966,18.402,102,9.98,0.72,Bounded (75-80% Saturation),[],[]
moderate_load,Fixed (tuned),fixed,101,3,33.58,62.0,78.0,97.2,972,60.02,97.0,7.925,18.307,102,8.31,0.72,Bounded (75-80% Saturation),[],[]
moderate_load,Fixed-Timing Baseline,fixed,119,3,43.95,98.0,142.0,98.7,987,79.89,118.0,10.539,24.345,114,7.24,0.72,Bounded (75-80% Saturation),[],[]
moderate_load,Fixed (tuned),fixed,102,3,34.92,64.1,87.0,96.4,964,61.03,96.0,8.063,18.625,102,10.51,0.72,Bounded (75-80% Saturation),[],[]
moderate_load,Fixed (tuned),fixed,103,3,34.98,65.0,85.0,98.1,981,62.31,95.0,8.232,19.015,102,8.17,0.72,Bounded (75-80% Saturation),[],[]
moderate_load,Fixed (tuned),fixed,105,3,33.18,61.0,77.0,98.3,983,59.42,99.0,7.845,18.121,102,8.31,0.72,Bounded (75-80% Saturation),[],[]
moderate_load,Fixed (tuned),fixed,106,3,33.89,65.0,94.0,95.0,950,58.15,92.0,7.666,17.709,102,8.52,0.72,Bounded (75-80% Saturation),[],[]
moderate_load,Fixed (tuned),fixed,109,3,34.29,66.0,83.0,100.8,1008,61.8,100.0,8.168,18.868,102,9.33,0.72,Bounded (75-80% Saturation),[],[]
moderate_load,Fixed (tuned),fixed,104,3,34.34,64.0,95.0,98.1,981,62.42,108.0,8.218,18.984,102,9.92,0.72,Bounded (75-80% Saturation),[],[]
moderate_load,Fixed (tuned),fixed,107,3,34.57,62.0,91.0,98.4,984,61.41,94.0,8.104,18.72,102,6.22,0.72,Bounded (75-80% Saturation),[],[]
moderate_load,Fixed (tuned),fixed,110,3,33.78,65.0,85.0,99.2,992,59.98,102.0,7.928,18.314,102,9.04,0.72,Bounded (75-80% Saturation),[],[]
moderate_load,Fixed (tuned),fixed,111,3,35.53,65.0,81.0,100.3,1003,64.76,95.0,8.552,19.754,102,9.7,0.72,Bounded (75-80% Saturation),[],[]
moderate_load,Fixed (tuned),fixed,112,3,34.48,64.0,92.0,95.5,955,60.68,104.0,8.006,18.495,102,8.92,0.72,Bounded (75-80% Saturation),[],[]
moderate_load,Fixed (tuned),fixed,108,3,36.55,71.0,100.0,96.2,962,64.09,93.0,8.456,19.532,102,7.97,0.72,Bounded (75-80% Saturation),[],[]
moderate_load,Fixed (tuned),fixed,113,3,34.36,63.0,76.0,100.0,1000,62.21,99.0,8.202,18.946,102,8.94,0.72,Bounded (75-80% Saturation),[],[]
moderate_load,Fixed (tuned),fixed,114,3,33.03,61.0,79.0,97.9,979,57.88,90.0,7.642,17.653,102,8.1,0.72,Bounded (75-80% Saturation),[],[]
moderate_load,Fixed (tuned),fixed,115,3,36.16,65.05,86.0,98.9,989,64.48,104.0,8.517,19.674,102,9.18,0.72,Bounded (75-80% Saturation),[],[]
moderate_load,Fixed (tuned),fixed,117,3,33.5,65.0,79.0,98.9,989,59.52,93.0,7.869,18.178,102,9.4,0.72,Bounded (75-80% Saturation),[],[]
moderate_load,Fixed (tuned),fixed,118,3,35.81,68.0,84.0,100.6,1006,67.08,111.0,8.825,20.386,102,10.35,0.72,Bounded (75-80% Saturation),[],[]
moderate_load,Fixed (tuned),fixed,116,3,34.37,63.95,76.0,98.2,982,61.6,104.0,8.111,18.736,102,7.97,0.72,Bounded (75-80% Saturation),[],[]
moderate_load,Fixed (tuned),fixed,119,3,38.07,82.0,127.0,101.2,1012,69.74,109.0,9.205,21.263,102,8.29,0.72,Bounded (75-80% Saturation),[],[]
moderate_load,Rule-Based (tuned),rule_based,100,3,29.25,59.0,83.0,99.9,999,52.61,75.0,6.916,15.976,208,4.38,0.72,Bounded (75-80% Saturation),[],[]
moderate_load,Rule-Based (tuned),rule_based,102,3,31.56,64.8,88.0,97.7,977,54.66,90.0,7.189,16.607,203,4.55,0.72,Bounded (75-80% Saturation),[],[]
moderate_load,Rule-Based (tuned),rule_based,101,3,26.66,50.0,71.0,98.4,984,47.5,72.0,6.21,14.345,195,4.06,0.72,Bounded (75-80% Saturation),[],[]
moderate_load,Rule-Based (tuned),rule_based,103,3,30.2,60.65,86.0,96.6,966,54.01,88.0,7.034,16.248,202,4.67,0.72,Bounded (75-80% Saturation),[],[]
moderate_load,Rule-Based (tuned),rule_based,104,3,30.42,60.0,78.0,98.0,980,55.12,91.0,7.214,16.664,209,5.25,0.72,Bounded (75-80% Saturation),[],[]
moderate_load,Rule-Based (tuned),rule_based,105,3,28.65,49.75,71.0,97.9,979,50.97,84.0,6.66,15.385,201,4.52,0.72,Bounded (75-80% Saturation),[],[]
moderate_load,Rule-Based (tuned),rule_based,106,3,26.49,52.0,72.0,95.9,959,45.45,74.0,5.968,13.787,193,5.34,0.72,Bounded (75-80% Saturation),[],[]
moderate_load,Rule-Based (tuned),rule_based,107,3,28.81,56.0,80.0,98.6,986,50.87,77.0,6.652,15.367,200,5.47,0.72,Bounded (75-80% Saturation),[],[]
moderate_load,Rule-Based (tuned),rule_based,109,3,31.57,60.35,93.0,100.6,1006,56.16,82.0,7.395,17.083,204,5.57,0.72,Bounded (75-80% Saturation),[],[]
moderate_load,Rule-Based (tuned),rule_based,111,3,30.64,57.0,81.0,100.8,1008,55.72,82.0,7.326,16.924,207,4.91,0.72,Bounded (75-80% Saturation),[],[]
moderate_load,Rule-Based (tuned),rule_based,112,3,28.55,51.0,72.0,96.5,965,49.9,80.0,6.554,15.141,203,4.71,0.72,Bounded (75-80% Saturation),[],[]
moderate_load,Rule-Based (tuned),rule_based,108,3,35.46,69.0,116.0,97.0,970,61.93,87.0,8.14,18.802,207,5.23,0.72,Bounded (75-80% Saturation),[],[]
moderate_load,Rule-Based (tuned),rule_based,113,3,27.91,57.0,81.0,100.6,1006,50.41,79.0,6.655,15.373,192,5.24,0.72,Bounded (75-80% Saturation),[],[]
moderate_load,Rule-Based (tuned),rule_based,110,3,29.64,58.0,90.0,99.5,995,52.32,85.0,6.903,15.947,204,4.97,0.72,Bounded (75-80% Saturation),[],[]
moderate_load,Rule-Based (tuned),rule_based,115,3,31.88,67.0,112.0,98.8,988,56.55,91.0,7.44,17.185,207,5.0,0.72,Bounded (75-80% Saturation),[],[]
moderate_load,Rule-Based (tuned),rule_based,114,3,28.6,54.0,69.0,98.4,984,49.8,75.0,6.553,15.137,207,4.46,0.72,Bounded (75-80% Saturation),[],[]
moderate_load,Rule-Based (tuned),rule_based,116,3,28.15,52.0,67.0,98.5,985,50.24,80.0,6.586,15.214,207,5.03,0.72,Bounded (75-80% Saturation),[],[]
moderate_load,Rule-Based (tuned),rule_based,118,3,31.85,57.0,73.0,100.3,1003,59.81,103.0,7.807,18.033,215,4.0,0.72,Bounded (75-80% Saturation),[],[]
moderate_load,Rule-Based (tuned),rule_based,117,3,27.53,52.0,71.0,99.1,991,48.83,74.0,6.436,14.867,205,4.87,0.72,Bounded (75-80% Saturation),[],[]
moderate_load,Rule-Based (tuned),rule_based,119,3,33.49,79.0,103.0,101.4,1014,61.1,93.0,8.074,18.651,194,4.87,0.72,Bounded (75-80% Saturation),[],[]
moderate_load,Max-Pressure (tuned),max_pressure,100,3,27.7,55.75,91.0,100.7,1007,49.89,71.0,6.562,15.159,201,4.62,0.72,Bounded (75-80% Saturation),[],[]
moderate_load,Max-Pressure (tuned),max_pressure,102,3,27.88,59.0,81.0,97.4,974,48.37,79.0,6.345,14.658,191,4.75,0.72,Bounded (75-80% Saturation),[],[]
moderate_load,Max-Pressure (tuned),max_pressure,104,3,29.28,69.8,102.0,98.7,987,53.39,85.0,6.93,16.007,194,4.99,0.72,Bounded (75-80% Saturation),[],[]
moderate_load,Max-Pressure (tuned),max_pressure,101,3,27.76,59.0,78.0,98.5,985,49.46,74.0,6.44,14.876,192,5.16,0.72,Bounded (75-80% Saturation),[],[]
moderate_load,Max-Pressure (tuned),max_pressure,106,3,27.83,53.0,82.0,95.9,959,47.57,76.0,6.272,14.487,196,5.17,0.72,Bounded (75-80% Saturation),[],[]
moderate_load,Max-Pressure (tuned),max_pressure,105,3,26.02,52.0,76.0,99.0,990,46.41,76.0,6.1,14.092,185,6.19,0.72,Bounded (75-80% Saturation),[],[]
moderate_load,Max-Pressure (tuned),max_pressure,103,3,29.04,60.0,87.0,97.8,978,51.66,81.0,6.744,15.578,196,4.87,0.72,Bounded (75-80% Saturation),[],[]
moderate_load,Max-Pressure (tuned),max_pressure,108,3,33.75,72.0,122.0,96.9,969,59.08,85.0,7.734,17.865,199,5.24,0.72,Bounded (75-80% Saturation),[],[]
moderate_load,Max-Pressure (tuned),max_pressure,107,3,28.39,56.95,81.0,99.5,995,50.09,74.0,6.573,15.184,187,5.91,0.72,Bounded (75-80% Saturation),[],[]
moderate_load,Max-Pressure (tuned),max_pressure,111,3,29.14,57.0,82.0,101.1,1011,52.87,83.0,6.936,16.023,189,5.2,0.72,Bounded (75-80% Saturation),[],[]
moderate_load,Max-Pressure (tuned),max_pressure,110,3,25.62,52.7,81.0,99.4,994,45.3,78.0,5.961,13.769,192,4.83,0.72,Bounded (75-80% Saturation),[],[]
moderate_load,Max-Pressure (tuned),max_pressure,109,3,31.26,59.0,89.0,100.7,1007,55.85,85.0,7.335,16.943,191,4.9,0.72,Bounded (75-80% Saturation),[],[]
moderate_load,Max-Pressure (tuned),max_pressure,112,3,24.93,48.0,72.0,97.3,973,44.03,73.0,5.735,13.248,193,4.99,0.72,Bounded (75-80% Saturation),[],[]
moderate_load,Max-Pressure (tuned),max_pressure,113,3,28.29,59.0,85.0,101.1,1011,51.18,78.0,6.676,15.422,189,4.75,0.72,Bounded (75-80% Saturation),[],[]
moderate_load,Max-Pressure (tuned),max_pressure,114,3,26.07,51.0,71.0,98.4,984,45.59,72.0,5.979,13.811,197,4.8,0.72,Bounded (75-80% Saturation),[],[]
moderate_load,Max-Pressure (tuned),max_pressure,115,3,28.57,59.35,78.0,99.3,993,50.9,94.0,6.692,15.457,193,4.64,0.72,Bounded (75-80% Saturation),[],[]
moderate_load,Max-Pressure (tuned),max_pressure,116,3,27.78,52.0,68.0,98.7,987,49.86,82.0,6.539,15.104,193,4.05,0.72,Bounded (75-80% Saturation),[],[]
moderate_load,Max-Pressure (tuned),max_pressure,117,3,27.07,51.0,73.0,99.8,998,48.13,79.0,6.353,14.675,198,4.71,0.72,Bounded (75-80% Saturation),[],[]
moderate_load,Max-Pressure (tuned),max_pressure,118,3,27.96,54.0,70.0,102.3,1023,52.48,87.0,6.802,15.714,193,4.73,0.72,Bounded (75-80% Saturation),[],[]
moderate_load,Max-Pressure (tuned),max_pressure,119,3,30.42,67.0,92.0,102.0,1020,55.44,84.0,7.307,16.879,196,5.68,0.72,Bounded (75-80% Saturation),[],[]
moderate_load,Hybrid (uncoupled),hybrid_bf,100,3,29.82,59.0,85.0,99.3,993,53.75,81.0,7.083,16.361,179,4.99,0.72,Bounded (75-80% Saturation),[],[]
moderate_load,Hybrid (uncoupled),hybrid_bf,101,3,30.19,56.0,77.0,98.2,982,53.8,80.0,7.09,16.378,175,4.79,0.72,Bounded (75-80% Saturation),[],[]
moderate_load,Hybrid (uncoupled),hybrid_bf,102,3,32.31,59.0,80.0,97.4,974,56.33,85.0,7.388,17.065,173,4.48,0.72,Bounded (75-80% Saturation),[],[]
moderate_load,Hybrid (uncoupled),hybrid_bf,103,3,32.63,64.0,96.0,97.4,974,57.79,86.0,7.621,17.604,170,4.07,0.72,Bounded (75-80% Saturation),[],[]
moderate_load,Hybrid (uncoupled),hybrid_bf,105,3,30.16,53.0,79.0,97.6,976,53.66,79.0,7.051,16.288,172,4.51,0.72,Bounded (75-80% Saturation),[],[]
moderate_load,Hybrid (uncoupled),hybrid_bf,104,3,33.81,71.8,108.0,98.4,984,61.25,89.0,8.002,18.484,170,5.57,0.72,Bounded (75-80% Saturation),[],[]
moderate_load,Hybrid (uncoupled),hybrid_bf,106,3,29.6,56.0,82.0,94.8,948,50.96,83.0,6.669,15.405,175,5.02,0.72,Bounded (75-80% Saturation),[],[]
moderate_load,Hybrid (uncoupled),hybrid_bf,107,3,29.15,55.2,74.0,98.8,988,51.27,79.0,6.718,15.519,163,4.85,0.72,Bounded (75-80% Saturation),[],[]
moderate_load,Hybrid (uncoupled),hybrid_bf,109,3,30.56,57.05,91.0,99.9,999,54.95,82.0,7.199,16.629,169,4.81,0.72,Bounded (75-80% Saturation),[],[]
moderate_load,Hybrid (uncoupled),hybrid_bf,108,3,34.73,67.0,114.0,97.0,970,60.69,95.0,8.004,18.488,170,4.98,0.72,Bounded (75-80% Saturation),[],[]
moderate_load,Hybrid (uncoupled),hybrid_bf,110,3,30.81,58.85,74.0,98.1,981,54.49,83.0,7.148,16.512,181,5.05,0.72,Bounded (75-80% Saturation),[],[]
moderate_load,Hybrid (uncoupled),hybrid_bf,111,3,31.21,60.0,81.0,100.7,1007,56.66,85.0,7.463,17.239,172,5.42,0.72,Bounded (75-80% Saturation),[],[]
moderate_load,Hybrid (uncoupled),hybrid_bf,112,3,30.76,56.0,82.0,96.0,960,54.23,82.0,7.068,16.328,179,5.34,0.72,Bounded (75-80% Saturation),[],[]
moderate_load,Hybrid (uncoupled),hybrid_bf,113,3,32.01,64.0,95.0,100.6,1006,57.59,88.0,7.625,17.614,180,4.82,0.72,Bounded (75-80% Saturation),[],[]
moderate_load,Hybrid (uncoupled),hybrid_bf,114,3,29.11,54.0,79.0,98.2,982,50.87,79.0,6.748,15.587,171,4.02,0.72,Bounded (75-80% Saturation),[],[]
moderate_load,Hybrid (uncoupled),hybrid_bf,115,3,34.34,66.0,102.0,99.3,993,61.25,89.0,8.096,18.701,174,4.57,0.72,Bounded (75-80% Saturation),[],[]
moderate_load,Hybrid (uncoupled),hybrid_bf,116,3,31.13,56.65,82.0,98.2,982,55.76,92.0,7.249,16.746,181,4.23,0.72,Bounded (75-80% Saturation),[],[]
moderate_load,Hybrid (uncoupled),hybrid_bf,117,3,30.92,59.0,84.0,98.6,986,55.13,75.0,7.23,16.7,177,3.74,0.72,Bounded (75-80% Saturation),[],[]
moderate_load,Hybrid (uncoupled),hybrid_bf,118,3,32.46,61.0,81.0,100.8,1008,60.76,101.0,7.907,18.264,175,4.6,0.72,Bounded (75-80% Saturation),[],[]
moderate_load,Hybrid (uncoupled),hybrid_bf,119,3,37.4,80.0,107.0,100.8,1008,68.13,99.0,8.942,20.657,178,5.12,0.72,Bounded (75-80% Saturation),[],[]
moderate_load,Hybrid Controller (Brute-Force),hybrid_bf,100,3,29.82,59.0,85.0,99.3,993,53.75,81.0,7.083,16.361,179,4.99,0.72,Bounded (75-80% Saturation),[],[]
moderate_load,Hybrid Controller (Brute-Force),hybrid_bf,101,3,30.19,56.0,77.0,98.2,982,53.8,80.0,7.09,16.378,175,4.79,0.72,Bounded (75-80% Saturation),[],[]
moderate_load,Hybrid Controller (Brute-Force),hybrid_bf,104,3,33.81,71.8,108.0,98.4,984,61.25,89.0,8.002,18.484,170,5.57,0.72,Bounded (75-80% Saturation),[],[]
moderate_load,Hybrid Controller (Brute-Force),hybrid_bf,102,3,32.31,59.0,80.0,97.4,974,56.33,85.0,7.388,17.065,173,4.48,0.72,Bounded (75-80% Saturation),[],[]
moderate_load,Hybrid Controller (Brute-Force),hybrid_bf,103,3,32.63,64.0,96.0,97.4,974,57.79,86.0,7.621,17.604,170,4.07,0.72,Bounded (75-80% Saturation),[],[]
moderate_load,Hybrid Controller (Brute-Force),hybrid_bf,105,3,30.16,53.0,79.0,97.6,976,53.66,79.0,7.051,16.288,172,4.51,0.72,Bounded (75-80% Saturation),[],[]
moderate_load,Hybrid Controller (Brute-Force),hybrid_bf,106,3,29.6,56.0,82.0,94.8,948,50.96,83.0,6.669,15.405,175,5.02,0.72,Bounded (75-80% Saturation),[],[]
moderate_load,Hybrid Controller (Brute-Force),hybrid_bf,107,3,29.15,55.2,74.0,98.8,988,51.27,79.0,6.718,15.519,163,4.85,0.72,Bounded (75-80% Saturation),[],[]
moderate_load,Hybrid Controller (Brute-Force),hybrid_bf,108,3,34.73,67.0,114.0,97.0,970,60.69,95.0,8.004,18.488,170,4.98,0.72,Bounded (75-80% Saturation),[],[]
moderate_load,Hybrid Controller (Brute-Force),hybrid_bf,109,3,30.56,57.05,91.0,99.9,999,54.95,82.0,7.199,16.629,169,4.81,0.72,Bounded (75-80% Saturation),[],[]
moderate_load,Hybrid Controller (Brute-Force),hybrid_bf,110,3,30.81,58.85,74.0,98.1,981,54.49,83.0,7.148,16.512,181,5.05,0.72,Bounded (75-80% Saturation),[],[]
moderate_load,Hybrid Controller (Brute-Force),hybrid_bf,111,3,31.21,60.0,81.0,100.7,1007,56.66,85.0,7.463,17.239,172,5.42,0.72,Bounded (75-80% Saturation),[],[]
moderate_load,Hybrid Controller (Brute-Force),hybrid_bf,112,3,30.76,56.0,82.0,96.0,960,54.23,82.0,7.068,16.328,179,5.34,0.72,Bounded (75-80% Saturation),[],[]
moderate_load,Hybrid Controller (Brute-Force),hybrid_bf,115,3,34.34,66.0,102.0,99.3,993,61.25,89.0,8.096,18.701,174,4.57,0.72,Bounded (75-80% Saturation),[],[]
moderate_load,Hybrid Controller (Brute-Force),hybrid_bf,113,3,32.01,64.0,95.0,100.6,1006,57.59,88.0,7.625,17.614,180,4.82,0.72,Bounded (75-80% Saturation),[],[]
moderate_load,Hybrid Controller (Brute-Force),hybrid_bf,114,3,29.11,54.0,79.0,98.2,982,50.87,79.0,6.748,15.587,171,4.02,0.72,Bounded (75-80% Saturation),[],[]
moderate_load,Hybrid Controller (Brute-Force),hybrid_bf,116,3,31.13,56.65,82.0,98.2,982,55.76,92.0,7.249,16.746,181,4.23,0.72,Bounded (75-80% Saturation),[],[]
moderate_load,Hybrid Controller (Brute-Force),hybrid_bf,117,3,30.92,59.0,84.0,98.6,986,55.13,75.0,7.23,16.7,177,3.74,0.72,Bounded (75-80% Saturation),[],[]
directional_moderate,Fixed-Timing Baseline,fixed,101,3,75.55,179.85,218.0,79.3,793,139.99,267.0,17.192,39.714,114,7.64,0.8,"Bounded (75-85% Saturation, Asymmetric)",[],[]
directional_moderate,Fixed-Timing Baseline,fixed,102,3,81.75,192.95,221.0,79.7,797,157.12,309.0,19.294,44.568,114,7.57,0.8,"Bounded (75-85% Saturation, Asymmetric)",[],[]
directional_moderate,Fixed-Timing Baseline,fixed,103,3,76.85,175.0,202.0,81.4,814,142.73,261.0,17.641,40.75,114,9.16,0.8,"Bounded (75-85% Saturation, Asymmetric)",[],[]
directional_moderate,Fixed-Timing Baseline,fixed,100,3,85.46,188.5,250.0,79.9,799,162.75,289.0,20.055,46.327,114,6.96,0.8,"Bounded (75-85% Saturation, Asymmetric)",[],[]
directional_moderate,Fixed-Timing Baseline,fixed,104,3,75.63,189.0,226.0,82.5,825,144.44,266.0,17.833,41.194,114,7.61,0.8,"Bounded (75-85% Saturation, Asymmetric)",[],[]
directional_moderate,Fixed-Timing Baseline,fixed,105,3,86.11,205.0,243.0,80.7,807,167.24,315.0,20.668,47.742,114,6.27,0.8,"Bounded (75-85% Saturation, Asymmetric)",[],[]
moderate_load,Hybrid Controller (Brute-Force),hybrid_bf,119,3,37.4,80.0,107.0,100.8,1008,68.13,99.0,8.942,20.657,178,5.12,0.72,Bounded (75-80% Saturation),[],[]
moderate_load,Hybrid Controller (Brute-Force),hybrid_bf,118,3,32.46,61.0,81.0,100.8,1008,60.76,101.0,7.907,18.264,175,4.6,0.72,Bounded (75-80% Saturation),[],[]
directional_moderate,Fixed-Timing Baseline,fixed,106,3,76.39,165.0,199.0,78.9,789,137.29,244.0,16.89,39.017,114,7.74,0.8,"Bounded (75-85% Saturation, Asymmetric)",[],[]
directional_moderate,Fixed-Timing Baseline,fixed,107,3,76.19,173.0,212.0,82.8,828,144.07,269.0,17.811,41.143,114,6.27,0.8,"Bounded (75-85% Saturation, Asymmetric)",[],[]
directional_moderate,Fixed-Timing Baseline,fixed,108,3,84.89,205.4,269.0,80.7,807,161.32,289.0,19.864,45.885,114,7.47,0.8,"Bounded (75-85% Saturation, Asymmetric)",[],[]
directional_moderate,Fixed-Timing Baseline,fixed,110,3,82.04,192.0,218.0,80.1,801,153.37,277.0,19.032,43.965,114,7.82,0.8,"Bounded (75-85% Saturation, Asymmetric)",[],[]
directional_moderate,Fixed-Timing Baseline,fixed,109,3,83.78,200.35,231.0,83.5,835,162.19,280.0,19.996,46.192,114,7.69,0.8,"Bounded (75-85% Saturation, Asymmetric)",[],[]
directional_moderate,Fixed-Timing Baseline,fixed,113,3,74.98,177.0,218.0,81.8,818,141.16,263.0,17.462,40.338,114,7.66,0.8,"Bounded (75-85% Saturation, Asymmetric)",[],[]
directional_moderate,Fixed-Timing Baseline,fixed,112,3,79.44,191.0,224.0,79.3,793,146.69,281.0,18.129,41.878,114,7.58,0.8,"Bounded (75-85% Saturation, Asymmetric)",[],[]
directional_moderate,Fixed-Timing Baseline,fixed,114,3,81.2,183.0,216.0,81.0,810,150.71,268.0,18.568,42.893,114,6.95,0.8,"Bounded (75-85% Saturation, Asymmetric)",[],[]
directional_moderate,Fixed-Timing Baseline,fixed,111,3,85.22,203.2,239.0,81.0,810,162.32,294.0,20.017,46.239,114,8.49,0.8,"Bounded (75-85% Saturation, Asymmetric)",[],[]
directional_moderate,Fixed-Timing Baseline,fixed,115,3,82.56,187.5,240.0,81.0,810,156.21,280.0,19.282,44.542,114,8.02,0.8,"Bounded (75-85% Saturation, Asymmetric)",[],[]
directional_moderate,Fixed-Timing Baseline,fixed,116,3,81.81,187.9,214.0,80.7,807,156.84,290.0,19.326,44.644,114,9.31,0.8,"Bounded (75-85% Saturation, Asymmetric)",[],[]
directional_moderate,Fixed-Timing Baseline,fixed,117,3,83.77,197.0,220.0,80.9,809,155.15,265.0,19.229,44.419,114,8.05,0.8,"Bounded (75-85% Saturation, Asymmetric)",[],[]
directional_moderate,Fixed-Timing Baseline,fixed,118,3,87.55,200.0,238.0,80.3,803,171.54,315.0,21.187,48.941,114,7.55,0.8,"Bounded (75-85% Saturation, Asymmetric)",[],[]
directional_moderate,Fixed-Timing Baseline,fixed,119,3,75.4,179.0,239.0,83.2,832,142.64,253.0,17.526,40.486,114,7.24,0.8,"Bounded (75-85% Saturation, Asymmetric)",[],[]
directional_moderate,Fixed (tuned),fixed,100,3,36.94,71.0,102.0,98.1,981,67.54,104.0,8.741,20.192,90,9.67,0.8,"Bounded (75-85% Saturation, Asymmetric)",[],[]
directional_moderate,Fixed (tuned),fixed,101,3,34.26,69.0,106.0,95.8,958,60.55,98.0,7.843,18.117,90,10.53,0.8,"Bounded (75-85% Saturation, Asymmetric)",[],[]
directional_moderate,Fixed (tuned),fixed,102,3,40.4,76.0,112.0,98.6,986,74.39,124.0,9.534,22.024,90,12.95,0.8,"Bounded (75-85% Saturation, Asymmetric)",[],[]
directional_moderate,Fixed (tuned),fixed,103,3,35.11,77.0,120.0,96.9,969,62.42,93.0,8.092,18.691,90,11.49,0.8,"Bounded (75-85% Saturation, Asymmetric)",[],[]
directional_moderate,Fixed (tuned),fixed,105,3,38.12,75.0,114.0,99.6,996,71.31,114.0,9.183,21.213,90,10.22,0.8,"Bounded (75-85% Saturation, Asymmetric)",[],[]
directional_moderate,Fixed (tuned),fixed,104,3,36.01,75.0,117.0,96.8,968,65.79,115.0,8.53,19.703,90,8.29,0.8,"Bounded (75-85% Saturation, Asymmetric)",[],[]
directional_moderate,Fixed (tuned),fixed,106,3,36.07,77.0,115.0,93.2,932,61.93,99.0,7.999,18.477,90,8.22,0.8,"Bounded (75-85% Saturation, Asymmetric)",[],[]
directional_moderate,Fixed (tuned),fixed,107,3,38.4,84.0,110.0,98.6,986,69.88,108.0,9.003,20.798,90,10.58,0.8,"Bounded (75-85% Saturation, Asymmetric)",[],[]
directional_moderate,Fixed (tuned),fixed,108,3,42.74,78.0,123.0,97.7,977,77.84,124.0,10.02,23.147,90,9.81,0.8,"Bounded (75-85% Saturation, Asymmetric)",[],[]
directional_moderate,Fixed (tuned),fixed,109,3,36.69,74.0,111.0,101.0,1010,67.65,104.0,8.814,20.361,90,11.25,0.8,"Bounded (75-85% Saturation, Asymmetric)",[],[]
directional_moderate,Fixed (tuned),fixed,111,3,38.14,78.0,116.0,99.0,990,69.55,110.0,8.992,20.771,90,12.21,0.8,"Bounded (75-85% Saturation, Asymmetric)",[],[]
directional_moderate,Fixed (tuned),fixed,110,3,35.7,72.0,103.0,96.9,969,64.27,105.0,8.299,19.171,90,12.82,0.8,"Bounded (75-85% Saturation, Asymmetric)",[],[]
directional_moderate,Fixed (tuned),fixed,115,3,36.98,78.0,105.0,97.8,978,67.15,116.0,8.678,20.046,90,11.31,0.8,"Bounded (75-85% Saturation, Asymmetric)",[],[]
directional_moderate,Fixed (tuned),fixed,112,3,37.1,75.0,99.0,95.2,952,66.25,111.0,8.492,19.617,90,10.99,0.8,"Bounded (75-85% Saturation, Asymmetric)",[],[]
directional_moderate,Fixed (tuned),fixed,113,3,34.89,74.0,122.0,97.4,974,63.09,99.0,8.149,18.825,90,11.06,0.8,"Bounded (75-85% Saturation, Asymmetric)",[],[]
directional_moderate,Fixed (tuned),fixed,114,3,36.93,74.0,104.0,98.3,983,65.34,107.0,8.511,19.66,90,9.5,0.8,"Bounded (75-85% Saturation, Asymmetric)",[],[]
directional_moderate,Fixed (tuned),fixed,116,3,38.15,79.0,125.0,98.2,982,70.43,117.0,9.072,20.957,90,11.82,0.8,"Bounded (75-85% Saturation, Asymmetric)",[],[]
directional_moderate,Fixed (tuned),fixed,117,3,35.36,75.0,106.0,97.0,970,62.76,102.0,8.156,18.84,90,10.65,0.8,"Bounded (75-85% Saturation, Asymmetric)",[],[]
directional_moderate,Rule-Based (tuned),rule_based,100,3,38.71,72.75,108.0,97.7,977,69.54,93.0,9.171,21.185,192,6.71,0.8,"Bounded (75-85% Saturation, Asymmetric)",[],[]
directional_moderate,Fixed (tuned),fixed,119,3,41.13,110.0,222.0,97.9,979,73.44,115.0,9.579,22.127,90,10.67,0.8,"Bounded (75-85% Saturation, Asymmetric)",[],[]
directional_moderate,Fixed (tuned),fixed,118,3,38.19,78.0,124.0,99.0,990,71.87,116.0,9.275,21.426,90,11.16,0.8,"Bounded (75-85% Saturation, Asymmetric)",[],[]
directional_moderate,Rule-Based (tuned),rule_based,105,3,44.37,92.0,170.0,96.6,966,82.31,133.0,10.768,24.875,178,6.12,0.8,"Bounded (75-85% Saturation, Asymmetric)",[],[]
directional_moderate,Rule-Based (tuned),rule_based,103,3,39.74,78.0,132.0,94.5,945,70.54,103.0,9.21,21.275,209,4.68,0.8,"Bounded (75-85% Saturation, Asymmetric)",[],[]
directional_moderate,Rule-Based (tuned),rule_based,101,3,33.19,61.0,112.0,95.6,956,58.24,82.0,7.596,17.546,189,5.73,0.8,"Bounded (75-85% Saturation, Asymmetric)",[],[]
directional_moderate,Rule-Based (tuned),rule_based,102,3,42.45,100.0,144.0,96.2,962,77.18,130.0,10.094,23.317,178,7.04,0.8,"Bounded (75-85% Saturation, Asymmetric)",[],[]
directional_moderate,Rule-Based (tuned),rule_based,104,3,34.99,69.0,139.0,96.3,963,63.8,107.0,8.319,19.216,182,7.51,0.8,"Bounded (75-85% Saturation, Asymmetric)",[],[]
directional_moderate,Rule-Based (tuned),rule_based,106,3,35.84,70.0,123.0,94.1,941,60.94,85.0,8.02,18.526,198,4.66,0.8,"Bounded (75-85% Saturation, Asymmetric)",[],[]
directional_moderate,Rule-Based (tuned),rule_based,107,3,41.3,77.0,139.0,95.9,959,74.17,109.0,9.728,22.472,188,5.52,0.8,"Bounded (75-85% Saturation, Asymmetric)",[],[]
directional_moderate,Rule-Based (tuned),rule_based,108,3,45.65,97.0,150.0,96.1,961,82.27,121.0,10.794,24.935,187,6.21,0.8,"Bounded (75-85% Saturation, Asymmetric)",[],[]
directional_moderate,Rule-Based (tuned),rule_based,109,3,37.74,70.85,108.0,100.1,1001,69.44,95.0,9.091,21.0,196,6.33,0.8,"Bounded (75-85% Saturation, Asymmetric)",[],[]
directional_moderate,Rule-Based (tuned),rule_based,112,3,34.33,75.0,105.0,94.2,942,60.5,100.0,7.895,18.238,185,5.34,0.8,"Bounded (75-85% Saturation, Asymmetric)",[],[]
directional_moderate,Rule-Based (tuned),rule_based,111,3,40.62,80.0,124.0,97.1,971,73.31,103.0,9.64,22.268,189,5.91,0.8,"Bounded (75-85% Saturation, Asymmetric)",[],[]
directional_moderate,Rule-Based (tuned),rule_based,113,3,36.57,65.0,129.0,96.1,961,65.85,104.0,8.557,19.767,202,5.46,0.8,"Bounded (75-85% Saturation, Asymmetric)",[],[]
directional_moderate,Rule-Based (tuned),rule_based,110,3,36.63,70.0,131.0,95.6,956,65.38,96.0,8.547,19.743,186,6.82,0.8,"Bounded (75-85% Saturation, Asymmetric)",[],[]
directional_moderate,Rule-Based (tuned),rule_based,115,3,37.47,77.0,128.0,96.4,964,67.31,104.0,8.834,20.407,187,7.58,0.8,"Bounded (75-85% Saturation, Asymmetric)",[],[]
directional_moderate,Rule-Based (tuned),rule_based,116,3,38.51,79.0,129.0,96.6,966,70.24,116.0,9.182,21.211,197,5.83,0.8,"Bounded (75-85% Saturation, Asymmetric)",[],[]
directional_moderate,Rule-Based (tuned),rule_based,117,3,39.3,75.0,106.0,95.3,953,69.43,97.0,9.099,21.019,180,6.78,0.8,"Bounded (75-85% Saturation, Asymmetric)",[],[]
directional_moderate,Rule-Based (tuned),rule_based,114,3,37.35,68.1,126.0,97.3,973,65.8,89.0,8.631,19.937,185,5.08,0.8,"Bounded (75-85% Saturation, Asymmetric)",[],[]
directional_moderate,Rule-Based (tuned),rule_based,118,3,42.54,94.7,160.0,95.4,954,79.81,149.0,10.427,24.087,193,6.41,0.8,"Bounded (75-85% Saturation, Asymmetric)",[],[]
directional_moderate,Rule-Based (tuned),rule_based,119,3,49.74,99.0,215.0,93.5,935,88.77,133.0,11.66,26.935,195,5.65,0.8,"Bounded (75-85% Saturation, Asymmetric)",[],[]
directional_moderate,Max-Pressure (tuned),max_pressure,100,3,45.23,90.0,116.0,95.1,951,82.37,122.0,10.734,24.796,186,5.27,0.8,"Bounded (75-85% Saturation, Asymmetric)",[],[]
directional_moderate,Max-Pressure (tuned),max_pressure,101,3,40.37,76.0,97.0,92.6,926,71.63,109.0,9.231,21.323,195,5.43,0.8,"Bounded (75-85% Saturation, Asymmetric)",[],[]
directional_moderate,Max-Pressure (tuned),max_pressure,105,3,52.38,92.0,121.0,94.3,943,97.42,150.0,12.688,29.309,189,5.56,0.8,"Bounded (75-85% Saturation, Asymmetric)",[],[]
directional_moderate,Max-Pressure (tuned),max_pressure,102,3,53.4,99.0,158.0,92.6,926,98.39,170.0,12.674,29.277,184,5.57,0.8,"Bounded (75-85% Saturation, Asymmetric)",[],[]
directional_moderate,Max-Pressure (tuned),max_pressure,103,3,42.07,78.75,100.0,94.3,943,75.01,105.0,9.78,22.592,198,4.32,0.8,"Bounded (75-85% Saturation, Asymmetric)",[],[]
directional_moderate,Max-Pressure (tuned),max_pressure,104,3,43.23,85.4,106.0,94.1,941,79.38,134.0,10.308,23.811,206,5.51,0.8,"Bounded (75-85% Saturation, Asymmetric)",[],[]
directional_moderate,Max-Pressure (tuned),max_pressure,106,3,42.28,78.75,100.0,91.0,910,72.62,106.0,9.451,21.832,193,4.96,0.8,"Bounded (75-85% Saturation, Asymmetric)",[],[]
directional_moderate,Max-Pressure (tuned),max_pressure,107,3,45.74,94.0,124.0,95.0,950,82.82,123.0,10.764,24.865,196,4.86,0.8,"Bounded (75-85% Saturation, Asymmetric)",[],[]
directional_moderate,Max-Pressure (tuned),max_pressure,109,3,48.75,95.0,123.0,96.9,969,90.3,127.0,11.721,27.076,194,4.99,0.8,"Bounded (75-85% Saturation, Asymmetric)",[],[]
directional_moderate,Max-Pressure (tuned),max_pressure,108,3,51.26,114.0,133.0,93.1,931,93.21,135.0,12.108,27.97,193,5.59,0.8,"Bounded (75-85% Saturation, Asymmetric)",[],[]
directional_moderate,Max-Pressure (tuned),max_pressure,110,3,47.87,101.0,123.0,92.8,928,86.06,128.0,11.223,25.925,200,5.52,0.8,"Bounded (75-85% Saturation, Asymmetric)",[],[]
directional_moderate,Max-Pressure (tuned),max_pressure,111,3,50.07,94.0,109.0,94.5,945,91.51,132.0,11.905,27.501,195,4.95,0.8,"Bounded (75-85% Saturation, Asymmetric)",[],[]
directional_moderate,Max-Pressure (tuned),max_pressure,112,3,44.86,98.25,126.0,91.4,914,79.71,130.0,10.329,23.86,197,5.17,0.8,"Bounded (75-85% Saturation, Asymmetric)",[],[]
directional_moderate,Max-Pressure (tuned),max_pressure,114,3,44.33,76.0,106.0,94.7,947,78.81,114.0,10.245,23.665,193,4.14,0.8,"Bounded (75-85% Saturation, Asymmetric)",[],[]
directional_moderate,Max-Pressure (tuned),max_pressure,113,3,43.94,83.0,102.0,93.8,938,79.28,125.0,10.361,23.933,197,5.27,0.8,"Bounded (75-85% Saturation, Asymmetric)",[],[]
directional_moderate,Max-Pressure (tuned),max_pressure,116,3,48.01,83.0,101.0,94.3,943,87.71,138.0,11.522,26.616,191,5.15,0.8,"Bounded (75-85% Saturation, Asymmetric)",[],[]
directional_moderate,Max-Pressure (tuned),max_pressure,115,3,42.02,83.0,116.0,95.7,957,76.16,110.0,9.908,22.889,200,4.98,0.8,"Bounded (75-85% Saturation, Asymmetric)",[],[]
directional_moderate,Max-Pressure (tuned),max_pressure,117,3,49.16,91.0,108.0,92.8,928,87.07,125.0,11.393,26.319,193,5.37,0.8,"Bounded (75-85% Saturation, Asymmetric)",[],[]
directional_moderate,Max-Pressure (tuned),max_pressure,118,3,49.52,90.0,118.0,94.4,944,93.16,154.0,12.084,27.914,194,5.53,0.8,"Bounded (75-85% Saturation, Asymmetric)",[],[]
directional_moderate,Max-Pressure (tuned),max_pressure,119,3,50.95,106.0,143.0,93.8,938,91.61,132.0,11.968,27.647,196,5.32,0.8,"Bounded (75-85% Saturation, Asymmetric)",[],[]
directional_moderate,Hybrid (uncoupled),hybrid_bf,100,3,39.25,71.65,105.0,98.1,981,70.61,95.0,9.315,21.518,158,5.86,0.8,"Bounded (75-85% Saturation, Asymmetric)",[],[]
directional_moderate,Hybrid (uncoupled),hybrid_bf,101,3,37.87,71.25,118.0,95.2,952,66.29,97.0,8.718,20.139,157,5.85,0.8,"Bounded (75-85% Saturation, Asymmetric)",[],[]
directional_moderate,Hybrid (uncoupled),hybrid_bf,103,3,38.48,68.0,124.0,96.2,962,67.84,92.0,8.892,20.541,163,4.9,0.8,"Bounded (75-85% Saturation, Asymmetric)",[],[]
directional_moderate,Hybrid (uncoupled),hybrid_bf,102,3,46.2,111.25,172.0,95.7,957,84.48,131.0,11.048,25.521,156,5.96,0.8,"Bounded (75-85% Saturation, Asymmetric)",[],[]
directional_moderate,Hybrid (uncoupled),hybrid_bf,105,3,42.58,85.5,143.0,98.9,989,78.78,114.0,10.324,23.849,153,6.2,0.8,"Bounded (75-85% Saturation, Asymmetric)",[],[]
directional_moderate,Hybrid (uncoupled),hybrid_bf,104,3,38.75,73.0,110.0,95.7,957,70.43,117.0,9.248,21.362,160,6.36,0.8,"Bounded (75-85% Saturation, Asymmetric)",[],[]
directional_moderate,Hybrid (uncoupled),hybrid_bf,106,3,36.38,69.0,106.0,93.2,932,61.74,94.0,8.084,18.674,158,4.92,0.8,"Bounded (75-85% Saturation, Asymmetric)",[],[]
directional_moderate,Hybrid (uncoupled),hybrid_bf,107,3,43.92,83.0,145.0,95.5,955,79.08,115.0,10.345,23.897,157,5.52,0.8,"Bounded (75-85% Saturation, Asymmetric)",[],[]
directional_moderate,Hybrid (uncoupled),hybrid_bf,108,3,49.03,98.0,154.0,95.9,959,88.04,125.0,11.583,26.757,156,5.13,0.8,"Bounded (75-85% Saturation, Asymmetric)",[],[]
directional_moderate,Hybrid (uncoupled),hybrid_bf,109,3,42.06,74.0,109.0,99.6,996,76.94,101.0,10.122,23.382,160,6.77,0.8,"Bounded (75-85% Saturation, Asymmetric)",[],[]
directional_moderate,Hybrid (uncoupled),hybrid_bf,110,3,37.62,76.0,125.0,96.3,963,67.27,97.0,8.862,20.471,162,5.94,0.8,"Bounded (75-85% Saturation, Asymmetric)",[],[]
directional_moderate,Hybrid (uncoupled),hybrid_bf,112,3,38.78,75.35,121.0,93.7,937,68.3,107.0,8.912,20.586,153,5.59,0.8,"Bounded (75-85% Saturation, Asymmetric)",[],[]
directional_moderate,Hybrid (uncoupled),hybrid_bf,113,3,37.43,69.0,103.0,96.5,965,66.94,101.0,8.759,20.233,164,5.81,0.8,"Bounded (75-85% Saturation, Asymmetric)",[],[]
directional_moderate,Hybrid (uncoupled),hybrid_bf,111,3,41.73,80.0,134.0,97.7,977,75.61,106.0,9.895,22.858,158,5.99,0.8,"Bounded (75-85% Saturation, Asymmetric)",[],[]
directional_moderate,Hybrid (uncoupled),hybrid_bf,114,3,42.63,81.0,138.0,96.1,961,75.1,102.0,9.89,22.846,166,4.72,0.8,"Bounded (75-85% Saturation, Asymmetric)",[],[]
directional_moderate,Hybrid (uncoupled),hybrid_bf,115,3,41.79,80.0,128.0,96.3,963,75.56,117.0,9.817,22.678,160,6.03,0.8,"Bounded (75-85% Saturation, Asymmetric)",[],[]
directional_moderate,Hybrid (uncoupled),hybrid_bf,116,3,39.93,74.0,122.0,96.9,969,72.55,113.0,9.504,21.954,154,5.98,0.8,"Bounded (75-85% Saturation, Asymmetric)",[],[]
directional_moderate,Hybrid (uncoupled),hybrid_bf,118,3,40.28,79.1,144.0,97.7,977,75.23,129.0,9.837,22.723,156,6.3,0.8,"Bounded (75-85% Saturation, Asymmetric)",[],[]
directional_moderate,Hybrid (uncoupled),hybrid_bf,117,3,41.54,77.0,124.0,94.8,948,73.28,98.0,9.591,22.156,161,5.43,0.8,"Bounded (75-85% Saturation, Asymmetric)",[],[]
directional_moderate,Hybrid Controller (Brute-Force),hybrid_bf,100,3,39.2,93.0,126.0,97.4,974,70.7,104.0,9.313,21.513,176,6.83,0.8,"Bounded (75-85% Saturation, Asymmetric)",[],[]
directional_moderate,Hybrid (uncoupled),hybrid_bf,119,3,50.82,100.95,183.0,94.6,946,90.83,132.0,11.993,27.703,160,5.49,0.8,"Bounded (75-85% Saturation, Asymmetric)",[],[]
directional_moderate,Hybrid Controller (Brute-Force),hybrid_bf,101,3,34.72,80.0,130.0,95.9,959,61.24,92.0,8.032,18.555,194,5.73,0.8,"Bounded (75-85% Saturation, Asymmetric)",[],[]
directional_moderate,Hybrid Controller (Brute-Force),hybrid_bf,102,3,42.82,103.0,222.0,96.4,964,77.74,134.0,10.133,23.408,186,6.09,0.8,"Bounded (75-85% Saturation, Asymmetric)",[],[]
directional_moderate,Hybrid Controller (Brute-Force),hybrid_bf,103,3,33.94,73.0,114.0,97.6,976,59.57,83.0,7.836,18.101,196,5.15,0.8,"Bounded (75-85% Saturation, Asymmetric)",[],[]
directional_moderate,Hybrid Controller (Brute-Force),hybrid_bf,105,3,40.04,99.0,163.0,98.8,988,74.69,112.0,9.762,22.549,174,5.32,0.8,"Bounded (75-85% Saturation, Asymmetric)",[],[]
directional_moderate,Hybrid Controller (Brute-Force),hybrid_bf,106,3,34.61,82.0,138.0,94.1,941,59.67,92.0,7.838,18.106,180,5.23,0.8,"Bounded (75-85% Saturation, Asymmetric)",[],[]
directional_moderate,Hybrid Controller (Brute-Force),hybrid_bf,107,3,43.66,96.45,155.0,96.8,968,77.77,119.0,10.207,23.579,186,4.69,0.8,"Bounded (75-85% Saturation, Asymmetric)",[],[]
directional_moderate,Hybrid Controller (Brute-Force),hybrid_bf,108,3,45.01,104.0,194.0,96.9,969,80.79,121.0,10.672,24.651,176,6.36,0.8,"Bounded (75-85% Saturation, Asymmetric)",[],[]
directional_moderate,Hybrid Controller (Brute-Force),hybrid_bf,104,3,38.31,86.0,134.0,95.8,958,69.38,111.0,9.101,21.024,181,5.24,0.8,"Bounded (75-85% Saturation, Asymmetric)",[],[]
directional_moderate,Hybrid Controller (Brute-Force),hybrid_bf,109,3,42.29,92.8,123.0,99.4,994,77.4,109.0,10.198,23.556,182,7.18,0.8,"Bounded (75-85% Saturation, Asymmetric)",[],[]
directional_moderate,Hybrid Controller (Brute-Force),hybrid_bf,111,3,40.6,93.0,146.0,98.0,980,73.78,112.0,9.672,22.341,178,5.59,0.8,"Bounded (75-85% Saturation, Asymmetric)",[],[]
directional_moderate,Hybrid Controller (Brute-Force),hybrid_bf,112,3,32.11,76.3,116.0,95.5,955,56.24,91.0,7.385,17.06,174,6.62,0.8,"Bounded (75-85% Saturation, Asymmetric)",[],[]
directional_moderate,Hybrid Controller (Brute-Force),hybrid_bf,113,3,41.47,105.55,146.0,96.6,966,73.51,106.0,9.676,22.351,186,5.26,0.8,"Bounded (75-85% Saturation, Asymmetric)",[],[]
directional_moderate,Hybrid Controller (Brute-Force),hybrid_bf,110,3,35.96,88.5,130.0,97.5,975,63.99,92.0,8.399,19.401,185,5.87,0.8,"Bounded (75-85% Saturation, Asymmetric)",[],[]
directional_moderate,Hybrid Controller (Brute-Force),hybrid_bf,114,3,39.06,97.0,170.0,95.8,958,69.44,108.0,9.07,20.951,190,4.58,0.8,"Bounded (75-85% Saturation, Asymmetric)",[],[]
incident_moderate,Fixed-Timing Baseline,fixed,100,3,40.54,88.0,119.0,97.4,974,72.96,104.0,9.539,22.036,114,6.96,0.72,Bounded + Bottleneck Incident,[],[]
directional_moderate,Hybrid Controller (Brute-Force),hybrid_bf,116,3,41.24,102.0,142.0,95.8,958,75.1,129.0,9.851,22.755,184,5.55,0.8,"Bounded (75-85% Saturation, Asymmetric)",[],[]
directional_moderate,Hybrid Controller (Brute-Force),hybrid_bf,115,3,38.46,91.85,117.0,96.4,964,69.1,107.0,9.094,21.008,172,5.88,0.8,"Bounded (75-85% Saturation, Asymmetric)",[],[]
incident_moderate,Fixed-Timing Baseline,fixed,102,3,42.39,97.0,150.0,94.6,946,73.74,114.0,9.654,22.302,114,7.57,0.72,Bounded + Bottleneck Incident,[],[]
incident_moderate,Fixed-Timing Baseline,fixed,101,3,39.04,70.0,114.0,95.8,958,68.99,102.0,9.04,20.882,114,7.64,0.72,Bounded + Bottleneck Incident,[],[]
directional_moderate,Hybrid Controller (Brute-Force),hybrid_bf,117,3,41.84,107.0,142.0,95.5,955,73.46,111.0,9.604,22.186,186,5.83,0.8,"Bounded (75-85% Saturation, Asymmetric)",[],[]
incident_moderate,Fixed-Timing Baseline,fixed,103,3,40.41,76.0,100.0,95.9,959,71.45,109.0,9.339,21.573,114,9.16,0.72,Bounded + Bottleneck Incident,[],[]
incident_moderate,Fixed-Timing Baseline,fixed,104,3,44.97,163.0,222.0,95.2,952,81.06,132.0,10.542,24.353,114,7.61,0.72,Bounded + Bottleneck Incident,[],[]
directional_moderate,Hybrid Controller (Brute-Force),hybrid_bf,118,3,40.85,98.45,160.0,96.9,969,75.97,136.0,9.913,22.899,178,5.82,0.8,"Bounded (75-85% Saturation, Asymmetric)",[],[]
incident_moderate,Fixed-Timing Baseline,fixed,105,3,40.62,89.95,139.0,96.3,963,71.9,112.0,9.407,21.73,114,6.27,0.72,Bounded + Bottleneck Incident,[],[]
incident_moderate,Fixed-Timing Baseline,fixed,106,3,42.42,97.0,142.0,92.8,928,72.55,112.0,9.492,21.927,114,7.74,0.72,Bounded + Bottleneck Incident,[],[]
incident_moderate,Fixed-Timing Baseline,fixed,107,3,40.36,76.0,124.0,97.0,970,70.78,103.0,9.265,21.402,114,6.27,0.72,Bounded + Bottleneck Incident,[],[]
incident_moderate,Fixed-Timing Baseline,fixed,108,3,43.7,85.0,111.0,95.5,955,75.39,109.0,9.915,22.904,114,7.47,0.72,Bounded + Bottleneck Incident,[],[]
incident_moderate,Fixed-Timing Baseline,fixed,109,3,43.5,91.5,170.0,98.8,988,77.03,113.0,10.198,23.557,114,7.69,0.72,Bounded + Bottleneck Incident,[],[]
incident_moderate,Fixed-Timing Baseline,fixed,110,3,42.35,98.0,200.0,96.4,964,74.5,113.0,9.796,22.629,114,7.82,0.72,Bounded + Bottleneck Incident,[],[]
incident_moderate,Fixed-Timing Baseline,fixed,111,3,44.23,97.8,166.0,97.7,977,80.16,122.0,10.467,24.178,114,8.49,0.72,Bounded + Bottleneck Incident,[],[]
incident_moderate,Fixed-Timing Baseline,fixed,112,3,39.38,80.0,113.0,95.0,950,68.67,103.0,8.953,20.682,114,7.58,0.72,Bounded + Bottleneck Incident,[],[]
directional_moderate,Hybrid Controller (Brute-Force),hybrid_bf,119,3,50.98,116.0,210.0,95.3,953,90.19,129.0,11.862,27.402,194,5.18,0.8,"Bounded (75-85% Saturation, Asymmetric)",[],[]
incident_moderate,Fixed-Timing Baseline,fixed,113,3,46.27,127.85,191.0,97.0,970,83.6,125.0,10.941,25.274,114,7.66,0.72,Bounded + Bottleneck Incident,[],[]
incident_moderate,Fixed-Timing Baseline,fixed,115,3,41.94,76.0,105.0,97.0,970,74.1,113.0,9.777,22.585,114,8.02,0.72,Bounded + Bottleneck Incident,[],[]
incident_moderate,Fixed-Timing Baseline,fixed,114,3,40.04,74.0,109.0,97.1,971,69.36,108.0,9.129,21.087,114,6.95,0.72,Bounded + Bottleneck Incident,[],[]
incident_moderate,Fixed-Timing Baseline,fixed,117,3,42.16,105.8,150.0,96.5,965,74.55,117.0,9.79,22.614,114,8.05,0.72,Bounded + Bottleneck Incident,[],[]
incident_moderate,Fixed-Timing Baseline,fixed,118,3,41.94,96.0,138.0,98.7,987,78.25,126.0,10.197,23.554,114,7.55,0.72,Bounded + Bottleneck Incident,[],[]
incident_moderate,Fixed-Timing Baseline,fixed,119,3,50.18,131.0,182.0,97.1,971,91.66,137.0,11.998,27.716,114,7.24,0.72,Bounded + Bottleneck Incident,[],[]
incident_moderate,Fixed-Timing Baseline,fixed,116,3,41.06,87.0,122.0,96.3,963,73.09,118.0,9.618,22.218,114,9.31,0.72,Bounded + Bottleneck Incident,[],[]
incident_moderate,Fixed (tuned),fixed,100,3,35.76,74.0,108.0,98.8,988,64.24,93.0,8.471,19.568,102,9.98,0.72,Bounded + Bottleneck Incident,[],[]
incident_moderate,Fixed (tuned),fixed,101,3,34.73,66.0,102.0,97.2,972,62.06,102.0,8.197,18.934,102,8.31,0.72,Bounded + Bottleneck Incident,[],[]
incident_moderate,Fixed (tuned),fixed,104,3,40.42,121.8,188.0,96.8,968,73.45,121.0,9.675,22.348,102,9.92,0.72,Bounded + Bottleneck Incident,[],[]
incident_moderate,Fixed (tuned),fixed,103,3,35.45,66.0,85.0,98.1,981,63.14,95.0,8.343,19.272,102,8.17,0.72,Bounded + Bottleneck Incident,[],[]
incident_moderate,Fixed (tuned),fixed,102,3,38.71,83.0,135.0,95.5,955,67.67,105.0,8.938,20.648,102,10.51,0.72,Bounded + Bottleneck Incident,[],[]
incident_moderate,Fixed (tuned),fixed,106,3,37.25,86.15,124.0,94.2,942,63.94,100.0,8.427,19.467,102,8.52,0.72,Bounded + Bottleneck Incident,[],[]
incident_moderate,Fixed (tuned),fixed,107,3,35.57,66.0,91.0,98.4,984,63.19,97.0,8.34,19.266,102,6.22,0.72,Bounded + Bottleneck Incident,[],[]
incident_moderate,Fixed (tuned),fixed,105,3,34.92,66.0,98.0,98.1,981,62.54,99.0,8.258,19.075,102,8.31,0.72,Bounded + Bottleneck Incident,[],[]
incident_moderate,Fixed (tuned),fixed,108,3,37.38,73.0,100.0,96.2,962,65.52,94.0,8.647,19.975,102,7.97,0.72,Bounded + Bottleneck Incident,[],[]
incident_moderate,Fixed (tuned),fixed,110,3,37.66,76.0,170.0,98.7,987,66.84,106.0,8.838,20.417,102,9.04,0.72,Bounded + Bottleneck Incident,[],[]
incident_moderate,Fixed (tuned),fixed,111,3,39.2,85.8,155.0,99.7,997,71.42,106.0,9.434,21.793,102,9.7,0.72,Bounded + Bottleneck Incident,[],[]
incident_moderate,Fixed (tuned),fixed,109,3,38.12,82.45,149.0,100.8,1008,68.65,111.0,9.081,20.977,102,9.33,0.72,Bounded + Bottleneck Incident,[],[]
incident_moderate,Fixed (tuned),fixed,113,3,40.59,113.35,186.0,98.4,984,73.49,114.0,9.688,22.379,102,8.94,0.72,Bounded + Bottleneck Incident,[],[]
incident_moderate,Fixed (tuned),fixed,114,3,34.02,65.0,96.0,97.9,979,59.6,94.0,7.871,18.182,102,8.1,0.72,Bounded + Bottleneck Incident,[],[]
incident_moderate,Fixed (tuned),fixed,112,3,36.09,71.0,106.0,95.5,955,63.49,104.0,8.381,19.359,102,8.92,0.72,Bounded + Bottleneck Incident,[],[]
incident_moderate,Fixed (tuned),fixed,115,3,36.87,67.0,89.0,98.9,989,65.73,105.0,8.684,20.06,102,9.18,0.72,Bounded + Bottleneck Incident,[],[]
incident_moderate,Fixed (tuned),fixed,116,3,37.1,73.0,108.0,97.8,978,66.48,112.0,8.756,20.227,102,7.97,0.72,Bounded + Bottleneck Incident,[],[]
incident_moderate,Fixed (tuned),fixed,117,3,37.17,83.6,135.0,98.4,984,66.04,104.0,8.73,20.167,102,9.4,0.72,Bounded + Bottleneck Incident,[],[]
incident_moderate,Fixed (tuned),fixed,119,3,43.85,116.0,163.0,99.8,998,80.36,127.0,10.603,24.493,102,8.29,0.72,Bounded + Bottleneck Incident,[],[]
incident_moderate,Fixed (tuned),fixed,118,3,38.78,85.0,130.0,99.9,999,72.64,118.0,9.558,22.078,102,10.35,0.72,Bounded + Bottleneck Incident,[],[]
incident_moderate,Rule-Based (tuned),rule_based,101,3,30.42,57.0,79.0,97.3,973,54.4,80.0,7.097,16.394,228,3.63,0.72,Bounded + Bottleneck Incident,[],[]
incident_moderate,Rule-Based (tuned),rule_based,100,3,35.0,70.95,100.0,98.5,985,62.88,88.0,8.261,19.083,226,4.18,0.72,Bounded + Bottleneck Incident,[],[]
incident_moderate,Rule-Based (tuned),rule_based,102,3,33.73,84.0,112.0,95.2,952,58.85,99.0,7.713,17.817,222,3.94,0.72,Bounded + Bottleneck Incident,[],[]
incident_moderate,Rule-Based (tuned),rule_based,103,3,34.0,72.0,89.0,95.8,958,60.77,91.0,7.881,18.205,227,4.09,0.72,Bounded + Bottleneck Incident,[],[]
incident_moderate,Rule-Based (tuned),rule_based,105,3,31.24,72.0,100.0,98.1,981,55.69,84.0,7.261,16.774,220,4.43,0.72,Bounded + Bottleneck Incident,[],[]
incident_moderate,Rule-Based (tuned),rule_based,104,3,42.4,138.9,193.0,94.7,947,76.97,128.0,10.13,23.4,216,4.88,0.72,Bounded + Bottleneck Incident,[],[]
incident_moderate,Rule-Based (tuned),rule_based,107,3,30.27,56.0,97.0,98.8,988,53.57,79.0,6.997,16.163,224,4.25,0.72,Bounded + Bottleneck Incident,[],[]
incident_moderate,Rule-Based (tuned),rule_based,106,3,32.83,77.0,110.0,93.9,939,56.47,84.0,7.406,17.107,221,3.98,0.72,Bounded + Bottleneck Incident,[],[]
incident_moderate,Rule-Based (tuned),rule_based,108,3,36.6,74.0,122.0,95.9,959,64.0,94.0,8.378,19.354,224,4.65,0.72,Bounded + Bottleneck Incident,[],[]
incident_moderate,Rule-Based (tuned),rule_based,110,3,36.75,90.0,174.0,97.3,973,65.18,93.0,8.576,19.81,224,4.59,0.72,Bounded + Bottleneck Incident,[],[]
incident_moderate,Rule-Based (tuned),rule_based,109,3,36.43,77.6,120.0,100.1,1001,65.02,92.0,8.557,19.767,225,4.86,0.72,Bounded + Bottleneck Incident,[],[]
incident_moderate,Rule-Based (tuned),rule_based,112,3,32.11,58.0,100.0,95.0,950,56.42,87.0,7.365,17.012,230,4.13,0.72,Bounded + Bottleneck Incident,[],[]
incident_moderate,Rule-Based (tuned),rule_based,111,3,39.07,93.0,125.0,98.7,987,71.17,104.0,9.332,21.558,223,4.4,0.72,Bounded + Bottleneck Incident,[],[]
incident_moderate,Rule-Based (tuned),rule_based,113,3,38.64,103.4,155.0,97.6,976,70.0,108.0,9.161,21.162,224,3.74,0.72,Bounded + Bottleneck Incident,[],[]
incident_moderate,Rule-Based (tuned),rule_based,114,3,32.54,62.0,95.0,97.9,979,56.46,85.0,7.426,17.154,227,3.14,0.72,Bounded + Bottleneck Incident,[],[]
incident_moderate,Rule-Based (tuned),rule_based,116,3,30.97,62.0,88.0,97.2,972,55.55,91.0,7.28,16.818,225,4.36,0.72,Bounded + Bottleneck Incident,[],[]
incident_moderate,Rule-Based (tuned),rule_based,117,3,34.89,96.0,148.0,96.9,969,62.13,99.0,8.173,18.879,223,4.13,0.72,Bounded + Bottleneck Incident,[],[]
incident_moderate,Rule-Based (tuned),rule_based,115,3,33.31,73.0,104.0,98.0,980,59.29,92.0,7.766,17.938,225,4.28,0.72,Bounded + Bottleneck Incident,[],[]
incident_moderate,Rule-Based (tuned),rule_based,118,3,36.37,74.8,123.0,99.3,993,68.15,119.0,8.93,20.628,224,4.75,0.72,Bounded + Bottleneck Incident,[],[]
incident_moderate,Rule-Based (tuned),rule_based,119,3,48.47,151.55,201.0,97.2,972,89.48,136.0,11.675,26.969,212,4.13,0.72,Bounded + Bottleneck Incident,[],[]
incident_moderate,Max-Pressure (tuned),max_pressure,101,3,28.63,61.0,97.0,97.9,979,51.16,84.0,6.674,15.417,251,4.18,0.72,Bounded + Bottleneck Incident,[],[]
incident_moderate,Max-Pressure (tuned),max_pressure,100,3,35.28,74.0,119.0,98.3,983,63.29,92.0,8.351,19.29,259,4.55,0.72,Bounded + Bottleneck Incident,[],[]
incident_moderate,Max-Pressure (tuned),max_pressure,103,3,33.09,75.0,93.0,96.2,962,59.07,89.0,7.729,17.853,247,3.97,0.72,Bounded + Bottleneck Incident,[],[]
incident_moderate,Max-Pressure (tuned),max_pressure,104,3,41.26,126.9,202.0,94.1,941,75.55,133.0,9.83,22.708,244,3.8,0.72,Bounded + Bottleneck Incident,[],[]
incident_moderate,Max-Pressure (tuned),max_pressure,102,3,37.05,90.0,136.0,93.5,935,64.78,101.0,8.465,19.553,244,4.82,0.72,Bounded + Bottleneck Incident,[],[]
incident_moderate,Max-Pressure (tuned),max_pressure,105,3,34.18,80.0,119.0,97.1,971,61.09,89.0,7.96,18.387,250,3.37,0.72,Bounded + Bottleneck Incident,[],[]
incident_moderate,Max-Pressure (tuned),max_pressure,106,3,32.59,84.0,122.0,94.8,948,56.43,87.0,7.381,17.049,246,4.92,0.72,Bounded + Bottleneck Incident,[],[]
incident_moderate,Max-Pressure (tuned),max_pressure,107,3,33.43,82.75,132.0,97.5,975,59.33,84.0,7.77,17.949,247,4.31,0.72,Bounded + Bottleneck Incident,[],[]
incident_moderate,Max-Pressure (tuned),max_pressure,109,3,34.74,93.0,151.0,99.8,998,62.45,89.0,8.191,18.921,243,4.17,0.72,Bounded + Bottleneck Incident,[],[]
incident_moderate,Max-Pressure (tuned),max_pressure,108,3,37.75,91.2,143.0,95.7,957,65.95,93.0,8.632,19.941,244,4.16,0.72,Bounded + Bottleneck Incident,[],[]
incident_moderate,Max-Pressure (tuned),max_pressure,110,3,35.34,95.0,170.0,98.2,982,62.65,91.0,8.27,19.105,259,3.52,0.72,Bounded + Bottleneck Incident,[],[]
incident_moderate,Max-Pressure (tuned),max_pressure,112,3,29.92,61.0,90.0,95.3,953,52.71,90.0,6.815,15.742,246,3.8,0.72,Bounded + Bottleneck Incident,[],[]
incident_moderate,Max-Pressure (tuned),max_pressure,113,3,39.19,104.0,148.0,97.9,979,70.83,108.0,9.346,21.588,248,3.86,0.72,Bounded + Bottleneck Incident,[],[]
incident_moderate,Max-Pressure (tuned),max_pressure,111,3,37.82,108.0,146.0,98.1,981,68.78,101.0,9.026,20.85,246,4.31,0.72,Bounded + Bottleneck Incident,[],[]
incident_moderate,Max-Pressure (tuned),max_pressure,115,3,33.03,77.0,112.0,97.3,973,59.22,93.0,7.745,17.89,250,3.6,0.72,Bounded + Bottleneck Incident,[],[]
incident_moderate,Max-Pressure (tuned),max_pressure,116,3,31.59,69.4,109.0,97.4,974,56.81,92.0,7.393,17.077,251,4.07,0.72,Bounded + Bottleneck Incident,[],[]
incident_moderate,Max-Pressure (tuned),max_pressure,114,3,30.63,73.0,106.0,97.3,973,53.5,85.0,7.005,16.181,251,3.94,0.72,Bounded + Bottleneck Incident,[],[]
incident_moderate,Max-Pressure (tuned),max_pressure,117,3,35.18,95.0,150.0,96.7,967,62.61,94.0,8.217,18.982,239,4.12,0.72,Bounded + Bottleneck Incident,[],[]
incident_moderate,Max-Pressure (tuned),max_pressure,118,3,35.31,76.0,117.0,98.6,986,66.72,116.0,8.647,19.975,252,4.58,0.72,Bounded + Bottleneck Incident,[],[]
incident_moderate,Max-Pressure (tuned),max_pressure,119,3,41.87,125.9,185.0,98.6,986,76.88,111.0,10.077,23.278,239,3.81,0.72,Bounded + Bottleneck Incident,[],[]
incident_moderate,Hybrid (uncoupled),hybrid_bf,100,3,38.39,89.0,144.0,97.0,970,68.87,108.0,9.095,21.01,178,4.77,0.72,Bounded + Bottleneck Incident,[],[]
incident_moderate,Hybrid (uncoupled),hybrid_bf,101,3,37.86,80.45,127.0,95.6,956,67.45,99.0,8.85,20.444,181,4.49,0.72,Bounded + Bottleneck Incident,[],[]
incident_moderate,Hybrid (uncoupled),hybrid_bf,105,3,37.06,90.5,137.0,97.0,970,65.9,94.0,8.656,19.995,177,4.09,0.72,Bounded + Bottleneck Incident,[],[]
incident_moderate,Hybrid (uncoupled),hybrid_bf,102,3,39.83,105.35,133.0,93.9,939,69.81,106.0,9.152,21.142,170,4.3,0.72,Bounded + Bottleneck Incident,[],[]
incident_moderate,Hybrid (uncoupled),hybrid_bf,103,3,40.74,92.0,127.0,94.0,940,72.39,109.0,9.424,21.768,178,4.51,0.72,Bounded + Bottleneck Incident,[],[]
incident_moderate,Hybrid (uncoupled),hybrid_bf,104,3,53.17,162.8,247.0,91.6,916,96.44,161.0,12.585,29.071,181,4.98,0.72,Bounded + Bottleneck Incident,[],[]
incident_moderate,Hybrid (uncoupled),hybrid_bf,106,3,38.9,87.0,120.0,93.5,935,66.4,105.0,8.732,20.17,193,4.09,0.72,Bounded + Bottleneck Incident,[],[]
incident_moderate,Hybrid (uncoupled),hybrid_bf,107,3,33.48,62.0,113.0,99.0,990,58.87,92.0,7.739,17.876,165,4.52,0.72,Bounded + Bottleneck Incident,[],[]
incident_moderate,Hybrid (uncoupled),hybrid_bf,108,3,36.71,71.0,112.0,96.6,966,64.21,96.0,8.435,19.485,172,4.83,0.72,Bounded + Bottleneck Incident,[],[]
incident_moderate,Hybrid (uncoupled),hybrid_bf,109,3,37.9,75.0,149.0,100.4,1004,67.78,98.0,8.978,20.739,177,4.64,0.72,Bounded + Bottleneck Incident,[],[]
incident_moderate,Hybrid (uncoupled),hybrid_bf,110,3,42.32,101.0,210.0,96.8,968,75.13,107.0,9.819,22.682,177,4.93,0.72,Bounded + Bottleneck Incident,[],[]
incident_moderate,Hybrid (uncoupled),hybrid_bf,111,3,39.99,95.45,144.0,97.8,978,72.89,107.0,9.526,22.006,169,5.9,0.72,Bounded + Bottleneck Incident,[],[]
incident_moderate,Hybrid (uncoupled),hybrid_bf,114,3,36.91,79.35,121.0,96.3,963,64.26,104.0,8.481,19.592,181,4.25,0.72,Bounded + Bottleneck Incident,[],[]
incident_moderate,Hybrid (uncoupled),hybrid_bf,112,3,36.95,80.0,121.0,94.2,942,65.08,98.0,8.515,19.669,177,4.8,0.72,Bounded + Bottleneck Incident,[],[]
incident_moderate,Hybrid (uncoupled),hybrid_bf,115,3,38.33,75.0,99.0,97.5,975,68.41,106.0,8.969,20.719,194,4.17,0.72,Bounded + Bottleneck Incident,[],[]
incident_moderate,Hybrid (uncoupled),hybrid_bf,113,3,44.4,126.3,179.0,96.9,969,80.12,121.0,10.538,24.343,186,4.78,0.72,Bounded + Bottleneck Incident,[],[]
incident_moderate,Hybrid (uncoupled),hybrid_bf,116,3,40.43,108.95,144.0,95.5,955,72.59,120.0,9.541,22.04,180,5.03,0.72,Bounded + Bottleneck Incident,[],[]
incident_moderate,Hybrid (uncoupled),hybrid_bf,117,3,39.83,85.3,149.0,98.2,982,70.58,110.0,9.277,21.43,166,4.63,0.72,Bounded + Bottleneck Incident,[],[]
incident_moderate,Hybrid (uncoupled),hybrid_bf,118,3,41.35,98.0,144.0,97.7,977,77.09,133.0,10.117,23.371,189,4.22,0.72,Bounded + Bottleneck Incident,[],[]
incident_moderate,Hybrid (uncoupled),hybrid_bf,119,3,50.96,156.0,194.0,97.2,972,94.17,140.0,12.309,28.433,183,4.62,0.72,Bounded + Bottleneck Incident,[],[]
incident_moderate,Hybrid Controller (Brute-Force),hybrid_bf,100,3,38.39,89.0,144.0,97.0,970,68.87,108.0,9.095,21.01,178,4.77,0.72,Bounded + Bottleneck Incident,[],[]
incident_moderate,Hybrid Controller (Brute-Force),hybrid_bf,101,3,37.86,80.45,127.0,95.6,956,67.45,99.0,8.85,20.444,181,4.49,0.72,Bounded + Bottleneck Incident,[],[]
incident_moderate,Hybrid Controller (Brute-Force),hybrid_bf,104,3,53.17,162.8,247.0,91.6,916,96.44,161.0,12.585,29.071,181,4.98,0.72,Bounded + Bottleneck Incident,[],[]
incident_moderate,Hybrid Controller (Brute-Force),hybrid_bf,102,3,39.83,105.35,133.0,93.9,939,69.81,106.0,9.152,21.142,170,4.3,0.72,Bounded + Bottleneck Incident,[],[]
incident_moderate,Hybrid Controller (Brute-Force),hybrid_bf,103,3,40.74,92.0,127.0,94.0,940,72.39,109.0,9.424,21.768,178,4.51,0.72,Bounded + Bottleneck Incident,[],[]
incident_moderate,Hybrid Controller (Brute-Force),hybrid_bf,105,3,37.06,90.5,137.0,97.0,970,65.9,94.0,8.656,19.995,177,4.09,0.72,Bounded + Bottleneck Incident,[],[]
incident_moderate,Hybrid Controller (Brute-Force),hybrid_bf,106,3,38.9,87.0,120.0,93.5,935,66.4,105.0,8.732,20.17,193,4.09,0.72,Bounded + Bottleneck Incident,[],[]
incident_moderate,Hybrid Controller (Brute-Force),hybrid_bf,107,3,33.48,62.0,113.0,99.0,990,58.87,92.0,7.739,17.876,165,4.52,0.72,Bounded + Bottleneck Incident,[],[]
incident_moderate,Hybrid Controller (Brute-Force),hybrid_bf,108,3,36.71,71.0,112.0,96.6,966,64.21,96.0,8.435,19.485,172,4.83,0.72,Bounded + Bottleneck Incident,[],[]
incident_moderate,Hybrid Controller (Brute-Force),hybrid_bf,109,3,37.9,75.0,149.0,100.4,1004,67.78,98.0,8.978,20.739,177,4.64,0.72,Bounded + Bottleneck Incident,[],[]
incident_moderate,Hybrid Controller (Brute-Force),hybrid_bf,110,3,42.32,101.0,210.0,96.8,968,75.13,107.0,9.819,22.682,177,4.93,0.72,Bounded + Bottleneck Incident,[],[]
incident_moderate,Hybrid Controller (Brute-Force),hybrid_bf,112,3,36.95,80.0,121.0,94.2,942,65.08,98.0,8.515,19.669,177,4.8,0.72,Bounded + Bottleneck Incident,[],[]
incident_moderate,Hybrid Controller (Brute-Force),hybrid_bf,114,3,36.91,79.35,121.0,96.3,963,64.26,104.0,8.481,19.592,181,4.25,0.72,Bounded + Bottleneck Incident,[],[]
incident_moderate,Hybrid Controller (Brute-Force),hybrid_bf,115,3,38.33,75.0,99.0,97.5,975,68.41,106.0,8.969,20.719,194,4.17,0.72,Bounded + Bottleneck Incident,[],[]
incident_moderate,Hybrid Controller (Brute-Force),hybrid_bf,117,3,39.83,85.3,149.0,98.2,982,70.58,110.0,9.277,21.43,166,4.63,0.72,Bounded + Bottleneck Incident,[],[]
incident_moderate,Hybrid Controller (Brute-Force),hybrid_bf,116,3,40.43,108.95,144.0,95.5,955,72.59,120.0,9.541,22.04,180,5.03,0.72,Bounded + Bottleneck Incident,[],[]
incident_moderate,Hybrid Controller (Brute-Force),hybrid_bf,118,3,41.35,98.0,144.0,97.7,977,77.09,133.0,10.117,23.371,189,4.22,0.72,Bounded + Bottleneck Incident,[],[]
incident_moderate,Hybrid Controller (Brute-Force),hybrid_bf,111,3,39.99,95.45,144.0,97.8,978,72.89,107.0,9.526,22.006,169,5.9,0.72,Bounded + Bottleneck Incident,[],[]
incident_moderate,Hybrid Controller (Brute-Force),hybrid_bf,113,3,44.4,126.3,179.0,96.9,969,80.12,121.0,10.538,24.343,186,4.78,0.72,Bounded + Bottleneck Incident,[],[]
shifting_demand,Fixed-Timing Baseline,fixed,101,3,64.2,133.2,186.0,95.1,951,126.38,226.0,16.791,38.786,114,7.64,0.8,Bounded (Dynamic Split Swap),[],[]
shifting_demand,Fixed-Timing Baseline,fixed,100,3,75.13,162.0,235.0,96.0,960,151.34,238.0,20.0,46.2,114,6.96,0.8,Bounded (Dynamic Split Swap),[],[]
shifting_demand,Fixed-Timing Baseline,fixed,102,3,65.71,141.55,199.0,96.3,963,128.48,207.0,17.085,39.466,114,7.57,0.8,Bounded (Dynamic Split Swap),[],[]
incident_moderate,Hybrid Controller (Brute-Force),hybrid_bf,119,3,50.96,156.0,194.0,97.2,972,94.17,140.0,12.309,28.433,183,4.62,0.72,Bounded + Bottleneck Incident,[],[]
shifting_demand,Fixed-Timing Baseline,fixed,103,3,66.32,146.0,200.0,94.0,940,127.3,208.0,16.918,39.081,114,9.16,0.8,Bounded (Dynamic Split Swap),[],[]
shifting_demand,Fixed-Timing Baseline,fixed,104,3,69.32,158.85,216.0,95.3,953,137.3,231.0,18.238,42.129,114,7.61,0.8,Bounded (Dynamic Split Swap),[],[]
shifting_demand,Fixed-Timing Baseline,fixed,107,3,68.38,139.0,184.0,96.1,961,135.34,224.0,18.006,41.593,114,6.27,0.8,Bounded (Dynamic Split Swap),[],[]
shifting_demand,Fixed-Timing Baseline,fixed,105,3,76.84,180.0,241.0,98.3,983,157.8,239.0,20.748,47.927,114,6.27,0.8,Bounded (Dynamic Split Swap),[],[]
shifting_demand,Fixed-Timing Baseline,fixed,106,3,67.61,135.0,158.0,93.5,935,130.52,222.0,17.382,40.152,114,7.74,0.8,Bounded (Dynamic Split Swap),[],[]
shifting_demand,Fixed-Timing Baseline,fixed,108,3,71.39,166.7,269.0,96.1,961,141.04,209.0,18.514,42.768,114,7.47,0.8,Bounded (Dynamic Split Swap),[],[]
shifting_demand,Fixed-Timing Baseline,fixed,109,3,72.63,169.0,230.0,97.9,979,142.68,210.0,18.948,43.769,114,7.69,0.8,Bounded (Dynamic Split Swap),[],[]
shifting_demand,Fixed-Timing Baseline,fixed,111,3,74.75,172.0,228.0,94.8,948,147.99,229.0,19.551,45.163,114,8.49,0.8,Bounded (Dynamic Split Swap),[],[]
shifting_demand,Fixed-Timing Baseline,fixed,113,3,66.22,139.25,193.0,96.3,963,132.2,233.0,17.599,40.653,114,7.66,0.8,Bounded (Dynamic Split Swap),[],[]
shifting_demand,Fixed-Timing Baseline,fixed,112,3,70.3,160.9,211.0,93.0,930,139.12,235.0,18.168,41.968,114,7.58,0.8,Bounded (Dynamic Split Swap),[],[]
shifting_demand,Fixed-Timing Baseline,fixed,110,3,71.18,166.0,218.0,95.3,953,139.63,223.0,18.601,42.968,114,7.82,0.8,Bounded (Dynamic Split Swap),[],[]
shifting_demand,Fixed-Timing Baseline,fixed,114,3,68.27,151.0,184.0,95.9,959,132.79,201.0,17.597,40.65,114,6.95,0.8,Bounded (Dynamic Split Swap),[],[]
shifting_demand,Fixed-Timing Baseline,fixed,115,3,76.21,168.0,229.0,95.0,950,151.71,236.0,20.018,46.241,114,8.02,0.8,Bounded (Dynamic Split Swap),[],[]
shifting_demand,Fixed-Timing Baseline,fixed,116,3,71.81,152.0,204.0,93.4,934,142.18,252.0,18.925,43.717,114,9.31,0.8,Bounded (Dynamic Split Swap),[],[]
shifting_demand,Fixed-Timing Baseline,fixed,117,3,75.58,163.0,211.0,97.3,973,152.91,238.0,20.323,46.946,114,8.05,0.8,Bounded (Dynamic Split Swap),[],[]
shifting_demand,Fixed-Timing Baseline,fixed,119,3,67.63,141.0,217.0,96.4,964,136.97,242.0,18.126,41.87,114,7.24,0.8,Bounded (Dynamic Split Swap),[],[]
shifting_demand,Fixed-Timing Baseline,fixed,118,3,76.64,172.0,216.0,96.3,963,156.39,249.0,20.641,47.68,114,7.55,0.8,Bounded (Dynamic Split Swap),[],[]
shifting_demand,Fixed (tuned),fixed,101,3,52.62,104.0,135.0,95.7,957,105.81,241.0,13.693,31.632,90,8.73,0.8,Bounded (Dynamic Split Swap),[],[]
shifting_demand,Fixed (tuned),fixed,102,3,55.45,104.0,152.0,96.6,966,110.45,232.0,14.344,33.135,90,10.99,0.8,Bounded (Dynamic Split Swap),[],[]
shifting_demand,Fixed (tuned),fixed,103,3,54.08,108.95,125.0,94.7,947,105.94,231.0,13.724,31.702,90,10.11,0.8,Bounded (Dynamic Split Swap),[],[]
shifting_demand,Fixed (tuned),fixed,100,3,61.77,124.0,143.0,96.8,968,126.67,262.0,16.458,38.017,90,8.43,0.8,Bounded (Dynamic Split Swap),[],[]
shifting_demand,Fixed (tuned),fixed,104,3,56.02,113.0,140.0,96.5,965,113.33,254.0,14.702,33.961,90,8.54,0.8,Bounded (Dynamic Split Swap),[],[]
shifting_demand,Fixed (tuned),fixed,105,3,60.47,116.1,158.0,100.7,1007,126.02,245.0,16.381,37.84,90,10.6,0.8,Bounded (Dynamic Split Swap),[],[]
shifting_demand,Fixed (tuned),fixed,106,3,55.49,117.0,142.0,94.4,944,108.83,240.0,14.093,32.556,90,9.02,0.8,Bounded (Dynamic Split Swap),[],[]
shifting_demand,Fixed (tuned),fixed,107,3,58.2,119.0,140.0,95.8,958,117.55,263.0,15.21,35.136,90,10.17,0.8,Bounded (Dynamic Split Swap),[],[]
shifting_demand,Fixed (tuned),fixed,110,3,59.89,122.0,140.0,95.1,951,119.46,248.0,15.49,35.783,90,11.56,0.8,Bounded (Dynamic Split Swap),[],[]
shifting_demand,Fixed (tuned),fixed,111,3,58.75,117.0,152.0,96.7,967,118.67,237.0,15.406,35.588,90,11.24,0.8,Bounded (Dynamic Split Swap),[],[]
shifting_demand,Fixed (tuned),fixed,108,3,58.54,134.55,176.0,97.9,979,116.48,228.0,15.142,34.978,90,10.14,0.8,Bounded (Dynamic Split Swap),[],[]
shifting_demand,Fixed (tuned),fixed,109,3,55.83,114.0,150.0,100.0,1000,111.17,219.0,14.454,33.39,90,9.75,0.8,Bounded (Dynamic Split Swap),[],[]
shifting_demand,Fixed (tuned),fixed,112,3,57.98,117.0,138.0,95.4,954,115.91,252.0,15.022,34.701,90,10.46,0.8,Bounded (Dynamic Split Swap),[],[]
shifting_demand,Fixed (tuned),fixed,113,3,55.22,112.0,146.0,96.7,967,112.5,248.0,14.566,33.647,90,10.05,0.8,Bounded (Dynamic Split Swap),[],[]
shifting_demand,Fixed (tuned),fixed,114,3,54.02,106.0,128.0,97.4,974,106.73,219.0,13.854,32.002,90,9.45,0.8,Bounded (Dynamic Split Swap),[],[]
shifting_demand,Fixed (tuned),fixed,115,3,62.43,134.0,161.0,96.4,964,126.22,255.0,16.385,37.849,90,9.61,0.8,Bounded (Dynamic Split Swap),[],[]
shifting_demand,Fixed (tuned),fixed,116,3,59.17,120.0,170.0,94.5,945,119.12,266.0,15.438,35.661,90,10.87,0.8,Bounded (Dynamic Split Swap),[],[]
shifting_demand,Fixed (tuned),fixed,117,3,61.07,125.0,145.0,98.0,980,125.77,260.0,16.313,37.683,90,10.46,0.8,Bounded (Dynamic Split Swap),[],[]
shifting_demand,Rule-Based (tuned),rule_based,102,3,35.98,77.0,141.0,106.6,1066,70.87,117.0,9.274,21.422,182,6.02,0.8,Bounded (Dynamic Split Swap),[],[]
shifting_demand,Fixed (tuned),fixed,119,3,58.44,114.1,149.0,97.1,971,119.97,264.0,15.57,35.967,90,9.72,0.8,Bounded (Dynamic Split Swap),[],[]
shifting_demand,Rule-Based (tuned),rule_based,101,3,36.2,83.5,160.0,106.2,1062,71.55,111.0,9.42,21.76,203,6.03,0.8,Bounded (Dynamic Split Swap),[],[]
shifting_demand,Fixed (tuned),fixed,118,3,61.8,118.0,148.0,98.1,981,127.75,262.0,16.605,38.357,90,10.55,0.8,Bounded (Dynamic Split Swap),[],[]
shifting_demand,Rule-Based (tuned),rule_based,100,3,39.47,85.0,244.0,107.2,1072,80.33,125.0,10.489,24.23,196,5.87,0.8,Bounded (Dynamic Split Swap),[],[]
shifting_demand,Rule-Based (tuned),rule_based,103,3,37.67,92.7,169.0,103.5,1035,72.66,112.0,9.6,22.177,206,4.91,0.8,Bounded (Dynamic Split Swap),[],[]
shifting_demand,Rule-Based (tuned),rule_based,104,3,37.64,93.1,206.0,107.4,1074,75.06,112.0,9.863,22.783,181,7.62,0.8,Bounded (Dynamic Split Swap),[],[]
shifting_demand,Rule-Based (tuned),rule_based,105,3,46.95,114.0,209.0,109.1,1091,96.51,147.0,12.708,29.357,187,6.22,0.8,Bounded (Dynamic Split Swap),[],[]
shifting_demand,Rule-Based (tuned),rule_based,106,3,35.34,78.0,172.0,106.2,1062,68.72,97.0,8.976,20.734,193,4.79,0.8,Bounded (Dynamic Split Swap),[],[]
shifting_demand,Rule-Based (tuned),rule_based,107,3,37.02,87.75,166.0,109.5,1095,73.49,121.0,9.674,22.346,181,5.93,0.8,Bounded (Dynamic Split Swap),[],[]
shifting_demand,Rule-Based (tuned),rule_based,108,3,46.11,114.0,280.0,104.2,1042,90.83,135.0,11.958,27.624,197,5.31,0.8,Bounded (Dynamic Split Swap),[],[]
shifting_demand,Rule-Based (tuned),rule_based,109,3,36.97,79.0,123.0,110.6,1106,72.56,101.0,9.564,22.093,200,6.11,0.8,Bounded (Dynamic Split Swap),[],[]
shifting_demand,Rule-Based (tuned),rule_based,111,3,36.96,87.1,151.0,107.8,1078,73.88,108.0,9.684,22.371,188,6.49,0.8,Bounded (Dynamic Split Swap),[],[]
shifting_demand,Rule-Based (tuned),rule_based,110,3,33.89,78.0,146.0,110.5,1105,66.16,94.0,8.736,20.179,187,5.99,0.8,Bounded (Dynamic Split Swap),[],[]
shifting_demand,Rule-Based (tuned),rule_based,112,3,37.72,94.0,156.0,105.2,1052,75.03,124.0,9.739,22.497,193,4.25,0.8,Bounded (Dynamic Split Swap),[],[]
shifting_demand,Rule-Based (tuned),rule_based,113,3,35.08,76.6,157.0,107.8,1078,70.41,111.0,9.27,21.413,203,5.11,0.8,Bounded (Dynamic Split Swap),[],[]
shifting_demand,Rule-Based (tuned),rule_based,114,3,35.26,74.0,154.0,106.4,1064,68.96,97.0,9.025,20.849,186,5.78,0.8,Bounded (Dynamic Split Swap),[],[]
shifting_demand,Rule-Based (tuned),rule_based,115,3,40.8,102.0,245.0,106.7,1067,81.23,132.0,10.643,24.586,188,6.3,0.8,Bounded (Dynamic Split Swap),[],[]
shifting_demand,Rule-Based (tuned),rule_based,116,3,35.08,85.3,158.0,107.7,1077,69.31,104.0,9.159,21.157,193,5.62,0.8,Bounded (Dynamic Split Swap),[],[]
shifting_demand,Rule-Based (tuned),rule_based,117,3,43.07,108.0,208.0,109.4,1094,87.07,134.0,11.476,26.511,184,5.43,0.8,Bounded (Dynamic Split Swap),[],[]
shifting_demand,Rule-Based (tuned),rule_based,118,3,40.28,98.0,163.0,109.1,1091,82.01,124.0,10.803,24.956,192,5.91,0.8,Bounded (Dynamic Split Swap),[],[]
shifting_demand,Rule-Based (tuned),rule_based,119,3,47.87,122.05,280.0,106.0,1060,96.95,146.0,12.764,29.486,188,4.99,0.8,Bounded (Dynamic Split Swap),[],[]
shifting_demand,Max-Pressure (tuned),max_pressure,100,3,44.14,104.0,247.0,105.9,1059,90.32,140.0,11.691,27.006,199,5.11,0.8,Bounded (Dynamic Split Swap),[],[]
shifting_demand,Max-Pressure (tuned),max_pressure,101,3,42.68,133.1,199.0,103.3,1033,84.12,137.0,11.097,25.634,212,4.43,0.8,Bounded (Dynamic Split Swap),[],[]
shifting_demand,Max-Pressure (tuned),max_pressure,102,3,46.96,140.8,176.0,101.9,1019,92.7,148.0,12.158,28.085,211,5.33,0.8,Bounded (Dynamic Split Swap),[],[]
shifting_demand,Max-Pressure (tuned),max_pressure,103,3,40.63,106.0,164.0,103.1,1031,78.96,115.0,10.346,23.9,209,5.56,0.8,Bounded (Dynamic Split Swap),[],[]
shifting_demand,Max-Pressure (tuned),max_pressure,106,3,39.22,108.0,193.0,103.9,1039,77.02,119.0,9.943,22.969,210,4.57,0.8,Bounded (Dynamic Split Swap),[],[]
shifting_demand,Max-Pressure (tuned),max_pressure,104,3,43.37,123.85,275.0,105.7,1057,86.52,131.0,11.412,26.361,203,5.85,0.8,Bounded (Dynamic Split Swap),[],[]
shifting_demand,Max-Pressure (tuned),max_pressure,105,3,48.45,138.5,230.0,107.4,1074,100.72,156.0,13.082,30.219,204,5.15,0.8,Bounded (Dynamic Split Swap),[],[]
shifting_demand,Max-Pressure (tuned),max_pressure,108,3,47.88,132.8,299.0,103.0,1030,95.26,144.0,12.363,28.559,212,5.31,0.8,Bounded (Dynamic Split Swap),[],[]
shifting_demand,Max-Pressure (tuned),max_pressure,107,3,42.3,129.0,178.0,106.4,1064,84.32,140.0,11.054,25.534,198,4.69,0.8,Bounded (Dynamic Split Swap),[],[]
shifting_demand,Max-Pressure (tuned),max_pressure,109,3,45.15,117.85,180.0,107.2,1072,89.89,123.0,11.66,26.934,203,5.23,0.8,Bounded (Dynamic Split Swap),[],[]
shifting_demand,Max-Pressure (tuned),max_pressure,110,3,43.49,118.0,224.0,106.6,1066,85.25,116.0,11.23,25.942,208,5.21,0.8,Bounded (Dynamic Split Swap),[],[]
shifting_demand,Max-Pressure (tuned),max_pressure,111,3,44.76,123.2,251.0,105.3,1053,89.39,132.0,11.707,27.042,198,6.66,0.8,Bounded (Dynamic Split Swap),[],[]
shifting_demand,Max-Pressure (tuned),max_pressure,112,3,46.07,119.85,197.0,103.4,1034,90.97,143.0,11.918,27.53,211,5.36,0.8,Bounded (Dynamic Split Swap),[],[]
shifting_demand,Max-Pressure (tuned),max_pressure,114,3,42.09,115.0,174.0,105.0,1050,82.01,116.0,10.803,24.954,205,4.8,0.8,Bounded (Dynamic Split Swap),[],[]
shifting_demand,Max-Pressure (tuned),max_pressure,113,3,44.67,119.7,219.0,104.6,1046,89.55,139.0,11.744,27.128,205,6.19,0.8,Bounded (Dynamic Split Swap),[],[]
shifting_demand,Max-Pressure (tuned),max_pressure,115,3,44.42,134.0,266.0,104.6,1046,89.81,143.0,11.578,26.745,206,6.56,0.8,Bounded (Dynamic Split Swap),[],[]
shifting_demand,Max-Pressure (tuned),max_pressure,118,3,46.56,135.7,242.0,107.5,1075,94.58,144.0,12.488,28.848,197,6.02,0.8,Bounded (Dynamic Split Swap),[],[]
shifting_demand,Max-Pressure (tuned),max_pressure,117,3,47.89,146.0,262.0,107.1,1071,97.33,157.0,12.782,29.525,196,4.2,0.8,Bounded (Dynamic Split Swap),[],[]
shifting_demand,Max-Pressure (tuned),max_pressure,116,3,44.8,138.45,205.0,104.1,1041,89.24,137.0,11.667,26.95,194,5.17,0.8,Bounded (Dynamic Split Swap),[],[]
shifting_demand,Max-Pressure (tuned),max_pressure,119,3,52.05,150.4,286.0,105.0,1050,106.16,158.0,13.8,31.877,208,5.37,0.8,Bounded (Dynamic Split Swap),[],[]
shifting_demand,Hybrid (uncoupled),hybrid_bf,101,3,36.56,79.0,139.0,107.4,1074,72.22,110.0,9.546,22.052,158,5.96,0.8,Bounded (Dynamic Split Swap),[],[]
shifting_demand,Hybrid (uncoupled),hybrid_bf,100,3,38.86,82.5,223.0,108.2,1082,78.69,110.0,10.284,23.756,161,5.0,0.8,Bounded (Dynamic Split Swap),[],[]
shifting_demand,Hybrid (uncoupled),hybrid_bf,102,3,41.17,97.05,172.0,104.8,1048,80.84,132.0,10.614,24.517,163,5.58,0.8,Bounded (Dynamic Split Swap),[],[]
shifting_demand,Hybrid (uncoupled),hybrid_bf,104,3,40.41,95.0,215.0,107.0,1070,80.41,114.0,10.632,24.559,154,7.59,0.8,Bounded (Dynamic Split Swap),[],[]
shifting_demand,Hybrid (uncoupled),hybrid_bf,107,3,40.35,108.0,171.0,108.3,1083,80.02,131.0,10.59,24.462,159,4.43,0.8,Bounded (Dynamic Split Swap),[],[]
shifting_demand,Hybrid (uncoupled),hybrid_bf,106,3,35.12,82.0,152.0,106.5,1065,67.32,96.0,8.905,20.571,159,5.08,0.8,Bounded (Dynamic Split Swap),[],[]
shifting_demand,Hybrid (uncoupled),hybrid_bf,105,3,46.16,107.5,176.0,110.7,1107,94.58,139.0,12.474,28.816,152,5.43,0.8,Bounded (Dynamic Split Swap),[],[]
shifting_demand,Hybrid (uncoupled),hybrid_bf,108,3,47.36,115.85,277.0,104.8,1048,92.94,138.0,12.251,28.301,169,5.45,0.8,Bounded (Dynamic Split Swap),[],[]
shifting_demand,Hybrid (uncoupled),hybrid_bf,109,3,39.69,90.0,135.0,110.1,1101,77.98,108.0,10.301,23.795,159,6.26,0.8,Bounded (Dynamic Split Swap),[],[]
shifting_demand,Hybrid (uncoupled),hybrid_bf,103,3,35.89,86.0,129.0,105.2,1052,69.03,98.0,9.141,21.115,159,5.97,0.8,Bounded (Dynamic Split Swap),[],[]
shifting_demand,Hybrid (uncoupled),hybrid_bf,110,3,34.54,79.0,146.0,109.1,1091,67.78,101.0,8.941,20.654,159,5.63,0.8,Bounded (Dynamic Split Swap),[],[]
shifting_demand,Hybrid (uncoupled),hybrid_bf,111,3,37.94,86.15,174.0,108.5,1085,75.29,104.0,9.932,22.942,164,6.43,0.8,Bounded (Dynamic Split Swap),[],[]
shifting_demand,Hybrid (uncoupled),hybrid_bf,112,3,39.69,89.0,156.0,104.9,1049,78.5,123.0,10.257,23.693,154,5.96,0.8,Bounded (Dynamic Split Swap),[],[]
shifting_demand,Hybrid (uncoupled),hybrid_bf,113,3,37.12,83.85,177.0,107.8,1078,74.64,113.0,9.766,22.558,163,5.76,0.8,Bounded (Dynamic Split Swap),[],[]
shifting_demand,Hybrid (uncoupled),hybrid_bf,115,3,42.56,98.0,251.0,105.7,1057,84.57,126.0,11.105,25.652,166,5.48,0.8,Bounded (Dynamic Split Swap),[],[]
shifting_demand,Hybrid (uncoupled),hybrid_bf,117,3,42.61,103.0,194.0,110.4,1104,86.14,131.0,11.383,26.294,159,5.35,0.8,Bounded (Dynamic Split Swap),[],[]
shifting_demand,Hybrid (uncoupled),hybrid_bf,114,3,38.81,83.35,138.0,106.3,1063,75.27,104.0,9.953,22.992,161,4.59,0.8,Bounded (Dynamic Split Swap),[],[]
shifting_demand,Hybrid (uncoupled),hybrid_bf,118,3,39.02,91.7,165.0,109.3,1093,79.4,117.0,10.466,24.177,159,6.19,0.8,Bounded (Dynamic Split Swap),[],[]
shifting_demand,Hybrid (uncoupled),hybrid_bf,116,3,36.23,90.0,160.0,107.3,1073,71.81,113.0,9.443,21.813,156,5.29,0.8,Bounded (Dynamic Split Swap),[],[]
shifting_demand,Hybrid (uncoupled),hybrid_bf,119,3,50.07,117.25,279.0,106.3,1063,101.25,147.0,13.307,30.74,165,5.23,0.8,Bounded (Dynamic Split Swap),[],[]
shifting_demand,Hybrid Controller (Brute-Force),hybrid_bf,100,3,37.91,97.0,215.0,108.8,1088,76.27,114.0,10.066,23.253,182,5.87,0.8,Bounded (Dynamic Split Swap),[],[]
shifting_demand,Hybrid Controller (Brute-Force),hybrid_bf,101,3,34.75,88.0,159.0,107.2,1072,68.37,103.0,9.027,20.852,191,6.01,0.8,Bounded (Dynamic Split Swap),[],[]
shifting_demand,Hybrid Controller (Brute-Force),hybrid_bf,102,3,35.83,94.0,133.0,106.6,1066,70.99,109.0,9.227,21.315,200,5.47,0.8,Bounded (Dynamic Split Swap),[],[]
shifting_demand,Hybrid Controller (Brute-Force),hybrid_bf,103,3,32.42,88.0,129.0,106.3,1063,62.19,84.0,8.219,18.986,192,6.22,0.8,Bounded (Dynamic Split Swap),[],[]
shifting_demand,Hybrid Controller (Brute-Force),hybrid_bf,104,3,35.31,95.0,196.0,107.5,1075,71.89,104.0,9.25,21.369,172,6.41,0.8,Bounded (Dynamic Split Swap),[],[]
shifting_demand,Hybrid Controller (Brute-Force),hybrid_bf,107,3,37.18,111.0,173.0,109.3,1093,74.42,119.0,9.699,22.404,180,4.83,0.8,Bounded (Dynamic Split Swap),[],[]
shifting_demand,Hybrid Controller (Brute-Force),hybrid_bf,105,3,44.48,118.4,198.0,109.0,1090,92.21,139.0,11.99,27.696,192,5.9,0.8,Bounded (Dynamic Split Swap),[],[]
shifting_demand,Hybrid Controller (Brute-Force),hybrid_bf,108,3,45.88,118.0,279.0,105.1,1051,90.6,146.0,11.846,27.365,192,4.4,0.8,Bounded (Dynamic Split Swap),[],[]
shifting_demand,Hybrid Controller (Brute-Force),hybrid_bf,109,3,40.39,105.0,148.0,110.1,1101,79.59,112.0,10.492,24.236,186,6.27,0.8,Bounded (Dynamic Split Swap),[],[]
shifting_demand,Hybrid Controller (Brute-Force),hybrid_bf,106,3,35.45,92.0,165.0,106.8,1068,67.82,106.0,9.003,20.797,180,5.08,0.8,Bounded (Dynamic Split Swap),[],[]
shifting_demand,Hybrid Controller (Brute-Force),hybrid_bf,110,3,32.79,89.6,159.0,109.3,1093,64.8,92.0,8.519,19.679,194,5.04,0.8,Bounded (Dynamic Split Swap),[],[]
shifting_demand,Hybrid Controller (Brute-Force),hybrid_bf,111,3,37.28,101.0,201.0,107.5,1075,74.27,116.0,9.767,22.561,184,6.56,0.8,Bounded (Dynamic Split Swap),[],[]
shifting_demand,Hybrid Controller (Brute-Force),hybrid_bf,112,3,33.84,92.0,150.0,106.0,1060,66.56,119.0,8.738,20.184,186,6.49,0.8,Bounded (Dynamic Split Swap),[],[]
shifting_demand,Hybrid Controller (Brute-Force),hybrid_bf,114,3,35.96,95.0,152.0,104.7,1047,70.67,115.0,9.197,21.244,192,4.99,0.8,Bounded (Dynamic Split Swap),[],[]
shifting_demand,Hybrid Controller (Brute-Force),hybrid_bf,113,3,40.94,107.95,187.0,108.1,1081,81.45,114.0,10.753,24.839,194,4.79,0.8,Bounded (Dynamic Split Swap),[],[]
surge_moderate,Fixed-Timing Baseline,fixed,100,3,62.89,187.0,236.0,103.3,1033,133.44,228.0,16.63,38.416,114,6.96,0.78,Bounded + Transient Burst,[],[]
shifting_demand,Hybrid Controller (Brute-Force),hybrid_bf,115,3,41.2,111.2,251.0,106.5,1065,82.11,128.0,10.777,24.895,174,5.8,0.8,Bounded (Dynamic Split Swap),[],[]
shifting_demand,Hybrid Controller (Brute-Force),hybrid_bf,116,3,35.03,99.0,180.0,108.8,1088,68.8,105.0,9.107,21.038,176,5.32,0.8,Bounded (Dynamic Split Swap),[],[]
surge_moderate,Fixed-Timing Baseline,fixed,101,3,63.75,188.0,240.0,100.9,1009,134.49,223.0,16.675,38.52,114,7.64,0.78,Bounded + Transient Burst,[],[]
shifting_demand,Hybrid Controller (Brute-Force),hybrid_bf,117,3,41.32,124.0,205.0,111.0,1110,83.3,127.0,11.038,25.498,172,5.53,0.8,Bounded (Dynamic Split Swap),[],[]
surge_moderate,Fixed-Timing Baseline,fixed,102,3,64.88,193.0,220.0,98.3,983,134.1,231.0,16.509,38.136,114,7.57,0.78,Bounded + Transient Burst,[],[]
shifting_demand,Hybrid Controller (Brute-Force),hybrid_bf,118,3,37.26,103.9,163.0,110.5,1105,76.43,109.0,9.961,23.01,189,6.41,0.8,Bounded (Dynamic Split Swap),[],[]
shifting_demand,Hybrid Controller (Brute-Force),hybrid_bf,119,3,48.47,123.2,274.0,108.8,1088,97.42,144.0,12.894,29.785,182,5.59,0.8,Bounded (Dynamic Split Swap),[],[]
surge_moderate,Fixed-Timing Baseline,fixed,103,3,61.72,170.0,212.0,103.1,1031,129.34,227.0,16.199,37.419,114,9.16,0.78,Bounded + Transient Burst,[],[]
surge_moderate,Fixed-Timing Baseline,fixed,104,3,64.34,190.0,255.0,102.8,1028,138.34,227.0,17.23,39.801,114,7.61,0.78,Bounded + Transient Burst,[],[]
surge_moderate,Fixed-Timing Baseline,fixed,105,3,61.68,175.0,237.0,102.7,1027,129.82,214.0,16.186,37.391,114,6.27,0.78,Bounded + Transient Burst,[],[]
surge_moderate,Fixed-Timing Baseline,fixed,106,3,61.52,169.0,203.0,100.4,1004,124.98,206.0,15.612,36.063,114,7.74,0.78,Bounded + Transient Burst,[],[]
surge_moderate,Fixed-Timing Baseline,fixed,107,3,66.1,202.0,226.0,103.3,1033,139.3,233.0,17.406,40.207,114,6.27,0.78,Bounded + Transient Burst,[],[]
surge_moderate,Fixed-Timing Baseline,fixed,108,3,65.23,182.0,263.0,100.2,1002,133.04,216.0,16.628,38.41,114,7.47,0.78,Bounded + Transient Burst,[],[]
surge_moderate,Fixed-Timing Baseline,fixed,109,3,62.88,173.8,236.0,105.2,1052,132.09,222.0,16.558,38.248,114,7.69,0.78,Bounded + Transient Burst,[],[]
surge_moderate,Fixed-Timing Baseline,fixed,110,3,60.46,168.4,211.0,104.3,1043,125.19,221.0,15.76,36.407,114,7.82,0.78,Bounded + Transient Burst,[],[]
surge_moderate,Fixed-Timing Baseline,fixed,111,3,65.4,188.6,239.0,102.8,1028,139.21,239.0,17.366,40.116,114,8.49,0.78,Bounded + Transient Burst,[],[]
surge_moderate,Fixed-Timing Baseline,fixed,112,3,62.61,184.3,240.0,100.6,1006,130.51,223.0,16.251,37.541,114,7.58,0.78,Bounded + Transient Burst,[],[]
surge_moderate,Fixed-Timing Baseline,fixed,113,3,61.35,166.0,218.0,104.3,1043,128.47,225.0,16.156,37.32,114,7.66,0.78,Bounded + Transient Burst,[],[]
surge_moderate,Fixed-Timing Baseline,fixed,114,3,63.31,172.0,222.0,102.1,1021,130.46,219.0,16.234,37.502,114,6.95,0.78,Bounded + Transient Burst,[],[]
surge_moderate,Fixed-Timing Baseline,fixed,116,3,60.82,167.0,204.0,101.6,1016,127.0,208.0,15.894,36.716,114,9.31,0.78,Bounded + Transient Burst,[],[]
surge_moderate,Fixed-Timing Baseline,fixed,117,3,61.41,174.0,219.0,103.6,1036,127.67,213.0,15.98,36.914,114,8.05,0.78,Bounded + Transient Burst,[],[]
surge_moderate,Fixed-Timing Baseline,fixed,115,3,68.4,195.2,253.0,102.9,1029,146.26,237.0,18.194,42.029,114,8.02,0.78,Bounded + Transient Burst,[],[]
surge_moderate,Fixed-Timing Baseline,fixed,119,3,66.07,160.0,241.0,104.6,1046,139.49,236.0,17.633,40.731,114,7.24,0.78,Bounded + Transient Burst,[],[]
surge_moderate,Fixed-Timing Baseline,fixed,118,3,62.68,181.0,225.0,104.2,1042,138.15,218.0,17.176,39.676,114,7.55,0.78,Bounded + Transient Burst,[],[]
surge_moderate,Fixed (tuned),fixed,100,3,53.52,127.0,142.0,110.0,1100,108.81,199.0,14.343,33.132,90,8.43,0.78,Bounded + Transient Burst,[],[]
surge_moderate,Fixed (tuned),fixed,101,3,53.6,133.2,171.0,108.0,1080,108.11,203.0,14.258,32.936,90,8.73,0.78,Bounded + Transient Burst,[],[]
surge_moderate,Fixed (tuned),fixed,102,3,55.84,127.8,143.0,105.3,1053,109.59,201.0,14.456,33.394,90,10.99,0.78,Bounded + Transient Burst,[],[]
surge_moderate,Fixed (tuned),fixed,103,3,55.16,112.0,150.0,109.6,1096,111.44,208.0,14.733,34.033,90,10.11,0.78,Bounded + Transient Burst,[],[]
surge_moderate,Fixed (tuned),fixed,104,3,55.76,133.0,169.0,109.1,1091,115.19,205.0,15.155,35.008,90,8.54,0.78,Bounded + Transient Burst,[],[]
surge_moderate,Fixed (tuned),fixed,106,3,54.09,120.2,141.0,105.8,1058,105.54,178.0,13.908,32.127,90,9.02,0.78,Bounded + Transient Burst,[],[]
surge_moderate,Fixed (tuned),fixed,105,3,56.07,131.0,166.0,108.7,1087,113.54,199.0,14.977,34.598,90,10.6,0.78,Bounded + Transient Burst,[],[]
surge_moderate,Fixed (tuned),fixed,108,3,52.19,112.0,151.0,106.8,1068,102.82,188.0,13.546,31.292,90,10.14,0.78,Bounded + Transient Burst,[],[]
surge_moderate,Fixed (tuned),fixed,109,3,53.02,136.0,167.0,111.7,1117,107.63,205.0,14.208,32.821,90,9.75,0.78,Bounded + Transient Burst,[],[]
surge_moderate,Fixed (tuned),fixed,107,3,57.94,138.0,163.0,110.0,1100,117.7,221.0,15.515,35.84,90,10.17,0.78,Bounded + Transient Burst,[],[]
surge_moderate,Fixed (tuned),fixed,110,3,49.87,101.55,143.0,111.2,1112,99.62,200.0,13.188,30.464,90,11.56,0.78,Bounded + Transient Burst,[],[]
surge_moderate,Fixed (tuned),fixed,111,3,55.78,136.0,171.0,109.6,1096,113.92,215.0,15.025,34.707,90,11.24,0.78,Bounded + Transient Burst,[],[]
surge_moderate,Fixed (tuned),fixed,112,3,52.81,131.0,152.0,107.2,1072,105.59,206.0,13.943,32.208,90,10.46,0.78,Bounded + Transient Burst,[],[]
surge_moderate,Fixed (tuned),fixed,113,3,52.11,118.0,155.0,111.0,1110,105.42,213.0,13.918,32.151,90,10.05,0.78,Bounded + Transient Burst,[],[]
surge_moderate,Fixed (tuned),fixed,114,3,54.68,118.2,154.0,108.8,1088,108.21,196.0,14.302,33.037,90,9.45,0.78,Bounded + Transient Burst,[],[]
surge_moderate,Fixed (tuned),fixed,116,3,50.51,103.6,136.0,109.0,1090,101.82,184.0,13.414,30.986,90,10.87,0.78,Bounded + Transient Burst,[],[]
surge_moderate,Fixed (tuned),fixed,115,3,60.59,144.0,183.0,109.4,1094,124.58,217.0,16.388,37.855,90,9.61,0.78,Bounded + Transient Burst,[],[]
surge_moderate,Fixed (tuned),fixed,119,3,58.46,141.0,197.0,110.9,1109,120.25,221.0,15.836,36.581,90,9.72,0.78,Bounded + Transient Burst,[],[]
surge_moderate,Fixed (tuned),fixed,117,3,50.23,107.0,140.0,110.5,1105,100.2,181.0,13.261,30.633,90,10.46,0.78,Bounded + Transient Burst,[],[]
surge_moderate,Fixed (tuned),fixed,118,3,55.1,120.55,156.0,110.7,1107,116.19,194.0,15.305,35.354,90,10.55,0.78,Bounded + Transient Burst,[],[]
surge_moderate,Rule-Based (tuned),rule_based,100,3,58.71,121.0,167.0,106.5,1065,119.17,205.0,15.682,36.225,143,7.04,0.78,Bounded + Transient Burst,[],[]
surge_moderate,Rule-Based (tuned),rule_based,102,3,58.57,123.0,146.0,102.7,1027,114.5,199.0,15.085,34.847,136,8.03,0.78,Bounded + Transient Burst,[],[]
surge_moderate,Rule-Based (tuned),rule_based,103,3,60.45,124.55,158.0,105.8,1058,121.63,220.0,15.985,36.925,141,6.98,0.78,Bounded + Transient Burst,[],[]
surge_moderate,Rule-Based (tuned),rule_based,101,3,62.51,132.35,189.0,103.5,1035,125.87,217.0,16.586,38.313,139,7.37,0.78,Bounded + Transient Burst,[],[]
surge_moderate,Rule-Based (tuned),rule_based,104,3,60.22,126.65,176.0,106.9,1069,124.1,217.0,16.165,37.341,139,8.65,0.78,Bounded + Transient Burst,[],[]
surge_moderate,Rule-Based (tuned),rule_based,105,3,56.69,117.5,143.0,107.2,1072,113.81,203.0,15.004,34.659,137,7.34,0.78,Bounded + Transient Burst,[],[]
surge_moderate,Rule-Based (tuned),rule_based,106,3,54.93,112.15,162.0,103.7,1037,106.92,180.0,14.136,32.655,147,6.6,0.78,Bounded + Transient Burst,[],[]
surge_moderate,Rule-Based (tuned),rule_based,108,3,61.78,135.0,189.0,102.1,1021,121.55,210.0,16.063,37.106,140,7.2,0.78,Bounded + Transient Burst,[],[]
surge_moderate,Rule-Based (tuned),rule_based,109,3,60.3,145.0,185.0,107.6,1076,122.8,207.0,16.066,37.113,141,6.51,0.78,Bounded + Transient Burst,[],[]
surge_moderate,Rule-Based (tuned),rule_based,107,3,63.71,131.15,172.0,105.9,1059,129.57,220.0,16.96,39.177,139,8.19,0.78,Bounded + Transient Burst,[],[]
surge_moderate,Rule-Based (tuned),rule_based,111,3,66.33,140.0,184.0,104.3,1043,135.47,227.0,17.703,40.893,139,7.09,0.78,Bounded + Transient Burst,[],[]
surge_moderate,Rule-Based (tuned),rule_based,112,3,63.0,134.0,187.0,102.2,1022,125.96,222.0,16.464,38.033,136,8.8,0.78,Bounded + Transient Burst,[],[]
surge_moderate,Rule-Based (tuned),rule_based,110,3,55.91,115.7,165.0,107.2,1072,112.13,197.0,14.748,34.067,147,7.41,0.78,Bounded + Transient Burst,[],[]
surge_moderate,Rule-Based (tuned),rule_based,114,3,58.01,118.0,157.0,105.4,1054,114.01,199.0,15.031,34.721,145,5.91,0.78,Bounded + Transient Burst,[],[]
surge_moderate,Rule-Based (tuned),rule_based,113,3,56.15,127.0,165.0,108.0,1080,113.5,207.0,14.935,34.501,143,6.4,0.78,Bounded + Transient Burst,[],[]
surge_moderate,Rule-Based (tuned),rule_based,115,3,69.76,149.55,215.0,103.5,1035,143.37,233.0,18.757,43.329,137,7.73,0.78,Bounded + Transient Burst,[],[]
surge_moderate,Rule-Based (tuned),rule_based,117,3,56.68,115.0,146.0,107.2,1072,112.59,203.0,14.814,34.219,139,6.84,0.78,Bounded + Transient Burst,[],[]
surge_moderate,Rule-Based (tuned),rule_based,118,3,61.8,131.0,155.0,105.1,1051,130.83,211.0,17.097,39.494,144,7.32,0.78,Bounded + Transient Burst,[],[]
surge_moderate,Rule-Based (tuned),rule_based,116,3,55.42,113.0,132.0,105.3,1053,111.13,189.0,14.606,33.74,141,7.72,0.78,Bounded + Transient Burst,[],[]
surge_moderate,Rule-Based (tuned),rule_based,119,3,63.06,146.7,195.0,106.1,1061,129.69,215.0,16.914,39.072,145,7.42,0.78,Bounded + Transient Burst,[],[]
surge_moderate,Max-Pressure (tuned),max_pressure,100,3,58.86,146.0,176.0,104.9,1049,120.54,213.0,15.63,36.106,187,4.52,0.78,Bounded + Transient Burst,[],[]
surge_moderate,Max-Pressure (tuned),max_pressure,101,3,58.88,145.0,191.0,104.3,1043,119.44,208.0,15.465,35.724,185,4.47,0.78,Bounded + Transient Burst,[],[]
surge_moderate,Max-Pressure (tuned),max_pressure,102,3,56.96,137.85,168.0,101.8,1018,112.66,200.0,14.734,34.036,187,4.99,0.78,Bounded + Transient Burst,[],[]
surge_moderate,Max-Pressure (tuned),max_pressure,103,3,62.6,141.0,190.0,102.3,1023,127.49,223.0,16.625,38.403,191,4.37,0.78,Bounded + Transient Burst,[],[]
surge_moderate,Max-Pressure (tuned),max_pressure,104,3,58.6,138.45,193.0,105.3,1053,122.14,209.0,15.782,36.456,179,5.69,0.78,Bounded + Transient Burst,[],[]
surge_moderate,Max-Pressure (tuned),max_pressure,106,3,57.04,142.0,185.0,101.7,1017,112.08,187.0,14.678,33.906,191,5.75,0.78,Bounded + Transient Burst,[],[]
surge_moderate,Max-Pressure (tuned),max_pressure,107,3,63.07,148.0,189.0,104.9,1049,128.48,222.0,16.804,38.816,185,5.38,0.78,Bounded + Transient Burst,[],[]
surge_moderate,Max-Pressure (tuned),max_pressure,108,3,62.78,153.75,232.0,99.8,998,124.36,215.0,16.266,37.574,187,4.99,0.78,Bounded + Transient Burst,[],[]
surge_moderate,Max-Pressure (tuned),max_pressure,105,3,57.07,148.0,182.0,104.0,1040,116.09,198.0,15.141,34.976,181,4.9,0.78,Bounded + Transient Burst,[],[]
surge_moderate,Max-Pressure (tuned),max_pressure,109,3,62.24,161.0,196.0,105.9,1059,126.43,213.0,16.611,38.371,187,5.02,0.78,Bounded + Transient Burst,[],[]
surge_moderate,Max-Pressure (tuned),max_pressure,110,3,55.38,136.0,161.0,106.0,1060,111.2,204.0,14.583,33.687,193,5.35,0.78,Bounded + Transient Burst,[],[]
surge_moderate,Max-Pressure (tuned),max_pressure,111,3,64.91,162.05,200.0,103.9,1039,133.17,228.0,17.308,39.983,183,5.19,0.78,Bounded + Transient Burst,[],[]
surge_moderate,Max-Pressure (tuned),max_pressure,112,3,58.81,144.1,197.0,102.0,1020,118.32,204.0,15.409,35.596,187,5.16,0.78,Bounded + Transient Burst,[],[]
surge_moderate,Max-Pressure (tuned),max_pressure,113,3,58.17,146.95,181.0,105.0,1050,118.75,213.0,15.539,35.895,189,4.76,0.78,Bounded + Transient Burst,[],[]
surge_moderate,Max-Pressure (tuned),max_pressure,116,3,58.41,136.0,163.0,102.5,1025,118.78,196.0,15.42,35.62,190,5.25,0.78,Bounded + Transient Burst,[],[]
surge_moderate,Max-Pressure (tuned),max_pressure,114,3,59.54,135.6,165.0,103.5,1035,117.98,197.0,15.466,35.726,189,4.01,0.78,Bounded + Transient Burst,[],[]
surge_moderate,Max-Pressure (tuned),max_pressure,115,3,62.66,162.0,220.0,104.4,1044,129.89,217.0,16.806,38.823,184,6.53,0.78,Bounded + Transient Burst,[],[]
surge_moderate,Max-Pressure (tuned),max_pressure,117,3,55.17,135.55,172.0,106.0,1060,110.69,191.0,14.589,33.7,187,3.95,0.78,Bounded + Transient Burst,[],[]
surge_moderate,Max-Pressure (tuned),max_pressure,118,3,61.82,141.4,169.0,104.5,1045,131.12,213.0,17.131,39.573,185,5.51,0.78,Bounded + Transient Burst,[],[]
surge_moderate,Max-Pressure (tuned),max_pressure,119,3,62.3,162.0,219.0,105.7,1057,128.96,216.0,16.71,38.601,190,5.9,0.78,Bounded + Transient Burst,[],[]
surge_moderate,Hybrid (uncoupled),hybrid_bf,100,3,69.95,138.0,196.0,104.7,1047,141.62,239.0,18.607,42.981,116,9.43,0.78,Bounded + Transient Burst,[],[]
surge_moderate,Hybrid (uncoupled),hybrid_bf,102,3,67.28,133.0,163.0,101.1,1011,131.26,227.0,17.224,39.787,129,7.78,0.78,Bounded + Transient Burst,[],[]
surge_moderate,Hybrid (uncoupled),hybrid_bf,101,3,67.29,139.0,183.0,105.2,1052,134.96,242.0,17.615,40.69,116,7.82,0.78,Bounded + Transient Burst,[],[]
surge_moderate,Hybrid (uncoupled),hybrid_bf,103,3,71.44,134.0,176.0,102.3,1023,143.78,241.0,18.845,43.533,115,6.32,0.78,Bounded + Transient Burst,[],[]
surge_moderate,Hybrid (uncoupled),hybrid_bf,104,3,68.9,142.0,178.0,103.2,1032,142.33,237.0,18.68,43.15,109,8.35,0.78,Bounded + Transient Burst,[],[]
surge_moderate,Hybrid (uncoupled),hybrid_bf,105,3,64.28,141.0,187.0,104.7,1047,130.51,208.0,16.956,39.169,113,7.09,0.78,Bounded + Transient Burst,[],[]
surge_moderate,Hybrid (uncoupled),hybrid_bf,106,3,69.93,142.0,175.0,99.2,992,136.02,218.0,17.857,41.249,119,6.8,0.78,Bounded + Transient Burst,[],[]
surge_moderate,Hybrid (uncoupled),hybrid_bf,107,3,72.35,144.0,184.0,103.9,1039,145.55,244.0,19.166,44.272,109,9.8,0.78,Bounded + Transient Burst,[],[]
surge_moderate,Hybrid (uncoupled),hybrid_bf,108,3,69.78,138.0,177.0,101.6,1016,136.47,227.0,18.004,41.59,112,7.92,0.78,Bounded + Transient Burst,[],[]
surge_moderate,Hybrid (uncoupled),hybrid_bf,109,3,74.86,150.0,181.0,105.5,1055,151.0,259.0,19.895,45.958,113,8.05,0.78,Bounded + Transient Burst,[],[]
surge_moderate,Hybrid (uncoupled),hybrid_bf,110,3,61.67,124.0,157.0,107.0,1070,122.98,217.0,16.102,37.197,123,7.89,0.78,Bounded + Transient Burst,[],[]
surge_moderate,Hybrid (uncoupled),hybrid_bf,111,3,70.86,143.0,184.0,105.8,1058,144.56,237.0,18.911,43.684,118,7.09,0.78,Bounded + Transient Burst,[],[]
surge_moderate,Hybrid (uncoupled),hybrid_bf,112,3,71.32,143.0,172.0,100.1,1001,142.87,237.0,18.638,43.054,119,8.06,0.78,Bounded + Transient Burst,[],[]
surge_moderate,Hybrid (uncoupled),hybrid_bf,113,3,70.53,146.8,191.0,104.1,1041,142.38,252.0,18.697,43.191,128,7.42,0.78,Bounded + Transient Burst,[],[]
surge_moderate,Hybrid (uncoupled),hybrid_bf,114,3,66.77,132.0,164.0,103.4,1034,130.99,223.0,17.242,39.828,119,6.55,0.78,Bounded + Transient Burst,[],[]
surge_moderate,Hybrid (uncoupled),hybrid_bf,115,3,74.64,159.95,232.0,103.8,1038,152.63,242.0,19.937,46.054,110,7.72,0.78,Bounded + Transient Burst,[],[]
surge_moderate,Hybrid (uncoupled),hybrid_bf,116,3,68.81,127.0,152.0,102.8,1028,137.99,225.0,18.228,42.106,114,8.27,0.78,Bounded + Transient Burst,[],[]
surge_moderate,Hybrid (uncoupled),hybrid_bf,117,3,69.73,134.0,167.0,102.9,1029,139.02,231.0,18.254,42.167,119,7.11,0.78,Bounded + Transient Burst,[],[]
surge_moderate,Hybrid (uncoupled),hybrid_bf,118,3,71.77,139.0,171.0,104.3,1043,151.24,242.0,19.666,45.428,132,7.85,0.78,Bounded + Transient Burst,[],[]
surge_moderate,Hybrid Controller (Brute-Force),hybrid_bf,100,3,66.9,129.55,176.0,103.6,1036,136.37,233.0,17.691,40.865,160,6.82,0.78,Bounded + Transient Burst,[],[]
surge_moderate,Hybrid (uncoupled),hybrid_bf,119,3,69.79,152.0,223.0,105.4,1054,142.91,244.0,18.704,43.206,115,7.09,0.78,Bounded + Transient Burst,[],[]
surge_moderate,Hybrid Controller (Brute-Force),hybrid_bf,101,3,66.93,127.0,153.0,103.1,1031,134.04,222.0,17.655,40.784,154,7.38,0.78,Bounded + Transient Burst,[],[]
surge_moderate,Hybrid Controller (Brute-Force),hybrid_bf,102,3,61.23,126.8,164.0,102.7,1027,119.72,216.0,15.579,35.988,136,7.83,0.78,Bounded + Transient Burst,[],[]
surge_moderate,Hybrid Controller (Brute-Force),hybrid_bf,103,3,60.41,110.5,147.0,103.6,1036,122.3,216.0,15.989,36.934,148,6.65,0.78,Bounded + Transient Burst,[],[]
surge_moderate,Hybrid Controller (Brute-Force),hybrid_bf,104,3,70.06,143.0,172.0,103.1,1031,144.46,241.0,18.917,43.699,138,8.35,0.78,Bounded + Transient Burst,[],[]
surge_moderate,Hybrid Controller (Brute-Force),hybrid_bf,105,3,61.02,127.0,154.0,105.0,1050,123.59,205.0,16.15,37.307,140,5.84,0.78,Bounded + Transient Burst,[],[]
surge_moderate,Hybrid Controller (Brute-Force),hybrid_bf,107,3,63.28,128.0,146.0,106.3,1063,128.28,225.0,16.832,38.883,156,5.93,0.78,Bounded + Transient Burst,[],[]
surge_moderate,Hybrid Controller (Brute-Force),hybrid_bf,106,3,69.29,131.0,203.0,100.3,1003,134.76,213.0,17.738,40.974,154,6.52,0.78,Bounded + Transient Burst,[],[]
surge_moderate,Hybrid Controller (Brute-Force),hybrid_bf,109,3,70.55,140.0,186.0,103.4,1034,144.68,244.0,18.657,43.097,156,6.92,0.78,Bounded + Transient Burst,[],[]
surge_moderate,Hybrid Controller (Brute-Force),hybrid_bf,108,3,67.65,135.2,191.0,100.2,1002,131.9,228.0,17.393,40.178,122,9.36,0.78,Bounded + Transient Burst,[],[]
surge_moderate,Hybrid Controller (Brute-Force),hybrid_bf,111,3,77.28,156.8,206.0,102.0,1020,158.53,265.0,20.693,47.802,130,7.13,0.78,Bounded + Transient Burst,[],[]
surge_moderate,Hybrid Controller (Brute-Force),hybrid_bf,114,3,60.35,117.95,151.0,104.8,1048,118.72,218.0,15.584,35.998,123,6.73,0.78,Bounded + Transient Burst,[],[]
surge_moderate,Hybrid Controller (Brute-Force),hybrid_bf,112,3,66.72,135.35,175.0,100.8,1008,134.15,232.0,17.408,40.212,142,7.44,0.78,Bounded + Transient Burst,[],[]
surge_moderate,Hybrid Controller (Brute-Force),hybrid_bf,110,3,62.86,128.0,173.0,105.0,1050,126.48,223.0,16.525,38.173,152,6.12,0.78,Bounded + Transient Burst,[],[]
surge_moderate,Hybrid Controller (Brute-Force),hybrid_bf,113,3,64.84,133.0,179.0,104.5,1045,131.19,242.0,17.234,39.811,150,6.33,0.78,Bounded + Transient Burst,[],[]
surge_moderate,Hybrid Controller (Brute-Force),hybrid_bf,115,3,75.31,174.4,233.0,101.4,1014,154.42,237.0,20.033,46.277,151,6.35,0.78,Bounded + Transient Burst,[],[]
surge_moderate,Hybrid Controller (Brute-Force),hybrid_bf,116,3,65.62,143.0,166.0,101.4,1014,132.4,223.0,17.338,40.052,162,7.57,0.78,Bounded + Transient Burst,[],[]
surge_moderate,Hybrid Controller (Brute-Force),hybrid_bf,117,3,62.99,119.0,166.0,106.6,1066,125.89,215.0,16.448,37.995,130,6.57,0.78,Bounded + Transient Burst,[],[]
rush_hour,Fixed-Timing Baseline,fixed,100,3,125.16,307.4,349.0,96.4,964,353.42,635.0,44.307,102.349,114,6.96,1.2,Oversaturated (Arterial Dominance),[],[]
rush_hour,Fixed-Timing Baseline,fixed,104,3,118.46,303.3,328.0,97.5,975,335.83,626.0,41.989,96.994,114,7.61,1.2,Oversaturated (Arterial Dominance),[],[]
rush_hour,Fixed-Timing Baseline,fixed,101,3,122.24,299.0,328.0,94.5,945,337.09,619.0,42.186,97.45,114,7.64,1.2,Oversaturated (Arterial Dominance),[],[]
surge_moderate,Hybrid Controller (Brute-Force),hybrid_bf,118,3,67.63,134.0,168.0,103.7,1037,143.8,230.0,18.606,42.98,142,7.45,0.78,Bounded + Transient Burst,[],[]
rush_hour,Fixed-Timing Baseline,fixed,103,3,116.98,290.0,322.0,98.7,987,325.76,602.0,40.76,94.156,114,9.16,1.2,Oversaturated (Arterial Dominance),[],[]
rush_hour,Fixed-Timing Baseline,fixed,105,3,122.38,295.0,329.0,96.4,964,341.52,636.0,42.807,98.884,114,6.27,1.2,Oversaturated (Arterial Dominance),[],[]
surge_moderate,Hybrid Controller (Brute-Force),hybrid_bf,119,3,73.94,160.0,227.0,102.2,1022,152.09,254.0,19.914,46.001,172,5.97,0.78,Bounded + Transient Burst,[],[]
rush_hour,Fixed-Timing Baseline,fixed,102,3,124.35,307.0,348.0,94.4,944,350.34,656.0,43.966,101.562,114,7.57,1.2,Oversaturated (Arterial Dominance),[],[]
rush_hour,Fixed-Timing Baseline,fixed,106,3,118.7,287.0,318.0,95.0,950,323.73,603.0,40.57,93.716,114,7.74,1.2,Oversaturated (Arterial Dominance),[],[]
rush_hour,Fixed-Timing Baseline,fixed,107,3,122.03,301.5,330.0,99.3,993,348.5,638.0,43.686,100.914,114,6.27,1.2,Oversaturated (Arterial Dominance),[],[]
rush_hour,Fixed-Timing Baseline,fixed,108,3,125.89,303.0,340.0,94.2,942,345.32,626.0,43.306,100.037,114,7.47,1.2,Oversaturated (Arterial Dominance),[],[]
rush_hour,Fixed-Timing Baseline,fixed,110,3,119.18,297.0,335.0,96.9,969,329.3,599.0,41.21,95.195,114,7.82,1.2,Oversaturated (Arterial Dominance),[],[]
rush_hour,Fixed-Timing Baseline,fixed,109,3,126.23,307.0,349.0,98.3,983,364.41,667.0,45.724,105.621,114,7.69,1.2,Oversaturated (Arterial Dominance),[],[]
rush_hour,Fixed-Timing Baseline,fixed,113,3,119.2,296.0,326.0,97.9,979,331.73,606.0,41.535,95.946,114,7.66,1.2,Oversaturated (Arterial Dominance),[],[]
rush_hour,Fixed-Timing Baseline,fixed,111,3,121.0,300.0,329.0,97.3,973,338.8,626.0,42.432,98.017,114,8.49,1.2,Oversaturated (Arterial Dominance),[],[]
rush_hour,Fixed-Timing Baseline,fixed,115,3,123.51,298.0,332.0,96.7,967,343.61,618.0,43.008,99.348,114,8.02,1.2,Oversaturated (Arterial Dominance),[],[]
rush_hour,Fixed-Timing Baseline,fixed,114,3,126.7,306.0,334.0,98.1,981,363.15,650.0,45.554,105.23,114,6.95,1.2,Oversaturated (Arterial Dominance),[],[]
rush_hour,Fixed-Timing Baseline,fixed,117,3,127.8,316.0,350.0,96.5,965,360.0,637.0,45.1,104.18,114,8.05,1.2,Oversaturated (Arterial Dominance),[],[]
rush_hour,Fixed-Timing Baseline,fixed,112,3,123.62,296.9,338.0,93.9,939,340.15,632.0,42.637,98.491,114,7.58,1.2,Oversaturated (Arterial Dominance),[],[]
rush_hour,Fixed-Timing Baseline,fixed,116,3,121.32,293.0,323.0,96.3,963,341.65,628.0,42.841,98.962,114,9.31,1.2,Oversaturated (Arterial Dominance),[],[]
rush_hour,Fixed-Timing Baseline,fixed,118,3,123.96,303.55,332.0,96.9,969,357.89,664.0,44.901,103.722,114,7.55,1.2,Oversaturated (Arterial Dominance),[],[]
rush_hour,Fixed (tuned),fixed,101,3,87.9,171.0,199.0,113.8,1138,239.66,426.0,30.336,70.077,90,10.53,1.2,Oversaturated (Arterial Dominance),[],[]
rush_hour,Fixed (tuned),fixed,100,3,95.45,179.0,221.0,114.4,1144,266.21,457.0,33.788,78.049,90,9.67,1.2,Oversaturated (Arterial Dominance),[],[]
rush_hour,Fixed-Timing Baseline,fixed,119,3,121.07,299.0,350.0,100.6,1006,346.85,622.0,43.531,100.556,114,7.24,1.2,Oversaturated (Arterial Dominance),[],[]
rush_hour,Fixed (tuned),fixed,102,3,94.6,188.0,231.0,113.2,1132,263.4,466.0,33.446,77.259,90,12.95,1.2,Oversaturated (Arterial Dominance),[],[]
rush_hour,Fixed (tuned),fixed,103,3,91.93,163.0,202.0,113.7,1137,251.34,442.0,32.032,73.995,90,11.49,1.2,Oversaturated (Arterial Dominance),[],[]
rush_hour,Fixed (tuned),fixed,104,3,89.06,162.3,186.0,115.2,1152,248.47,446.0,31.566,72.918,90,8.29,1.2,Oversaturated (Arterial Dominance),[],[]
rush_hour,Fixed (tuned),fixed,105,3,92.93,172.0,202.0,114.3,1143,255.72,449.0,32.506,75.09,90,10.22,1.2,Oversaturated (Arterial Dominance),[],[]
rush_hour,Fixed (tuned),fixed,106,3,88.84,157.0,213.0,112.4,1124,238.69,425.0,30.363,70.139,90,8.22,1.2,Oversaturated (Arterial Dominance),[],[]
rush_hour,Fixed (tuned),fixed,107,3,97.45,176.0,214.0,114.6,1146,273.86,481.0,34.887,80.588,90,10.58,1.2,Oversaturated (Arterial Dominance),[],[]
rush_hour,Fixed (tuned),fixed,108,3,93.7,183.65,221.0,112.8,1128,254.33,438.0,32.232,74.455,90,9.81,1.2,Oversaturated (Arterial Dominance),[],[]
rush_hour,Fixed (tuned),fixed,109,3,98.83,185.0,213.0,115.0,1150,281.81,495.0,35.8,82.697,90,11.25,1.2,Oversaturated (Arterial Dominance),[],[]
rush_hour,Fixed (tuned),fixed,110,3,89.94,167.0,199.0,114.0,1140,244.53,424.0,31.1,71.84,90,12.82,1.2,Oversaturated (Arterial Dominance),[],[]
rush_hour,Fixed (tuned),fixed,111,3,92.47,170.0,195.0,113.7,1137,255.12,453.0,32.427,74.907,90,12.21,1.2,Oversaturated (Arterial Dominance),[],[]
rush_hour,Fixed (tuned),fixed,112,3,89.74,174.45,227.0,112.9,1129,244.01,443.0,30.951,71.498,90,10.99,1.2,Oversaturated (Arterial Dominance),[],[]
rush_hour,Fixed (tuned),fixed,113,3,93.03,171.0,223.0,114.9,1149,254.44,437.0,32.415,74.878,90,11.06,1.2,Oversaturated (Arterial Dominance),[],[]
rush_hour,Fixed (tuned),fixed,114,3,100.62,184.0,211.0,115.0,1150,284.48,482.0,36.179,83.573,90,9.5,1.2,Oversaturated (Arterial Dominance),[],[]
rush_hour,Fixed (tuned),fixed,115,3,95.1,179.0,222.0,112.1,1121,260.68,455.0,33.114,76.494,90,11.31,1.2,Oversaturated (Arterial Dominance),[],[]
rush_hour,Fixed (tuned),fixed,116,3,90.51,160.0,189.0,114.2,1142,251.57,453.0,31.96,73.828,90,11.82,1.2,Oversaturated (Arterial Dominance),[],[]
rush_hour,Fixed (tuned),fixed,117,3,98.07,183.0,215.0,113.7,1137,272.28,464.0,34.606,79.94,90,10.65,1.2,Oversaturated (Arterial Dominance),[],[]
rush_hour,Fixed (tuned),fixed,119,3,99.04,194.0,302.0,114.3,1143,279.46,482.0,35.609,82.257,90,10.67,1.2,Oversaturated (Arterial Dominance),[],[]
rush_hour,Fixed (tuned),fixed,118,3,95.85,183.55,212.0,114.1,1141,273.22,494.0,34.72,80.203,90,11.16,1.2,Oversaturated (Arterial Dominance),[],[]
rush_hour,Rule-Based (tuned),rule_based,101,3,109.1,231.9,390.0,100.3,1003,292.37,560.0,37.893,87.533,69,22.12,1.2,Oversaturated (Arterial Dominance),[],[]
rush_hour,Rule-Based (tuned),rule_based,100,3,110.29,238.95,362.0,104.3,1043,300.34,579.0,39.753,91.83,75,21.69,1.2,Oversaturated (Arterial Dominance),[],[]
rush_hour,Rule-Based (tuned),rule_based,102,3,113.23,274.0,380.0,100.4,1004,311.01,597.0,40.286,93.062,68,23.82,1.2,Oversaturated (Arterial Dominance),[],[]
rush_hour,Rule-Based (tuned),rule_based,103,3,109.89,250.3,390.0,102.1,1021,296.74,547.0,38.289,88.448,84,11.51,1.2,Oversaturated (Arterial Dominance),[],[]
rush_hour,Rule-Based (tuned),rule_based,104,3,107.76,242.0,347.0,101.7,1017,295.94,584.0,38.34,88.566,79,22.7,1.2,Oversaturated (Arterial Dominance),[],[]
rush_hour,Rule-Based (tuned),rule_based,105,3,113.38,249.6,432.0,102.7,1027,306.03,562.0,40.035,92.481,73,15.96,1.2,Oversaturated (Arterial Dominance),[],[]
rush_hour,Rule-Based (tuned),rule_based,108,3,108.14,250.0,348.0,105.7,1057,287.73,491.0,37.202,85.936,76,16.82,1.2,Oversaturated (Arterial Dominance),[],[]
rush_hour,Rule-Based (tuned),rule_based,109,3,117.77,308.0,415.0,100.8,1008,332.43,625.0,42.659,98.542,69,25.13,1.2,Oversaturated (Arterial Dominance),[],[]
rush_hour,Rule-Based (tuned),rule_based,110,3,105.45,225.65,338.0,105.0,1050,281.83,518.0,36.742,84.874,79,17.68,1.2,Oversaturated (Arterial Dominance),[],[]
rush_hour,Rule-Based (tuned),rule_based,111,3,115.11,258.0,417.0,100.7,1007,310.89,601.0,41.131,95.013,72,23.58,1.2,Oversaturated (Arterial Dominance),[],[]
rush_hour,Rule-Based (tuned),rule_based,106,3,100.65,210.6,347.0,106.4,1064,266.8,485.0,34.648,80.036,81,16.29,1.2,Oversaturated (Arterial Dominance),[],[]
rush_hour,Rule-Based (tuned),rule_based,112,3,107.75,213.0,445.0,100.7,1007,289.09,555.0,37.379,86.345,71,22.46,1.2,Oversaturated (Arterial Dominance),[],[]
rush_hour,Rule-Based (tuned),rule_based,107,3,109.45,228.0,358.0,108.2,1082,301.92,549.0,39.671,91.641,80,15.69,1.2,Oversaturated (Arterial Dominance),[],[]
rush_hour,Rule-Based (tuned),rule_based,113,3,113.0,256.9,384.0,103.7,1037,303.44,545.0,39.726,91.766,79,16.43,1.2,Oversaturated (Arterial Dominance),[],[]
rush_hour,Rule-Based (tuned),rule_based,114,3,122.31,267.0,412.0,102.6,1026,340.18,604.0,44.302,102.338,73,20.43,1.2,Oversaturated (Arterial Dominance),[],[]
rush_hour,Rule-Based (tuned),rule_based,115,3,112.5,250.0,382.0,102.6,1026,302.94,549.0,39.375,90.957,79,16.24,1.2,Oversaturated (Arterial Dominance),[],[]
rush_hour,Rule-Based (tuned),rule_based,116,3,102.69,213.2,321.0,107.1,1071,280.03,528.0,36.491,84.293,78,16.83,1.2,Oversaturated (Arterial Dominance),[],[]
rush_hour,Rule-Based (tuned),rule_based,118,3,119.5,271.5,466.0,99.9,999,334.0,640.0,43.523,100.538,70,18.12,1.2,Oversaturated (Arterial Dominance),[],[]
rush_hour,Rule-Based (tuned),rule_based,117,3,123.16,295.0,398.0,97.4,974,336.42,624.0,43.736,101.03,72,18.98,1.2,Oversaturated (Arterial Dominance),[],[]
rush_hour,Rule-Based (tuned),rule_based,119,3,117.62,278.25,423.0,101.7,1017,327.64,607.0,42.448,98.054,81,17.55,1.2,Oversaturated (Arterial Dominance),[],[]
rush_hour,Max-Pressure (tuned),max_pressure,103,3,109.44,217.95,336.0,103.2,1032,295.84,536.0,38.134,88.09,90,10.56,1.2,Oversaturated (Arterial Dominance),[],[]
rush_hour,Max-Pressure (tuned),max_pressure,101,3,107.58,213.2,320.0,101.5,1015,288.8,538.0,37.127,85.764,78,16.91,1.2,Oversaturated (Arterial Dominance),[],[]
rush_hour,Max-Pressure (tuned),max_pressure,100,3,109.49,208.9,340.0,103.7,1037,301.56,567.0,39.004,90.099,80,18.82,1.2,Oversaturated (Arterial Dominance),[],[]
rush_hour,Max-Pressure (tuned),max_pressure,102,3,114.43,243.05,398.0,100.4,1004,313.83,596.0,40.686,93.985,74,25.66,1.2,Oversaturated (Arterial Dominance),[],[]
rush_hour,Max-Pressure (tuned),max_pressure,105,3,111.03,222.0,370.0,102.5,1025,300.61,562.0,39.155,90.448,83,16.31,1.2,Oversaturated (Arterial Dominance),[],[]
rush_hour,Max-Pressure (tuned),max_pressure,104,3,113.18,232.1,358.0,97.2,972,311.06,638.0,40.493,93.539,81,21.02,1.2,Oversaturated (Arterial Dominance),[],[]
rush_hour,Max-Pressure (tuned),max_pressure,106,3,103.16,203.6,347.0,102.8,1028,274.34,521.0,35.509,82.026,83,19.02,1.2,Oversaturated (Arterial Dominance),[],[]
rush_hour,Max-Pressure (tuned),max_pressure,108,3,107.87,221.1,306.0,105.3,1053,288.4,497.0,37.155,85.828,83,13.0,1.2,Oversaturated (Arterial Dominance),[],[]
rush_hour,Max-Pressure (tuned),max_pressure,107,3,113.04,223.5,377.0,102.8,1028,313.81,584.0,40.467,93.479,80,21.19,1.2,Oversaturated (Arterial Dominance),[],[]
rush_hour,Max-Pressure (tuned),max_pressure,109,3,116.5,242.0,369.0,102.7,1027,327.56,603.0,42.2,97.483,76,18.01,1.2,Oversaturated (Arterial Dominance),[],[]
rush_hour,Max-Pressure (tuned),max_pressure,110,3,107.24,208.0,335.0,102.8,1028,288.18,528.0,37.081,85.658,86,15.91,1.2,Oversaturated (Arterial Dominance),[],[]
rush_hour,Max-Pressure (tuned),max_pressure,111,3,109.78,203.1,326.0,102.0,1020,299.59,559.0,38.52,88.98,82,23.37,1.2,Oversaturated (Arterial Dominance),[],[]
rush_hour,Max-Pressure (tuned),max_pressure,112,3,105.61,200.0,388.0,101.6,1016,283.11,539.0,36.423,84.136,78,15.53,1.2,Oversaturated (Arterial Dominance),[],[]
rush_hour,Max-Pressure (tuned),max_pressure,113,3,110.86,214.0,324.0,104.4,1044,299.04,545.0,39.097,90.314,86,18.56,1.2,Oversaturated (Arterial Dominance),[],[]
rush_hour,Max-Pressure (tuned),max_pressure,114,3,118.95,234.05,379.0,103.1,1031,332.0,589.0,42.823,98.922,75,16.98,1.2,Oversaturated (Arterial Dominance),[],[]
rush_hour,Max-Pressure (tuned),max_pressure,115,3,109.04,223.0,346.0,103.0,1030,294.88,551.0,38.213,88.272,86,18.92,1.2,Oversaturated (Arterial Dominance),[],[]
rush_hour,Max-Pressure (tuned),max_pressure,116,3,104.44,203.0,266.0,105.5,1055,285.19,546.0,37.156,85.831,83,15.87,1.2,Oversaturated (Arterial Dominance),[],[]
rush_hour,Max-Pressure (tuned),max_pressure,117,3,118.93,221.7,323.0,102.7,1027,324.72,582.0,42.472,98.109,78,17.54,1.2,Oversaturated (Arterial Dominance),[],[]
rush_hour,Max-Pressure (tuned),max_pressure,119,3,116.34,264.0,417.0,102.2,1022,325.29,598.0,41.884,96.751,87,16.69,1.2,Oversaturated (Arterial Dominance),[],[]
rush_hour,Max-Pressure (tuned),max_pressure,118,3,114.22,227.85,421.0,102.5,1025,320.1,619.0,41.728,96.391,77,16.26,1.2,Oversaturated (Arterial Dominance),[],[]
rush_hour,Hybrid (uncoupled),hybrid_bf,101,3,110.46,240.0,367.0,99.5,995,296.97,568.0,38.368,88.63,102,12.25,1.2,Oversaturated (Arterial Dominance),[],[]
rush_hour,Hybrid (uncoupled),hybrid_bf,100,3,113.92,240.0,358.0,103.1,1031,310.75,587.0,40.96,94.617,106,11.94,1.2,Oversaturated (Arterial Dominance),[],[]
rush_hour,Hybrid (uncoupled),hybrid_bf,102,3,112.79,261.0,352.0,98.1,981,310.1,610.0,39.879,92.12,100,11.01,1.2,Oversaturated (Arterial Dominance),[],[]
rush_hour,Hybrid (uncoupled),hybrid_bf,103,3,117.41,265.0,398.0,99.2,992,317.03,596.0,41.432,95.708,109,7.99,1.2,Oversaturated (Arterial Dominance),[],[]
rush_hour,Hybrid (uncoupled),hybrid_bf,104,3,111.24,232.0,347.0,100.4,1004,305.54,611.0,39.922,92.22,113,11.22,1.2,Oversaturated (Arterial Dominance),[],[]
rush_hour,Hybrid (uncoupled),hybrid_bf,106,3,99.97,208.0,368.0,101.5,1015,266.34,524.0,34.168,78.929,109,8.05,1.2,Oversaturated (Arterial Dominance),[],[]
rush_hour,Hybrid (uncoupled),hybrid_bf,105,3,114.45,247.35,416.0,99.5,995,310.57,579.0,40.031,92.472,100,9.34,1.2,Oversaturated (Arterial Dominance),[],[]
rush_hour,Hybrid (uncoupled),hybrid_bf,107,3,114.8,247.0,357.0,102.8,1028,319.86,589.0,41.1,94.94,109,8.37,1.2,Oversaturated (Arterial Dominance),[],[]
rush_hour,Hybrid (uncoupled),hybrid_bf,108,3,110.41,248.65,346.0,102.7,1027,297.97,521.0,37.982,87.738,103,8.81,1.2,Oversaturated (Arterial Dominance),[],[]
rush_hour,Hybrid (uncoupled),hybrid_bf,109,3,123.31,284.05,418.0,99.0,990,348.41,654.0,44.941,103.813,101,11.64,1.2,Oversaturated (Arterial Dominance),[],[]
rush_hour,Hybrid (uncoupled),hybrid_bf,110,3,105.26,224.0,338.0,104.6,1046,282.3,520.0,36.629,84.614,112,9.63,1.2,Oversaturated (Arterial Dominance),[],[]
rush_hour,Hybrid (uncoupled),hybrid_bf,113,3,112.66,258.3,332.0,102.0,1020,304.37,552.0,39.255,90.68,114,11.6,1.2,Oversaturated (Arterial Dominance),[],[]
rush_hour,Hybrid (uncoupled),hybrid_bf,111,3,109.62,241.65,344.0,101.4,1014,297.89,574.0,38.684,89.36,109,8.71,1.2,Oversaturated (Arterial Dominance),[],[]
rush_hour,Hybrid (uncoupled),hybrid_bf,112,3,105.44,211.45,353.0,101.6,1016,282.56,540.0,36.366,84.006,104,10.76,1.2,Oversaturated (Arterial Dominance),[],[]
rush_hour,Hybrid (uncoupled),hybrid_bf,114,3,124.63,265.0,404.0,99.0,990,347.54,629.0,44.81,103.511,100,7.95,1.2,Oversaturated (Arterial Dominance),[],[]
rush_hour,Hybrid (uncoupled),hybrid_bf,116,3,106.47,221.0,322.0,103.5,1035,291.16,570.0,37.95,87.666,107,10.36,1.2,Oversaturated (Arterial Dominance),[],[]
rush_hour,Hybrid (uncoupled),hybrid_bf,117,3,123.79,274.15,372.0,97.1,971,338.59,634.0,43.96,101.547,98,11.27,1.2,Oversaturated (Arterial Dominance),[],[]
rush_hour,Hybrid (uncoupled),hybrid_bf,118,3,116.76,249.1,385.0,99.6,996,331.75,634.0,42.292,97.695,103,10.68,1.2,Oversaturated (Arterial Dominance),[],[]
rush_hour,Hybrid (uncoupled),hybrid_bf,115,3,110.21,241.0,354.0,102.1,1021,298.4,554.0,38.499,88.933,104,11.38,1.2,Oversaturated (Arterial Dominance),[],[]
rush_hour,Hybrid (uncoupled),hybrid_bf,119,3,120.99,263.3,380.0,98.2,982,337.05,646.0,43.771,101.11,117,9.14,1.2,Oversaturated (Arterial Dominance),[],[]
rush_hour,Hybrid Controller (Brute-Force),hybrid_bf,100,3,99.95,223.0,319.0,110.4,1104,278.71,507.0,35.606,82.249,108,11.63,1.2,Oversaturated (Arterial Dominance),[],[]
rush_hour,Hybrid Controller (Brute-Force),hybrid_bf,101,3,99.52,236.9,321.0,107.6,1076,268.84,490.0,34.567,79.85,104,10.93,1.2,Oversaturated (Arterial Dominance),[],[]
rush_hour,Hybrid Controller (Brute-Force),hybrid_bf,102,3,105.08,256.5,344.0,106.6,1066,287.38,525.0,37.153,85.823,98,10.59,1.2,Oversaturated (Arterial Dominance),[],[]
rush_hour,Hybrid Controller (Brute-Force),hybrid_bf,104,3,103.32,230.0,322.0,106.7,1067,283.12,531.0,36.622,84.596,112,8.94,1.2,Oversaturated (Arterial Dominance),[],[]
rush_hour,Hybrid Controller (Brute-Force),hybrid_bf,103,3,105.11,243.65,317.0,106.5,1065,283.31,511.0,36.626,84.606,118,9.81,1.2,Oversaturated (Arterial Dominance),[],[]
rush_hour,Hybrid Controller (Brute-Force),hybrid_bf,105,3,102.05,245.35,322.0,108.1,1081,276.2,507.0,35.695,82.456,110,8.34,1.2,Oversaturated (Arterial Dominance),[],[]
rush_hour,Hybrid Controller (Brute-Force),hybrid_bf,106,3,98.53,229.0,347.0,105.8,1058,264.81,496.0,33.894,78.296,110,9.54,1.2,Oversaturated (Arterial Dominance),[],[]
rush_hour,Hybrid Controller (Brute-Force),hybrid_bf,107,3,104.77,224.0,287.0,108.9,1089,291.11,524.0,37.506,86.64,114,9.9,1.2,Oversaturated (Arterial Dominance),[],[]
rush_hour,Hybrid Controller (Brute-Force),hybrid_bf,108,3,103.96,254.65,332.0,106.6,1066,276.15,482.0,35.763,82.613,98,10.92,1.2,Oversaturated (Arterial Dominance),[],[]
rush_hour,Hybrid Controller (Brute-Force),hybrid_bf,109,3,115.62,271.55,355.0,105.8,1058,323.51,581.0,41.879,96.741,104,12.23,1.2,Oversaturated (Arterial Dominance),[],[]
rush_hour,Hybrid Controller (Brute-Force),hybrid_bf,110,3,99.61,228.0,335.0,106.3,1063,266.07,493.0,34.443,79.564,110,10.52,1.2,Oversaturated (Arterial Dominance),[],[]
rush_hour,Hybrid Controller (Brute-Force),hybrid_bf,111,3,100.87,223.0,295.0,107.8,1078,273.53,500.0,35.37,81.705,110,10.3,1.2,Oversaturated (Arterial Dominance),[],[]
rush_hour,Hybrid Controller (Brute-Force),hybrid_bf,113,3,103.06,235.15,312.0,108.3,1083,282.98,505.0,36.14,83.482,116,10.42,1.2,Oversaturated (Arterial Dominance),[],[]
rush_hour,Hybrid Controller (Brute-Force),hybrid_bf,116,3,103.39,228.1,313.0,107.4,1074,287.14,532.0,36.738,84.864,106,12.2,1.2,Oversaturated (Arterial Dominance),[],[]
rush_hour,Hybrid Controller (Brute-Force),hybrid_bf,112,3,98.43,233.45,327.0,106.6,1066,263.09,502.0,33.948,78.419,108,10.49,1.2,Oversaturated (Arterial Dominance),[],[]
rush_hour,Hybrid Controller (Brute-Force),hybrid_bf,115,3,106.3,235.0,334.0,105.1,1051,286.03,516.0,37.017,85.509,104,9.77,1.2,Oversaturated (Arterial Dominance),[],[]
rush_hour,Hybrid Controller (Brute-Force),hybrid_bf,117,3,106.99,242.0,304.0,108.1,1081,296.49,530.0,37.995,87.768,106,9.84,1.2,Oversaturated (Arterial Dominance),[],[]
surge_accident,Fixed-Timing Baseline,fixed,100,3,123.42,314.25,366.0,110.1,1101,386.86,675.0,48.709,112.517,114,6.96,1.3,Oversaturated + Bottleneck Incident,[],[]
rush_hour,Hybrid Controller (Brute-Force),hybrid_bf,118,3,102.97,234.0,359.0,109.3,1093,293.62,550.0,37.528,86.691,104,11.69,1.2,Oversaturated (Arterial Dominance),[],[]
rush_hour,Hybrid Controller (Brute-Force),hybrid_bf,114,3,114.06,254.0,346.0,106.3,1063,316.93,557.0,41.01,94.733,106,9.14,1.2,Oversaturated (Arterial Dominance),[],[]
rush_hour,Hybrid Controller (Brute-Force),hybrid_bf,119,3,116.32,254.0,362.0,105.2,1052,323.1,566.0,41.824,96.614,114,9.88,1.2,Oversaturated (Arterial Dominance),[],[]
surge_accident,Fixed-Timing Baseline,fixed,101,3,119.56,309.0,350.0,107.4,1074,368.06,667.0,46.258,106.855,114,7.64,1.3,Oversaturated + Bottleneck Incident,[],[]
surge_accident,Fixed-Timing Baseline,fixed,102,3,122.95,314.0,354.0,105.3,1053,378.97,694.0,47.734,110.265,114,7.57,1.3,Oversaturated + Bottleneck Incident,[],[]
surge_accident,Fixed-Timing Baseline,fixed,103,3,117.63,298.0,340.0,109.8,1098,362.59,647.0,45.614,105.367,114,9.16,1.3,Oversaturated + Bottleneck Incident,[],[]
surge_accident,Fixed-Timing Baseline,fixed,105,3,120.75,309.85,364.0,108.3,1083,371.84,674.0,46.798,108.102,114,6.27,1.3,Oversaturated + Bottleneck Incident,[],[]
surge_accident,Fixed-Timing Baseline,fixed,106,3,119.3,294.0,339.0,106.4,1064,360.9,651.0,45.467,105.029,114,7.74,1.3,Oversaturated + Bottleneck Incident,[],[]
surge_accident,Fixed-Timing Baseline,fixed,107,3,122.3,308.0,355.0,109.7,1097,382.3,679.0,48.134,111.189,114,6.27,1.3,Oversaturated + Bottleneck Incident,[],[]
surge_accident,Fixed-Timing Baseline,fixed,104,3,117.49,310.2,364.0,109.8,1098,369.32,679.0,46.395,107.172,114,7.61,1.3,Oversaturated + Bottleneck Incident,[],[]
surge_accident,Fixed-Timing Baseline,fixed,111,3,120.5,303.95,352.0,108.3,1083,370.87,663.0,46.647,107.754,114,8.49,1.3,Oversaturated + Bottleneck Incident,[],[]
surge_accident,Fixed-Timing Baseline,fixed,110,3,118.27,306.0,378.0,109.1,1091,362.87,645.0,45.625,105.395,114,7.82,1.3,Oversaturated + Bottleneck Incident,[],[]
surge_accident,Fixed-Timing Baseline,fixed,108,3,125.17,310.0,352.0,106.3,1063,379.93,670.0,47.871,110.581,114,7.47,1.3,Oversaturated + Bottleneck Incident,[],[]
surge_accident,Fixed-Timing Baseline,fixed,112,3,120.72,310.0,344.0,107.8,1078,369.54,661.0,46.49,107.391,114,7.58,1.3,Oversaturated + Bottleneck Incident,[],[]
surge_accident,Fixed-Timing Baseline,fixed,114,3,126.73,317.2,366.0,109.1,1091,397.12,689.0,50.046,115.606,114,6.95,1.3,Oversaturated + Bottleneck Incident,[],[]
surge_accident,Fixed-Timing Baseline,fixed,113,3,121.23,300.0,368.0,111.4,1114,378.32,656.0,47.682,110.146,114,7.66,1.3,Oversaturated + Bottleneck Incident,[],[]
surge_accident,Fixed-Timing Baseline,fixed,109,3,125.23,315.0,389.0,111.7,1117,399.24,701.0,50.315,116.228,114,7.69,1.3,Oversaturated + Bottleneck Incident,[],[]
surge_accident,Fixed-Timing Baseline,fixed,116,3,120.33,309.0,365.0,108.5,1085,374.77,680.0,47.196,109.024,114,9.31,1.3,Oversaturated + Bottleneck Incident,[],[]
surge_accident,Fixed-Timing Baseline,fixed,118,3,122.7,314.0,354.0,109.2,1092,391.66,718.0,49.352,114.004,114,7.55,1.3,Oversaturated + Bottleneck Incident,[],[]
surge_accident,Fixed (tuned),fixed,100,3,113.06,242.0,298.0,117.7,1177,350.99,599.0,44.622,103.076,78,11.28,1.3,Oversaturated + Bottleneck Incident,[],[]
surge_accident,Fixed-Timing Baseline,fixed,119,3,122.39,310.0,382.0,111.5,1115,389.57,693.0,49.174,113.593,114,7.24,1.3,Oversaturated + Bottleneck Incident,[],[]
surge_accident,Fixed (tuned),fixed,101,3,106.59,236.0,288.0,116.6,1166,325.43,575.0,41.238,95.259,78,13.24,1.3,Oversaturated + Bottleneck Incident,[],[]
surge_accident,Fixed (tuned),fixed,102,3,109.62,244.4,288.0,115.4,1154,335.43,593.0,42.557,98.307,78,10.85,1.3,Oversaturated + Bottleneck Incident,[],[]
surge_accident,Fixed (tuned),fixed,103,3,110.2,219.8,271.0,116.1,1161,335.36,584.0,42.733,98.714,78,12.65,1.3,Oversaturated + Bottleneck Incident,[],[]
surge_accident,Fixed-Timing Baseline,fixed,115,3,125.11,309.05,342.0,109.2,1092,392.6,688.0,49.488,114.316,114,8.02,1.3,Oversaturated + Bottleneck Incident,[],[]
surge_accident,Fixed-Timing Baseline,fixed,117,3,124.7,321.0,373.0,110.2,1102,394.03,687.0,49.577,114.523,114,8.05,1.3,Oversaturated + Bottleneck Incident,[],[]
surge_accident,Fixed (tuned),fixed,105,3,110.78,234.0,303.0,116.4,1164,337.86,588.0,42.934,99.178,78,11.03,1.3,Oversaturated + Bottleneck Incident,[],[]
surge_accident,Fixed (tuned),fixed,106,3,106.72,218.0,274.0,115.7,1157,319.21,558.0,40.671,93.951,78,11.63,1.3,Oversaturated + Bottleneck Incident,[],[]
surge_accident,Fixed (tuned),fixed,107,3,111.69,235.0,295.0,116.9,1169,346.0,603.0,43.956,101.539,78,10.7,1.3,Oversaturated + Bottleneck Incident,[],[]
surge_accident,Fixed (tuned),fixed,109,3,118.05,242.0,324.0,117.5,1175,372.49,637.0,47.429,109.561,78,12.56,1.3,Oversaturated + Bottleneck Incident,[],[]
surge_accident,Fixed (tuned),fixed,108,3,112.79,240.0,294.0,115.2,1152,339.54,575.0,43.136,99.644,78,12.9,1.3,Oversaturated + Bottleneck Incident,[],[]
surge_accident,Fixed (tuned),fixed,110,3,106.1,238.25,301.0,117.5,1175,322.46,561.0,40.93,94.548,78,12.81,1.3,Oversaturated + Bottleneck Incident,[],[]
surge_accident,Fixed (tuned),fixed,111,3,109.4,229.0,288.0,116.5,1165,333.53,578.0,42.349,97.826,78,11.83,1.3,Oversaturated + Bottleneck Incident,[],[]
surge_accident,Fixed (tuned),fixed,104,3,107.62,228.0,299.0,117.5,1175,334.56,602.0,42.498,98.17,78,14.04,1.3,Oversaturated + Bottleneck Incident,[],[]
surge_accident,Fixed (tuned),fixed,113,3,111.67,231.0,298.0,118.5,1185,344.75,585.0,43.924,101.464,78,12.58,1.3,Oversaturated + Bottleneck Incident,[],[]
surge_accident,Fixed (tuned),fixed,112,3,109.55,233.4,275.0,116.2,1162,332.31,573.0,42.188,97.455,78,11.46,1.3,Oversaturated + Bottleneck Incident,[],[]
surge_accident,Fixed (tuned),fixed,114,3,117.19,241.2,310.0,117.4,1174,364.05,603.0,46.276,106.898,78,11.28,1.3,Oversaturated + Bottleneck Incident,[],[]
surge_accident,Fixed (tuned),fixed,115,3,115.89,233.0,289.0,116.3,1163,359.94,617.0,45.841,105.893,78,11.51,1.3,Oversaturated + Bottleneck Incident,[],[]
surge_accident,Fixed (tuned),fixed,116,3,109.26,228.0,294.0,116.7,1167,336.97,598.0,42.852,98.989,78,11.31,1.3,Oversaturated + Bottleneck Incident,[],[]
surge_accident,Fixed (tuned),fixed,117,3,115.3,247.0,306.0,117.8,1178,360.38,611.0,45.838,105.885,78,10.54,1.3,Oversaturated + Bottleneck Incident,[],[]
surge_accident,Fixed (tuned),fixed,118,3,112.41,241.0,292.0,117.5,1175,355.65,635.0,45.213,104.442,78,11.53,1.3,Oversaturated + Bottleneck Incident,[],[]
surge_accident,Fixed (tuned),fixed,119,3,115.81,244.0,324.0,117.4,1174,364.52,634.0,46.531,107.487,78,10.86,1.3,Oversaturated + Bottleneck Incident,[],[]
surge_accident,Rule-Based (tuned),rule_based,100,3,156.74,374.25,567.0,83.8,838,477.06,958.0,62.556,144.504,75,39.55,1.3,Oversaturated + Bottleneck Incident,[],[]
surge_accident,Rule-Based (tuned),rule_based,101,3,141.2,325.0,482.0,89.8,898,422.11,859.0,55.13,127.351,79,24.0,1.3,Oversaturated + Bottleneck Incident,[],[]
surge_accident,Rule-Based (tuned),rule_based,103,3,143.41,340.8,454.0,88.9,889,432.06,856.0,55.609,128.458,94,13.56,1.3,Oversaturated + Bottleneck Incident,[],[]
surge_accident,Rule-Based (tuned),rule_based,105,3,147.66,355.15,464.0,89.5,895,442.17,863.0,57.685,133.252,80,28.86,1.3,Oversaturated + Bottleneck Incident,[],[]
surge_accident,Rule-Based (tuned),rule_based,102,3,150.26,383.0,551.0,82.2,822,450.98,941.0,58.867,135.983,67,46.05,1.3,Oversaturated + Bottleneck Incident,[],[]
surge_accident,Rule-Based (tuned),rule_based,106,3,140.25,335.0,535.0,89.6,896,410.99,846.0,54.294,125.419,92,27.54,1.3,Oversaturated + Bottleneck Incident,[],[]
surge_accident,Rule-Based (tuned),rule_based,104,3,149.13,361.3,510.0,87.3,873,451.2,935.0,59.917,138.409,78,32.21,1.3,Oversaturated + Bottleneck Incident,[],[]
surge_accident,Rule-Based (tuned),rule_based,108,3,143.99,330.5,421.0,94.5,945,426.18,786.0,55.386,127.943,87,16.54,1.3,Oversaturated + Bottleneck Incident,[],[]
surge_accident,Rule-Based (tuned),rule_based,107,3,147.78,319.0,428.0,92.7,927,449.84,859.0,58.652,135.485,85,16.17,1.3,Oversaturated + Bottleneck Incident,[],[]
surge_accident,Rule-Based (tuned),rule_based,110,3,141.5,350.6,475.0,87.5,875,423.88,870.0,54.872,126.754,80,26.78,1.3,Oversaturated + Bottleneck Incident,[],[]
surge_accident,Rule-Based (tuned),rule_based,109,3,153.67,373.9,525.0,89.1,891,476.99,932.0,62.255,143.809,77,25.36,1.3,Oversaturated + Bottleneck Incident,[],[]
surge_accident,Rule-Based (tuned),rule_based,111,3,146.95,355.4,505.0,85.6,856,439.94,901.0,57.376,132.538,83,39.77,1.3,Oversaturated + Bottleneck Incident,[],[]
surge_accident,Rule-Based (tuned),rule_based,112,3,144.95,351.0,470.0,88.2,882,430.16,872.0,56.499,130.512,76,30.34,1.3,Oversaturated + Bottleneck Incident,[],[]
surge_accident,Rule-Based (tuned),rule_based,115,3,139.39,293.0,416.0,96.2,962,425.06,842.0,55.882,129.086,90,18.71,1.3,Oversaturated + Bottleneck Incident,[],[]
surge_accident,Rule-Based (tuned),rule_based,113,3,150.93,339.65,463.0,89.6,896,458.8,895.0,59.97,138.531,92,21.16,1.3,Oversaturated + Bottleneck Incident,[],[]
surge_accident,Rule-Based (tuned),rule_based,114,3,163.69,384.45,535.0,82.7,827,499.63,965.0,65.183,150.574,69,44.52,1.3,Oversaturated + Bottleneck Incident,[],[]
surge_accident,Rule-Based (tuned),rule_based,118,3,149.28,350.0,512.0,90.3,903,461.76,927.0,60.708,140.236,73,21.28,1.3,Oversaturated + Bottleneck Incident,[],[]
surge_accident,Rule-Based (tuned),rule_based,116,3,139.23,306.0,477.0,94.5,945,420.59,845.0,55.384,127.936,81,28.96,1.3,Oversaturated + Bottleneck Incident,[],[]
surge_accident,Rule-Based (tuned),rule_based,117,3,153.98,363.05,532.0,86.7,867,473.78,933.0,61.594,142.282,83,21.4,1.3,Oversaturated + Bottleneck Incident,[],[]
surge_accident,Rule-Based (tuned),rule_based,119,3,160.89,379.6,582.0,85.4,854,497.68,975.0,65.394,151.06,84,32.0,1.3,Oversaturated + Bottleneck Incident,[],[]
surge_accident,Max-Pressure (tuned),max_pressure,101,3,134.33,280.0,428.0,93.0,930,401.79,826.0,52.417,121.084,111,18.37,1.3,Oversaturated + Bottleneck Incident,[],[]
surge_accident,Max-Pressure (tuned),max_pressure,100,3,145.26,308.5,458.0,91.7,917,442.07,874.0,57.812,133.546,101,21.59,1.3,Oversaturated + Bottleneck Incident,[],[]
surge_accident,Max-Pressure (tuned),max_pressure,103,3,134.37,291.0,402.0,95.9,959,402.86,801.0,52.552,121.396,121,8.01,1.3,Oversaturated + Bottleneck Incident,[],[]
surge_accident,Max-Pressure (tuned),max_pressure,104,3,138.64,306.0,458.0,91.7,917,423.82,875.0,55.209,127.533,107,19.2,1.3,Oversaturated + Bottleneck Incident,[],[]
surge_accident,Max-Pressure (tuned),max_pressure,102,3,140.51,306.7,505.0,87.6,876,424.23,871.0,54.551,126.013,98,27.71,1.3,Oversaturated + Bottleneck Incident,[],[]
surge_accident,Max-Pressure (tuned),max_pressure,105,3,136.56,285.0,383.0,94.6,946,408.56,813.0,53.38,123.309,117,8.87,1.3,Oversaturated + Bottleneck Incident,[],[]
surge_accident,Max-Pressure (tuned),max_pressure,108,3,140.15,295.25,396.0,97.7,977,413.95,759.0,54.068,124.898,112,9.42,1.3,Oversaturated + Bottleneck Incident,[],[]
surge_accident,Max-Pressure (tuned),max_pressure,106,3,132.55,284.05,381.0,95.7,957,392.1,766.0,50.663,117.032,110,14.12,1.3,Oversaturated + Bottleneck Incident,[],[]
surge_accident,Max-Pressure (tuned),max_pressure,109,3,149.27,333.0,474.0,90.9,909,466.0,899.0,59.973,138.537,100,15.37,1.3,Oversaturated + Bottleneck Incident,[],[]
surge_accident,Max-Pressure (tuned),max_pressure,107,3,139.26,285.0,393.0,96.2,962,426.87,809.0,54.807,126.604,117,11.31,1.3,Oversaturated + Bottleneck Incident,[],[]
surge_accident,Max-Pressure (tuned),max_pressure,110,3,136.88,300.0,410.0,90.8,908,408.35,843.0,53.261,123.033,109,16.82,1.3,Oversaturated + Bottleneck Incident,[],[]
surge_accident,Max-Pressure (tuned),max_pressure,112,3,142.72,312.4,453.0,87.9,879,427.52,857.0,54.962,126.963,98,15.96,1.3,Oversaturated + Bottleneck Incident,[],[]
surge_accident,Max-Pressure (tuned),max_pressure,113,3,144.36,302.0,408.0,93.1,931,438.0,854.0,57.263,132.278,111,14.86,1.3,Oversaturated + Bottleneck Incident,[],[]
surge_accident,Max-Pressure (tuned),max_pressure,111,3,145.85,313.45,464.0,90.0,900,433.03,872.0,57.434,132.673,98,19.11,1.3,Oversaturated + Bottleneck Incident,[],[]
surge_accident,Max-Pressure (tuned),max_pressure,115,3,140.54,278.0,396.0,98.3,983,429.86,811.0,55.902,129.133,120,9.65,1.3,Oversaturated + Bottleneck Incident,[],[]
surge_accident,Max-Pressure (tuned),max_pressure,114,3,148.39,315.45,428.0,90.6,906,453.6,886.0,59.093,136.505,103,18.01,1.3,Oversaturated + Bottleneck Incident,[],[]
surge_accident,Max-Pressure (tuned),max_pressure,116,3,136.26,277.55,421.0,96.3,963,415.61,809.0,53.596,123.806,107,13.46,1.3,Oversaturated + Bottleneck Incident,[],[]
surge_accident,Max-Pressure (tuned),max_pressure,117,3,147.46,304.0,443.0,90.5,905,455.64,886.0,58.622,135.417,104,12.66,1.3,Oversaturated + Bottleneck Incident,[],[]
surge_accident,Max-Pressure (tuned),max_pressure,118,3,142.96,297.0,455.0,93.8,938,443.07,887.0,57.979,133.931,105,15.49,1.3,Oversaturated + Bottleneck Incident,[],[]
surge_accident,Max-Pressure (tuned),max_pressure,119,3,150.41,331.9,492.0,91.2,912,465.29,911.0,60.934,140.757,107,18.55,1.3,Oversaturated + Bottleneck Incident,[],[]
surge_accident,Hybrid (uncoupled),hybrid_bf,100,3,157.24,374.0,535.0,81.0,810,479.7,980.0,62.546,144.481,138,9.44,1.3,Oversaturated + Bottleneck Incident,[],[]
surge_accident,Hybrid (uncoupled),hybrid_bf,101,3,152.39,362.0,501.0,81.8,818,454.54,948.0,59.805,138.15,137,8.53,1.3,Oversaturated + Bottleneck Incident,[],[]
surge_accident,Hybrid (uncoupled),hybrid_bf,103,3,153.6,371.0,491.0,80.9,809,458.96,959.0,60.349,139.405,144,6.79,1.3,Oversaturated + Bottleneck Incident,[],[]
surge_accident,Hybrid (uncoupled),hybrid_bf,102,3,163.35,381.0,523.0,74.2,742,489.1,1027.0,64.213,148.333,139,11.01,1.3,Oversaturated + Bottleneck Incident,[],[]
surge_accident,Hybrid (uncoupled),hybrid_bf,107,3,148.34,330.0,441.0,86.8,868,450.37,927.0,59.137,136.607,148,5.68,1.3,Oversaturated + Bottleneck Incident,[],[]
surge_accident,Hybrid (uncoupled),hybrid_bf,106,3,147.24,350.1,507.0,84.8,848,431.11,892.0,56.933,131.514,155,7.06,1.3,Oversaturated + Bottleneck Incident,[],[]
surge_accident,Hybrid (uncoupled),hybrid_bf,105,3,149.53,355.0,511.0,84.5,845,447.26,919.0,58.616,135.403,137,6.17,1.3,Oversaturated + Bottleneck Incident,[],[]
surge_accident,Hybrid (uncoupled),hybrid_bf,108,3,155.43,374.1,483.0,84.1,841,458.29,907.0,60.341,139.388,143,9.13,1.3,Oversaturated + Bottleneck Incident,[],[]
surge_accident,Hybrid (uncoupled),hybrid_bf,109,3,160.85,380.8,536.0,83.1,831,498.1,1002.0,65.522,151.355,141,9.49,1.3,Oversaturated + Bottleneck Incident,[],[]
surge_accident,Hybrid (uncoupled),hybrid_bf,104,3,154.78,366.0,516.0,79.9,799,471.88,1001.0,61.911,143.015,136,11.46,1.3,Oversaturated + Bottleneck Incident,[],[]
surge_accident,Hybrid (uncoupled),hybrid_bf,111,3,151.46,350.0,468.0,84.4,844,449.88,929.0,59.675,137.848,154,8.79,1.3,Oversaturated + Bottleneck Incident,[],[]
surge_accident,Hybrid (uncoupled),hybrid_bf,113,3,159.6,356.5,484.0,82.2,822,484.19,969.0,63.52,146.731,159,7.78,1.3,Oversaturated + Bottleneck Incident,[],[]
surge_accident,Hybrid (uncoupled),hybrid_bf,112,3,149.68,360.5,493.0,83.5,835,444.63,916.0,58.244,134.543,138,7.61,1.3,Oversaturated + Bottleneck Incident,[],[]
surge_accident,Hybrid (uncoupled),hybrid_bf,116,3,141.79,317.0,482.0,89.6,896,428.93,889.0,56.242,129.919,146,7.68,1.3,Oversaturated + Bottleneck Incident,[],[]
surge_accident,Hybrid (uncoupled),hybrid_bf,114,3,162.84,383.15,532.0,79.6,796,496.08,1002.0,65.062,150.293,139,8.76,1.3,Oversaturated + Bottleneck Incident,[],[]
surge_accident,Hybrid (uncoupled),hybrid_bf,110,3,147.63,357.0,469.0,83.7,837,439.39,920.0,57.641,133.151,149,9.33,1.3,Oversaturated + Bottleneck Incident,[],[]
surge_accident,Hybrid (uncoupled),hybrid_bf,115,3,151.86,341.15,464.0,85.6,856,463.04,942.0,60.675,140.159,144,6.3,1.3,Oversaturated + Bottleneck Incident,[],[]
surge_accident,Hybrid (uncoupled),hybrid_bf,117,3,163.09,379.2,532.0,81.6,816,497.02,1003.0,65.854,152.122,144,8.16,1.3,Oversaturated + Bottleneck Incident,[],[]
surge_accident,Hybrid (uncoupled),hybrid_bf,118,3,154.73,370.8,515.0,83.5,835,479.06,998.0,63.029,145.596,144,8.41,1.3,Oversaturated + Bottleneck Incident,[],[]
surge_accident,Hybrid (uncoupled),hybrid_bf,119,3,158.7,370.25,555.0,85.1,851,489.47,985.0,64.75,149.571,144,6.98,1.3,Oversaturated + Bottleneck Incident,[],[]
surge_accident,Hybrid Controller (Brute-Force),hybrid_bf,100,3,127.26,261.0,329.0,105.4,1054,388.89,732.0,50.509,116.675,192,7.42,1.3,Oversaturated + Bottleneck Incident,[],[]
surge_accident,Hybrid Controller (Brute-Force),hybrid_bf,101,3,125.24,255.0,320.0,105.2,1052,375.2,706.0,48.929,113.026,194,6.82,1.3,Oversaturated + Bottleneck Incident,[],[]
surge_accident,Hybrid Controller (Brute-Force),hybrid_bf,102,3,124.56,274.0,355.0,105.1,1051,373.7,696.0,48.356,111.702,166,8.25,1.3,Oversaturated + Bottleneck Incident,[],[]
surge_accident,Hybrid Controller (Brute-Force),hybrid_bf,104,3,126.11,254.0,311.0,105.0,1050,384.5,742.0,50.22,116.008,198,5.71,1.3,Oversaturated + Bottleneck Incident,[],[]
surge_accident,Hybrid Controller (Brute-Force),hybrid_bf,103,3,123.83,257.0,320.0,105.4,1054,373.25,705.0,48.405,111.815,200,5.13,1.3,Oversaturated + Bottleneck Incident,[],[]
surge_accident,Hybrid Controller (Brute-Force),hybrid_bf,106,3,123.92,258.0,351.0,102.9,1029,367.22,700.0,47.614,109.987,202,4.96,1.3,Oversaturated + Bottleneck Incident,[],[]
surge_accident,Hybrid Controller (Brute-Force),hybrid_bf,105,3,128.3,268.0,334.0,104.6,1046,386.41,712.0,50.122,115.781,184,6.13,1.3,Oversaturated + Bottleneck Incident,[],[]
surge_accident,Hybrid Controller (Brute-Force),hybrid_bf,108,3,133.06,284.0,348.0,102.6,1026,393.46,695.0,50.889,117.554,186,5.99,1.3,Oversaturated + Bottleneck Incident,[],[]
surge_accident,Hybrid Controller (Brute-Force),hybrid_bf,107,3,125.61,258.0,328.0,106.6,1066,382.5,715.0,49.712,114.836,192,4.86,1.3,Oversaturated + Bottleneck Incident,[],[]
surge_accident,Hybrid Controller (Brute-Force),hybrid_bf,109,3,136.23,285.0,353.0,104.5,1045,423.52,773.0,55.038,127.138,192,6.44,1.3,Oversaturated + Bottleneck Incident,[],[]
surge_accident,Hybrid Controller (Brute-Force),hybrid_bf,110,3,119.46,247.0,311.0,106.3,1063,358.44,688.0,46.455,107.311,194,5.61,1.3,Oversaturated + Bottleneck Incident,[],[]
surge_accident,Hybrid Controller (Brute-Force),hybrid_bf,111,3,126.0,259.45,360.0,104.4,1044,377.48,708.0,49.056,113.319,198,5.53,1.3,Oversaturated + Bottleneck Incident,[],[]
surge_accident,Hybrid Controller (Brute-Force),hybrid_bf,112,3,126.42,263.7,344.0,103.1,1031,378.98,720.0,49.08,113.375,182,5.64,1.3,Oversaturated + Bottleneck Incident,[],[]
surge_accident,Hybrid Controller (Brute-Force),hybrid_bf,113,3,131.81,274.55,323.0,104.5,1045,400.99,731.0,51.846,119.764,206,5.24,1.3,Oversaturated + Bottleneck Incident,[],[]
surge_accident,Hybrid Controller (Brute-Force),hybrid_bf,116,3,125.38,259.6,320.0,105.0,1050,380.69,725.0,49.454,114.24,204,6.19,1.3,Oversaturated + Bottleneck Incident,[],[]
surge_accident,Hybrid Controller (Brute-Force),hybrid_bf,114,3,136.23,288.0,355.0,103.6,1036,415.94,748.0,53.795,124.267,182,6.52,1.3,Oversaturated + Bottleneck Incident,[],[]
surge_accident,Hybrid Controller (Brute-Force),hybrid_bf,115,3,133.38,272.0,343.0,102.6,1026,408.32,764.0,53.057,122.561,202,6.13,1.3,Oversaturated + Bottleneck Incident,[],[]
surge_accident,Hybrid Controller (Brute-Force),hybrid_bf,117,3,132.95,258.0,314.0,105.2,1052,409.71,759.0,53.505,123.596,192,6.54,1.3,Oversaturated + Bottleneck Incident,[],[]
surge_accident,Hybrid Controller (Brute-Force),hybrid_bf,118,3,130.61,284.0,366.0,102.9,1029,406.83,782.0,52.533,121.352,194,5.29,1.3,Oversaturated + Bottleneck Incident,[],[]
surge_accident,Hybrid Controller (Brute-Force),hybrid_bf,119,3,137.95,286.0,363.0,101.4,1014,430.46,808.0,55.854,129.023,200,6.26,1.3,Oversaturated + Bottleneck Incident,[],[]
